Solubility,smiles,Inchi_Key
-6.3777384512,COC(=O)c1cc(N=NC(C(C)=O)C(=O)Nc2ccc3[nH]c(=O)[nH]c3c2)cc(C(=O)OC)c1,IHRACTUONPFMSI-UHFFFAOYSA-N
-2.3,CCOc1ccc(NC(C)=O)cc1,CPJSUEIXXCENMM-UHFFFAOYSA-N
-0.6586987459,CCCCCCOC1O[C@H](CO)[C@@H](O)[C@H](O)[C@H]1O,JVAZJLFFSJARQM-OZRWLHRGSA-N
-6.4939,CCOc1cc(Oc2ccc(C(F)(F)F)cc2Cl)ccc1[N+](=O)[O-],OQMBBFQZGJFLBU-UHFFFAOYSA-N
-0.3879999999999999,Cc1cccc(CO)c1,JJCKHVUTVOPLBV-UHFFFAOYSA-N
0.1,CC(C)(C)OC(N)=O,LFKDJXLFVYVEFG-UHFFFAOYSA-N
-6.3001,Clc1ccccc1-c1c(Cl)ccc(Cl)c1Cl,VHGHHZZTMJLTJX-UHFFFAOYSA-N
-3.8064830067,CC(C)CCCC(C)CC=O,UCSIFMPORANABL-UHFFFAOYSA-N
-2.2334403365,O=C(O)c1cccc2cccc(-c3cccc4cccc(C(=O)O)c34)c12,XGDAODQNSVFBGM-UHFFFAOYSA-N
-0.7353,CNC(=O)O/N=C(/C)C(C)SC,SFNPDDSJBGRXLW-UITAMQMPSA-N
-1.7,CC(C)N(CCC(C(N)=O)(c1ccccc1)c1ccccn1)C(C)C,UVTNFZQICZKOEM-UHFFFAOYSA-N
-4.35,CCC(=C(CC)c1ccc(O)cc1)c1ccc(O)cc1,RGLYKWWBQGJZGM-UHFFFAOYSA-N
-7.8250730454,Cc1cc(C)c(Nc2ccc(Nc3c(C)cc(C)cc3C)c3c2C(=O)c2ccccc2C3=O)c(C)c1,DMDRBXCDTZRMHZ-UHFFFAOYSA-N
-2.4,Nc1c2ccccc2nc2ccc(F)cc12,HOVVFNPKGWZRTE-UHFFFAOYSA-N
-6.51,Clc1ccc(-c2ccc(Cl)cc2Cl)c(Cl)c1,QORAVNMWUNPXAO-UHFFFAOYSA-N
0.2893,NC(=O)C1CCCC(C(N)=O)N1,LOVQGUOGVLKMQT-UHFFFAOYSA-N
-0.5809,NC(=O)NCC(=O)O,KZVRXPPUJQRGFN-UHFFFAOYSA-N
-7.14,Clc1ccc(Oc2cc(Cl)cc(Cl)c2Cl)cc1,YHQRYZGDQCSHFO-UHFFFAOYSA-N
-5.2917,CCOP(=S)(OCC)O/N=C(\C#N)c1ccccc1Cl,GQKRUMZWUHSLJF-NTCAYCPXSA-N
-4.86,CC(=O)c1cccc(Nc2ccccc2C(=O)O)c1,URNBQFPUGNNQRC-UHFFFAOYSA-N
-3.0319,CC1=CC(=O)c2ccccc2C1=O,MJVAVZPDRWSRRC-UHFFFAOYSA-N
-2.8833112394,Nc1ccc2cc(S(=O)(=O)O)cc(O)c2c1,HBZVNWNSRNTWPS-UHFFFAOYSA-N
-0.6537301416,O=S(=O)(O)OOS(=O)(=O)O,USHAGKDGDHPEEY-UHFFFAOYSA-L
-8.3860948559,CCN(CCOc1ccc(C2CCCCC2)cc1)c1ccc(C=C(C#N)C#N)c(C)c1,NQAJBKZEQYYFGK-UHFFFAOYSA-N
-3.853,O=C(/C=C/C=C/c1ccc2c(c1)OCO2)N1CCCCC1,MXXWOMGUGJBKIW-YPCIICBESA-N
-2.09,C=CC=C(C)C=CC=CC,JXQNEJRKTHOCGQ-UHFFFAOYSA-N
-2.29,O=S(=O)(c1cccc(O)c1)c1ccccc1O,AQHJGSVRTSBTKR-UHFFFAOYSA-N
-1.54,O=c1[nH]c(CN2CCCC2)c(Cl)c(=O)[nH]1,UMNZZEWMRNSNIH-UHFFFAOYSA-N
-3.41,O=C(O)C(SCCSC(C(=O)O)c1ccccc1)c1ccccc1,UAFWZTUMPCUHHG-UHFFFAOYSA-N
-3.31,Cn1c(=O)c2c(nc(-c3ccccc3)n2C)n(C)c1=O,MBYIBRUTNFFDFL-UHFFFAOYSA-N
-3.83,CC(C)(C)NC(=O)C1N(C(=O)C(O)C(Cc2ccccc2)NC(=O)COc2ccccc2)CSC1(C)C,GPNZSHBQHQEFRS-UHFFFAOYSA-N
-2.0550171187,CCCCC(CC)COCC(O)CO,NCZPCONIKBICGS-UHFFFAOYSA-N
-0.3838981351,O=C(O)CS,QVCFQEFEMBCIOI-UHFFFAOYSA-M
-0.242535631,O=S(=O)(O)c1cc(O)c2ccc3c(S(=O)(=O)O)cc(S(=O)(=O)O)c4ccc1c2c34,KXXXUIKPSVVSAW-UHFFFAOYSA-K
-2.35,NCCNc1ccc(S(=O)(=O)c2ccc(N)cc2)cc1,MDPYJIRMYGKJHU-UHFFFAOYSA-N
-1.9122,CCc1nc2nc[nH]c(=O)c2nc1CC,WIUUIGUJULBTKD-UHFFFAOYSA-N
-5.1495,C[C@H](CCC(=O)NCC(=O)O)[C@H]1CC[C@H]2[C@@H]3[C@H](O)C[C@@H]4C[C@H](O)CC[C@]4(C)[C@H]3C[C@H](O)[C@]12C,RFDAIACWWDREDC-FRVQLJSFSA-N
-2.7359,CNC(=O)Sc1ccc(OS(C)(=O)=O)cc1,IXJOSTZEBSTPAG-UHFFFAOYSA-N
-1.53,NCc1ccccc1,WGQKYBSKWIADBV-UHFFFAOYSA-N
-6.8235536072,CCCCCCC(O)CCCCCCCCCCC(=O)O,FPLIHVCWSXLMPX-UHFFFAOYSA-M
-2.56,NC(CSCC(N)C(=O)O)C(=O)O,DWPCPZJAHOETAG-UHFFFAOYSA-N
-5.35,CC(=O)OC1(C(C)=O)CCC2C3C=C(C)C4=CC(=O)CCC4(C)C3CCC21C,RQZAXGRLVPAYTJ-UHFFFAOYSA-N
-2.7078,O=C1Cc2c(ccc3ccccc23)O1,KVLORZFYGDNPIQ-UHFFFAOYSA-N
-2.0985,CCOC(=O)c1c[nH]c(=S)[nH]c1=O,FQFSHLBWRUOCPX-UHFFFAOYSA-N
-2.48,Cn1nc(S(N)(=O)=O)sc1=NS(=O)(=O)Cc1ccccc1,CEOILGDNBOGUIQ-UHFFFAOYSA-N
0.1474,C=CC#N,NLHHRLWOUZZQLW-UHFFFAOYSA-N
-4.8285219564,CCC(C)n1ncn(-c2ccc(N3CCN(c4ccc(O)cc4)CC3)cc2)c1=O,FFAQILVGBAELHN-UHFFFAOYSA-N
-0.5256786207,Nc1ccc(N=Nc2ccc(NS(=O)(=O)c3ccc(N=Nc4c(S(=O)(=O)O)cc5cc(S(=O)(=O)O)c(N=Nc6ccc([N+](=O)[O-])cc6)c(N)c5c4O)cc3)cc2)c(N)c1,UMXKOPCQCFDBHS-UHFFFAOYSA-L
-1.0872511921,CCCCOP(=O)(O)OCCCC,JYFHYPJRHGVZDY-UHFFFAOYSA-N
0.3926664196,C[N+](CCO)(CCO)CCO,WLTHPEHYBIKNHR-UHFFFAOYSA-M
0.9544,C=CC(N)=O,HRPVXLWXLXDGHG-UHFFFAOYSA-N
-4.2367225564,CCCCC(CC)CNCC(CC)CCCC,SAIKULLUBZKPDA-UHFFFAOYSA-N
-4.8,COc1cccc(Nc2ccccc2C(=O)O)c1,SSRGDXQQJKAWKX-UHFFFAOYSA-N
-2.6756730859,C=CCCC,YWAKXRMUMFPDSH-UHFFFAOYSA-N
0.8466851642000001,OC/C=C\CO,ORTVZLZNOYNASJ-UPHRSURJSA-N
-2.2,C=CCSC(CCC(SCC=C)C(=O)O)C(=O)O,WOINBLKRRRAPGG-UHFFFAOYSA-N
-4.1007061575,CC12CCC(=O)C=C1C=CC1C2CCC2(C)C1CCC21CCC(=O)O1,UJVLDDZCTMKXJK-UHFFFAOYSA-N
0.1165037469,CC(C)=CC=O,SEPQTYODOKLVSB-UHFFFAOYSA-N
0.804,COC(=O)C1CC(=O)N(C)C1,JFZRRXGXEHUJCI-UHFFFAOYSA-N
-2.5631304762,Nc1ccc(Nc2ccccc2)cc1,ATGUVEKSASEFFO-UHFFFAOYSA-N
-7.284910561499999,CCCCCCCCCCCCCCCCCC(=O)OCC(OC(=O)CCCCCCCCCCCCCCCCC)[C@H]1OC[C@@H](O)[C@@H]1OC(=O)CCCCCCCCCCCCCCCCC,IJCWFDPJFXGQBN-BIFNRIDTSA-N
-7.1806,Clc1ccc2c(c1)Oc1cc(Cl)ccc1O2,WMWJCKBJUQDYLM-UHFFFAOYSA-N
-4.43,CC(=O)C1CCC2C3CCC4=CC(=O)CCC4(C)C3CCC12C,RJKFOVLPORLFTN-UHFFFAOYSA-N
-0.8053203897,CCN(CC)c1cc2[o+]c3cc(N(CC)CC)c(C)cc3c(-c3ccc(S(=O)(=O)[O-])cc3S(=O)(=O)O)c2cc1C,XJENLUNLXRJLEZ-UHFFFAOYSA-M
-3.7398163758,COC(=O)c1ccc(C(C)(C)C)cc1,UPIJOAFHOIWPLT-UHFFFAOYSA-N
-1.39,OC(c1ccccc1)(c1ccccc1)C1CCNCC1,ZMISODWVFHHWNR-UHFFFAOYSA-N
-7.3,Brc1cc(Br)c(-c2ccccc2)c(Br)c1,YCLZBYQDXVJFII-UHFFFAOYSA-N
-1.57,COCCN(CCOC)C(=O)COC(=O)c1ccccc1,LJCFRMUKLSCNKV-UHFFFAOYSA-N
-7.316,Clc1cc(Cl)c(-c2c(Cl)cccc2Cl)c(Cl)c1,MTCPZNVSDFCBBE-UHFFFAOYSA-N
-4.3079108614,CC(=O)Nc1cccc(Nc2cc(S(=O)(=O)O)c(N)c3c2C(=O)c2ccccc2C3=O)c1,MIBVDSFVCOIWCC-UHFFFAOYSA-M
-5.32,NC1CN(c2cc3c(cc2F)c(=O)c(C(=O)O)cn3C2CC2)C1,CTJMNBROBOZHAP-UHFFFAOYSA-N
-4.7793105096,C=CCCC(=O)C1CCCC(C)(C)C1,OHYNEUHOSWPWLZ-UHFFFAOYSA-N
-3.7064,CCC(=O)N(c1ccccc1)C1(COC)CCN(CCc2cccs2)CC1,GGCSSNBKKAUURC-UHFFFAOYSA-N
-3.7597030757,Nc1ccc(N=Nc2ccccc2)cc1,QPQKUYVSJWQSDY-UHFFFAOYSA-N
-4.0287937791,O=C(Cl)c1ccc(C(=O)Cl)cc1,LXEJRKJRKIFVNY-UHFFFAOYSA-N
-2.5,Nc1c(S(=O)(=O)O)ccc2ncccc12,RSLYDUZZJLDOKH-UHFFFAOYSA-N
-3.82,CC12C(=O)OC(=O)C1(C)C1CCC2O1,DHZBEENLJMYSHQ-UHFFFAOYSA-N
-1.82,NS(=O)(=O)c1nnc(NS(=O)(=O)c2ccccc2[N+](=O)[O-])s1,CTLJHLYIILERNX-UHFFFAOYSA-N
-1.7858311962,CC(C)c1ccc(N)cc1,LRTFPLFDLJYEKT-UHFFFAOYSA-N
-1.7128,C=C(Cl)CCl,FALCMQXTWHPRIH-UHFFFAOYSA-N
-4.3979,CN1CCN(CCCN2c3ccccc3Sc3ccc(Cl)cc32)CC1,WIKYUJGCLQQFNW-UHFFFAOYSA-N
-4.61,COC(=O)C1(S(=O)(=O)c2ccc(C)cc2)CCCCC1,XBQBUJRJLAOQHD-UHFFFAOYSA-N
-2.9287991689,[C-]#[O+],UGFAIRIUMAVXCW-UHFFFAOYSA-N
-5.593122621900001,CCCCCCCCCCCCCCCC(=O)NCC(=O)O,KVTFEOAKFFQCCX-UHFFFAOYSA-N
-0.3279248515,CC(C)CC(=O)O,GWYFCOCPABKNJV-UHFFFAOYSA-N
-5.9019,[O-][S+]1OC[C@@H]2[C@H](CO1)C1(Cl)C(Cl)=C(Cl)[C@@]2(Cl)C1(Cl)Cl,RDYMFSUJUZBWLH-GDSHQCHSSA-N
-2.95,CCCC(=O)OCOC(=O)c1cn(CC)c2nc(C)ccc2c1=O,YCPMGOBLONVZFZ-UHFFFAOYSA-N
0.2868,CCC(N)C(=O)O,QWCKQJZIFLGMSD-UHFFFAOYSA-N
-3.65,Nc1ccc(S(=O)(=O)Nc2ncc3c(n2)CCCC3)cc1,IPDKSGJFMBIZJI-UHFFFAOYSA-N
-0.6237,CCOP(=O)(OCC)SCC(=O)NC(C)(C)C#N,TWDJIKFUVRYBJF-UHFFFAOYSA-N
-1.88,NC(=O)CNC(=O)OCc1ccccc1,HQYMUNCIMNFLDT-UHFFFAOYSA-N
0.7779988658,Cc1cccc(S(=O)(=O)O)c1C,ZZXDRXVIRVJQBT-UHFFFAOYSA-N
-6.7352071916,CCCCCCC(O)CCCCCCCCCCC(=O)NCCNC(=O)CCCCCCCCCCC(O)CCCCCC,YLWQQYRYYZPZLJ-UHFFFAOYSA-N
-11.5827,Clc1c(Cl)c(Cl)c2c(oc3c(Cl)c(Cl)c(Cl)c(Cl)c32)c1Cl,RHIROFAGUQOFLU-UHFFFAOYSA-N
-0.8493,CCC[C@H]1CCCCN1,NDNUANOUGZGEPO-QMMMGPOBSA-N
-8.14,Clc1ccc(Oc2ccc(Cl)c(Cl)c2Cl)c(Cl)c1Cl,ATIMVMORQPKRPC-UHFFFAOYSA-N
-2.3202,CC1(C)C2CCC1(C)C(O)C2,DTGKSKDOIYIVQL-UHFFFAOYSA-N
-2.8665,CC(C)(C)NC(=O)COC(=O)c1ccccc1,NZNPHIKNHGRVLZ-UHFFFAOYSA-N
-5.11,CC12CCC3c4ccc(O)cc4CCC3C1CCC2=O,DNXHEGUUPJUMQT-UHFFFAOYSA-N
-5.31,CNC1CN(c2c(F)cc3c(=O)c(C(=O)O)cn(C4CC4)c3c2F)C1,QSNYNWOQOIJCFV-UHFFFAOYSA-N
-2.0621,Cc1ccccc1C(=O)O,ZWLPBLYKEWSWPD-UHFFFAOYSA-N
-3.77,CCC(=O)OCC(=O)C1(OC(=O)CC)C(C)CC2C3CCC4=CC(=O)C=CC4(C)C3(F)C(O)CC21C,CIWBQSYVNNPZIQ-UHFFFAOYSA-N
-3.0263435366,CC(C)C(=O)OCCOc1ccccc1,MJTPMXWJHPOWGH-UHFFFAOYSA-N
0.964,COC(N)=O,GTCAXTIRRLKXRU-UHFFFAOYSA-N
-8.2650486602,COCCOCCCn1c(=O)c2c(N)c3c(=O)c4ccccc4c(=O)c3c(N)c2c1=O,SOYBSGQXDYYMDH-UHFFFAOYSA-N
-8.3,Clc1ccc(Oc2c(Cl)c(Cl)cc(Cl)c2Cl)cc1Cl,YLAYOOJLJKJGCF-UHFFFAOYSA-N
-0.4906,CC(O)C(C)C=O,ZURZPPULRFXVLF-UHFFFAOYSA-N
-1.4333383705,CCCCCC(C)=O,CATSNJVOTSVZJV-UHFFFAOYSA-N
-1.74,COC(C)C(NC(=O)c1ccccc1)C(=O)O,ZRRFZADKYTXPJU-UHFFFAOYSA-N
-2.24,CCCCCCOC(=O)n1cc(F)c(=O)[nH]c1=O,LAUBAKJLUNBTEP-UHFFFAOYSA-N
-4.68,Clc1cc(Cl)c(Cl)c(Cl)c1,QZYNWJQFTJXIRN-UHFFFAOYSA-N
-3.4085,CCNc1c([N+](=O)[O-])cc([N+](=O)[O-])cc1[N+](=O)[O-],JRLUWLIIVKSPPT-UHFFFAOYSA-N
-2.9512,O=Cc1ccc(O)c([N+](=O)[O-])c1,YTHJCZRFJGXPTL-UHFFFAOYSA-N
-1.6348405969,C=CC(=O)OCCOC(=O)NCCCC,FLKHVLRENDBIDB-UHFFFAOYSA-N
-2.08,COC(=O)C1CCCN1C(=O)COC(=O)c1ccccc1,UQIKOYWGLUXMNE-UHFFFAOYSA-N
-9.351,Brc1ccc(-c2c(Br)c(Br)c(Br)c(Br)c2Br)c(Br)c1Br,NDRKXFLZSRHAJE-UHFFFAOYSA-N
-4.26,CN1CCC(c2c(O)cc(O)c3c(=O)cc(-c4ccccc4Cl)oc23)C(O)C1,BIIVYFLTOXDAOV-UHFFFAOYSA-N
-8.176,CC1(C)C(C=C(Cl)C(F)(F)F)C1C(=O)OC(C#N)c1cccc(Oc2ccccc2)c1,ZXQYGBMAQZUVMI-UHFFFAOYSA-N
-3.9311,COc1cc(Br)c2c(c1OC)C(=O)OC2,OVTBMKVBBHTERH-UHFFFAOYSA-N
0.5848,O=P(O)(O)OC1OC(CO)C(O)C(O)C1O,HXXFSFRBOHSIMQ-UHFFFAOYSA-N
0.6949528649,C=CCS(=O)(=O)O,DIKJULDDNQFCJG-UHFFFAOYSA-M
-4.52,CCOC(=O)Nc1cccc(OC(=O)Nc2ccccc2)c1,WZJZMXBKUWKXTQ-UHFFFAOYSA-N
-0.1078,C1COC2(C1)CCCO2,YVSCOIUNVKGTND-UHFFFAOYSA-N
0.8776773261,O=C1NCCN1CCO,HBAIZGPCSAAFSU-UHFFFAOYSA-N
-2.3290690398,C=C(C)C,VQTUBCCKSQIDNK-UHFFFAOYSA-N
-4.912,Nc1ccc(-c2ccc(N)c(Cl)c2)cc1Cl,HUWXDEQWWKGHRV-UHFFFAOYSA-N
-1.456,c1ccc2cnccc2c1,AWJUIBRHMBBTKR-UHFFFAOYSA-N
-3.2671,CCc1nc2nc(N)nc(N)c2nc1CC,BUZKILZDXOORCH-UHFFFAOYSA-N
-4.85,S=C=Nc1ccc(-c2ccccc2)cc1,WPYSJFXXQNITBC-UHFFFAOYSA-N
-2.9792447784,COc1cc(NC(=O)CC(C)=O)c(OC)cc1Cl,MOUVJGIRLPZEES-UHFFFAOYSA-N
-0.1211098882,NC(=O)CCNCCO,WRLAXUYIDLSRHV-UHFFFAOYSA-N
-4.27,Cc1ccc2ccccc2c1[N+](=O)[O-],IZNWACYOILBFEG-UHFFFAOYSA-N
-1.2019,Cc1cc(=O)c2ccccc2[nH]1,NWINIEGDLHHNLH-UHFFFAOYSA-N
-0.28,CC(O)C1C(=O)N2C(C(=O)O)=C(SCC(=N)N(C)C)C(C)C12,VBVXPLDOYIOZGP-UHFFFAOYSA-N
0.3322,NC(N)=NCCCCCCCCNCCCCCCCCN=C(N)N,RONFGUROBZGJKP-UHFFFAOYSA-N
-3.66,CCOC(=O)C(c1c(O)c2ccccc2oc1=O)c1c(O)c2ccccc2oc1=O,JCLHQFUTFHUXNN-UHFFFAOYSA-N
-1.8117983509,COC(=O)c1ccccc1,QPJVMBTYPHYUOC-UHFFFAOYSA-N
-0.5314,NC(Cc1cnc[nH]1)C(=O)O,HNDVDQJCIGZPNO-UHFFFAOYSA-N
-5.1765101856,COc1ccccc1NC(=O)c1cc2ccccc2cc1O,OXXQDUUQLWQUEX-UHFFFAOYSA-M
-2.41,CC(C)OC(=O)CS(=O)(=O)c1ccc(Cl)cc1,DBCUYSCFFFBUJG-UHFFFAOYSA-N
-1.8045937153,C=CC(=O)OC(C)(C)C,ISXSCDLOGDJUNJ-UHFFFAOYSA-N
-1.0824140873,O=C1C(S(=O)(=O)O)=Cc2cc(S(=O)(=O)O)ccc2/C1=N\Nc1ccc(S(=O)(=O)O)c2ccccc12,VOBHRQFELWTZFS-DXVNCNPQSA-K
-6.6804453214,Cn1c(=O)cc2c3c(c(Br)ccc31)C(=O)c1ccccc1-2,QTNAUUGQZYCWGQ-UHFFFAOYSA-N
-4.8916555333,Cc1ccc(N2C(=O)c3cccc4c(N)ccc(c34)C2=O)c(C)c1,FQLZTPSAVDHUKS-UHFFFAOYSA-N
-8.06,Brc1ccc(Br)c(-c2cc(Br)ccc2Br)c1,XEFMFJLRXHQLEM-UHFFFAOYSA-N
-2.0718850743,Cc1ccc(Cl)cc1N,WRZOMWDJOLIVQP-UHFFFAOYSA-N
-5.1235829068,COC(=O)CCc1cc(C(C)(C)C)c(O)c(C(C)(C)C)c1,PXMJCECEFTYEKE-UHFFFAOYSA-N
-3.05,COS(=O)(=O)c1ccc(C(=O)O)cc1,IOOIOUOLXVONAC-UHFFFAOYSA-N
-6.6566491092,N#Cc1ccccc1-c1ccc(CBr)cc1,LFFIEVAMVPCZNA-UHFFFAOYSA-N
-3.6822,Cc1cccc(C)c1N(COCC(C)C)C(=O)CCl,BIQOEDQVNIYWPQ-UHFFFAOYSA-N
0.523,CCN(CC)C(=O)C(Cl)=CCOP(=O)(OC)OC,RWXKUYSKUSXRGL-UHFFFAOYSA-N
0.9621,Cc1cc[n+]([O-])cc1,IWYYIZOHWPCALJ-UHFFFAOYSA-N
-0.6308713175,Cc1ccc(NS(=O)(=O)c2cc(NNC3=C4C(=O)C=C(S(=O)(=O)O)C=C4C=CC3=N)ccc2Cl)c(C)c1,NFIWAOOZVZVNHC-UHFFFAOYSA-M
-0.9508352475,Cc1cccc(N)c1,JJYPMNFTHPTTDI-UHFFFAOYSA-N
-4.0127821042,CC(C)(C)c1cc(CO)cc(C(C)(C)C)c1O,HNURKXXMYARGAY-UHFFFAOYSA-N
-4.1912351395,CC(C)COC(=O)C1CCCCC1C(=O)OCC(C)C,QUKHPBOCBWDYMW-UHFFFAOYSA-N
-1.23,O=Cc1cccc(O)c1,IAVREABSGIHHMO-UHFFFAOYSA-N
-2.5278,NC(=S)Nc1cccc2ccccc12,PIVQQUNOTICCSA-UHFFFAOYSA-N
-1.5915498548,COc1ccc(OC)c(NC(C)=O)c1,HOZRMSVNIKYCMB-UHFFFAOYSA-N
-2.5769433589,CNS(=O)(=O)c1cc(OC)c(N)cc1C,GWSQAGVGSHXRJK-UHFFFAOYSA-N
-4.1714457851,CC(C)Oc1ccc(S(=O)(=O)c2ccc(O)cc2)cc1,ZTILAOCGFRDHBH-UHFFFAOYSA-N
-1.1759580204,CCc1occc(=O)c1O,YIKYNHJUKRTCJL-UHFFFAOYSA-N
-3.9598,Cc1ccc2c([N+](=O)[O-])ccc(O)c2n1,XYPACLZTPMHPLB-UHFFFAOYSA-N
-2.48,Nc1c2ccccc2nc2cccc(C(F)(F)F)c12,GAWKHTAHYFTCHE-UHFFFAOYSA-N
-1.0387,CCCC[C@H](N)C(=O)O,LRQKBLKVPFOOQJ-YFKPBYRVSA-N
-0.6737,CC(=O)OCCBr,RGHQKFQZGLKBCF-UHFFFAOYSA-N
-1.18,CC(O)CN(CC(C)O)C(=O)COC(=O)c1ccccc1,LDCFNNYCIXKMNJ-UHFFFAOYSA-N
-4.0,CC(C)CC(CC(C)C)(CC(C)C)C(=O)NO,BTQMNEKPMOZIDW-UHFFFAOYSA-N
-5.4600374185,CCC(C)(C)OOC1(OOC(C)(C)CC)CCCCC1,IMYCVFRTNVMHAD-UHFFFAOYSA-N
-3.1284,O=C(O)c1c(O)ccc2ccccc12,UPHOPMSGKZNELG-UHFFFAOYSA-N
-3.6402,C[C@H](CCC(=O)O)[C@H]1CC[C@H]2[C@@H]3[C@H](O)C[C@@H]4C[C@H](O)CC[C@]4(C)[C@H]3CC[C@]12C,RUDATBOHQWOJDD-BSWAIDMHSA-N
-7.3854,c1ccc2cc3c(ccc4ccccc43)cc2c1,DXBHBZVCASKNBY-UHFFFAOYSA-N
-2.5785,ClCC(Cl)(Cl)CCl,UDPHJTAYHSSOQB-UHFFFAOYSA-N
0.5007,O=C(O)CCP(=O)(O)O,NLBSQHGCGGFVJW-UHFFFAOYSA-N
-1.4001,CC(=O)Nc1ccccc1Cl,KNVQTRVKSOEHPU-UHFFFAOYSA-N
0.7273991488,O=C(O)CS,GNBVPFITFYNRCN-UHFFFAOYSA-M
-3.4746,CCCCOP(=O)(OCCCC)Oc1ccccc1,YICSVBJRVMLQNS-UHFFFAOYSA-N
-0.2926,CC(Cl)C(C)(C)O,YYHQXKBKFKTDMP-UHFFFAOYSA-N
-4.4100874366000005,NCCNCCN,PYBPYUAKCDQFCS-KVVVOXFISA-N
-1.9,ClC(Br)Br,GATVIKZLVQHOMN-UHFFFAOYSA-N
-4.48,CNC1=Nc2ccc(Cl)cc2C(c2ccccc2)=[N+]([O-])C1,ANTSCNMPPGJYLG-UHFFFAOYSA-N
-5.04,CC1N(c2c(F)cc3c(=O)c(C(=O)O)cn(C4CC4)c3c2F)CC1(C)N,FNYQALWNSAGHJV-UHFFFAOYSA-N
-7.0093328393,C=CCN(CC=C)c1cc(NC(C)=O)c(N=Nc2c(Br)cc([N+](=O)[O-])cc2[N+](=O)[O-])cc1OC,WXDXQSMFRITTEJ-UHFFFAOYSA-N
0.8378838589000001,CN(CCCN)CCCN,KMBPCQSCMCEPMU-UHFFFAOYSA-N
-2.5380000000000003,Nc1ccc(Cl)cc1[N+](=O)[O-],PBGKNXWGYQPUJK-UHFFFAOYSA-N
-3.52,COCC1COc2cc3ncnc(Nc4cccc(I)c4)c3cc2O1,QTSBFJRVBUIZJC-UHFFFAOYSA-N
-4.68,CCCC(=O)OCN1C(=O)NC(c2ccccc2)(c2ccccc2)C1=O,UPQWMVAELITTGQ-UHFFFAOYSA-N
-1.4690725372,O=C(O)CN(CCCN(CC(=O)O)CC(=O)O)CC(=O)O,DMQQXDPCRUGSQB-UHFFFAOYSA-N
-4.3112256046,c1ccc2ccccc2c1,UFWIBTONFRDIAS-UHFFFAOYSA-N
-2.676,CSc1nc(N(C)C)nc(N(C)C)n1,PRLMFHYBTOQSLN-UHFFFAOYSA-N
-1.2948,CC[n+]1c(-c2ccccc2)c2cc(N)ccc2c2ccc(N)cc21,ZMMJGEGLRURXTF-UHFFFAOYSA-N
-6.98,Clc1ccc(Oc2ccc(Cl)c(Cl)c2)cc1Cl,DHLVZXZRIZBPKG-UHFFFAOYSA-N
-5.859,Nc1ccc(N)c2c1C(=O)c1ccccc1C2=O,FBMQNRKSAWNXBT-UHFFFAOYSA-N
-4.122,C[C@]12CC[C@H](O)CC1=CC[C@@H]1[C@@H]2CC[C@]2(C)C(=O)CC[C@@H]12,FMGSKLZLMKYGDP-USOAJAOKSA-N
-1.54,Nc1cccc(S(=O)(=O)Nc2nnc(S(N)(=O)=O)s2)c1,ZAVXXOXJXNKOFP-UHFFFAOYSA-N
-2.427057806,CCC(C)C1CCCCC1=O,RQXTZKGDMNIWJF-UHFFFAOYSA-N
-1.9026536597,C=C(C)[C@H]1CC=C(C)C(=O)C1,ULDHMXUKGWMISQ-VIFPVBQESA-N
-5.0,CCOC1=CC(=O)CC(C)C12Oc1c(Cl)c(OC)cc(OC)c1C2=O,VHXBNOUUDLLFER-UHFFFAOYSA-N
0.08,Cn1cnc2[nH]c(=O)nc(NCCO)c21,NRFNHVNHUCNPFW-UHFFFAOYSA-N
-3.8458307588,CCCCCCCC/C=C\CCCCCCCC1=NCCN1CCO,WGTDLPBPQKAPMN-KTKRTIGZSA-N
-0.8234,CCc1cccc(C)n1,SFSXNVBMAODLGN-UHFFFAOYSA-N
-0.7616,COCC(=O)c1ccccc1,YRNDGUSDBCARGC-UHFFFAOYSA-N
-2.5484883965000003,CC(=O)c1cc2ccccc2o1,YUTFQTAITWWGFH-UHFFFAOYSA-N
-1.2915600389,Nc1ccc(N/N=C2\C=Cc3c(cccc3S(=O)(=O)O)C2=O)cc1,AVULUSFAVFJIOG-UGAWPWHASA-M
-0.66,CCOC(=O)CC,FKRCODPIKNYEAC-UHFFFAOYSA-N
-6.8573,CC1(c2ccc(Oc3ccccc3)cc2)OC(=O)N(Nc2ccccc2)C1=O,PCCSBWNGDMYFCW-UHFFFAOYSA-N
-5.6832424476,COC1=CCC2=C(CCC3C2CCC2(C)C3CCC2(O)C#N)C1,MEEGGHJZTZFSBQ-UHFFFAOYSA-N
-1.5763108556999998,C=CC(C)C(=O)OCC,WDCCXADRWCXXOR-UHFFFAOYSA-N
-3.0266,CCCCCCCCCCCNC(=O)c1cccnc1,OEDGRBFONRSXRX-UHFFFAOYSA-N
-1.9657,O=C(O)C1(O)c2ccccc2-c2ccccc21,GXAMYUGOODKVRM-UHFFFAOYSA-N
-4.9,CC(=O)OCC(=O)[C@@]1(O)[C@H](C)C[C@H]2[C@@H]3CCC4=CC(=O)C=C[C@]4(C)[C@@]3(F)[C@@H](O)C[C@@]21C,AKUJBENLRBOFTD-RPRRAYFGSA-N
0.8723,CCOCCOCCO,XXJWXESWEXIICW-UHFFFAOYSA-N
-4.61,O=C(O)c1cc(-c2ccc(F)cc2F)ccc1O,HUPFGZXOMWLGNK-UHFFFAOYSA-N
-0.02,NC(CO)C(=O)O,MTCFGRXMJLQNBG-UHFFFAOYSA-N
-4.1928799405,O=S(=O)(c1ccccc1)c1ccccc1,KZTYYGOKRVBIMI-UHFFFAOYSA-N
-1.1265180752,c1ccc(C2=NCCN2)cc1,BKCCAYLNRIRKDJ-UHFFFAOYSA-O
-0.6924056004000001,O=S(=O)(O)c1ccc(S(=O)(=O)O)c(Nc2nc(Nc3ccc(/C=C/c4ccc(Nc5nc(Nc6cc(S(=O)(=O)O)ccc6S(=O)(=O)O)nc(N(CCO)CCO)n5)cc4S(=O)(=O)O)c(S(=O)(=O)O)c3)nc(N(CCO)CCO)n2)c1,ZECOZQHKQDLCBT-IRTUOLCXSA-H
-3.0693211517,CN(CCO)c1nc(Nc2ccccc2)nc(Nc2ccc(/C=C/c3ccc(Nc4nc(Nc5ccccc5)nc(N(C)CCO)n4)cc3S(=O)(=O)O)c(S(=O)(=O)O)c2)n1,VVYVUOFMPAXVCH-QDBORUFSSA-L
1.5682,C#N,LELOWRISYMNNSU-UHFFFAOYSA-N
-2.78,CC(=O)Nc1ccc(S(=O)(=O)NC(C)=O)cc1,YTJJPFRVBNFIBN-UHFFFAOYSA-N
-1.84,Nc1c2ccccc2nc2cccc([N+](=O)[O-])c12,IOQZSOCPFYNJIG-UHFFFAOYSA-N
-5.1903,c1ccc2c(c1)ccc1ccccc12,YNPNZTXNASCQKK-UHFFFAOYSA-N
-2.7308,O=C(O)c1ccccc1I,CJNZAXGUTKBIHP-UHFFFAOYSA-N
-3.4792,O=c1[nH]c(-c2ccccc2)ncc1Br,MWZGHIGOSHTXGY-UHFFFAOYSA-N
-3.9469,CN(C)CC/C=C1\c2ccccc2COc2ccccc21,ODQWQRRAPPTVAG-GZTJUZNOSA-N
-4.431,CCCCCCCBr,LSXKDWGTSHCFPP-UHFFFAOYSA-N
-0.73,NCC(=O)NC(Cc1ccc(O)cc1)C(=O)O,XBGGUPMXALFZOT-UHFFFAOYSA-N
-3.6,O=c1ncc2[nH]c(=O)[nH]c2[nH]1,PRUGQYWGIVNHEM-UHFFFAOYSA-N
-3.21,O=C(NO)c1ccccc1N=Cc1ccccn1,UHZUKUTVMBPNLC-UHFFFAOYSA-N
-2.1440495587,CCCCCCCCC(=O)N(C)C,DMLHJLWUADABON-UHFFFAOYSA-N
-4.1254,COc1cc([C@@H]2c3cc4c(c(O)c3C[C@H]3COC(=O)[C@@H]32)OCO4)cc(OC)c1O,JGGWNGRBXJWAOC-HKJPBSJPSA-N
0.38,CCC(C)(N)C(=O)O,GCHPUFAZSONQIV-UHFFFAOYSA-N
-0.5483114193999999,NC(=O)CC[C@H](N)C(=O)O,ZDXPYRJPNDTMRX-VKHMYHEASA-N
-3.3451078238,O=C(c1ccccc1)c1ccc(O)c(O)c1O,HTQNYBBTZSBWKL-UHFFFAOYSA-N
-1.1714515037,CCOc1ccccc1O,MOEFFSWKSMRFRQ-UHFFFAOYSA-N
-1.9013447833,COc1ccc(CCC#N)cc1OC,LECKQPWCSYMCDR-UHFFFAOYSA-N
-5.184,CC(=O)OC1CCC2C3CCC4=CC(=O)CCC4(C)C3CCC12C,DJPZSBANTAQNFN-UHFFFAOYSA-N
-4.1359426126,CCCC(=O)OC(C)(C)Cc1ccccc1,SHSGYHAHMQLYRB-UHFFFAOYSA-N
-1.84,OCC1OC2OC3C(CO)OC(OC4C(CO)OC(OC5C(CO)OC(OC6C(CO)OC(OC7C(CO)OC(OC8C(CO)OC(OC1C(O)C2O)C(O)C8O)C(O)C7O)C(O)C6O)C(O)C5O)C(O)C4O)C(O)C3O,WHGYBXFWUBPSRW-UHFFFAOYSA-N
-3.31,Cc1ccc(C)c(C)c1,GWHJZXXIDMPWGX-UHFFFAOYSA-N
-2.1498,CC(Br)CBr,XFNJYAKDBJUJAJ-UHFFFAOYSA-N
-2.1325,CN[C@@H](Cc1ccc(O)cc1)C(=O)O,AXDLCFOOGCNDST-VIFPVBQESA-N
-2.67,CCCN1Cn2c(nc3ccccc3c2=O)C1C,LTMRJPIOLKBUKZ-UHFFFAOYSA-N
-5.3087460931,C=CC(=O)OCCN(C)S(=O)(=O)C(F)(F)C(F)(F)C(F)(F)C(F)(F)F,KEMCLRGAIUJRAN-UHFFFAOYSA-N
-8.4806,c1ccc2c(c1)-c1cccc3cc4c(ccc5ccccc54)c-2c13,ZUAGUFSITPHNKC-UHFFFAOYSA-N
-1.0486616392,O=C1CC(=O)NC(=O)N1,HNYOPLTXPVRDBG-UHFFFAOYSA-N
-3.49,NC(Cc1ccc(N(CCCl)CCCl)cc1)C(=O)O,SGDBTWWWUNNDEQ-UHFFFAOYSA-N
-3.107,COc1ccc([N+](=O)[O-])cc1[N+](=O)[O-],CVYZVNVPQRKDLW-UHFFFAOYSA-N
-0.0504090528,CCCCO,LRHPLDYGYMQRHN-UHFFFAOYSA-N
-0.4244279852,Cc1c(Nc2nc(Cl)nc(Nc3cccc(S(=O)(=O)O)c3)n2)c(C)c(S(=O)(=O)O)c(C)c1Nc1cc(S(=O)(=O)O)c(N)c2c1C(=O)c1ccccc1C2=O,ZUCXUTRTSQLRCV-UHFFFAOYSA-K
-5.7963,Clc1cccc2cccc(Cl)c12,ADRYPAGQXFMVFP-UHFFFAOYSA-N
-6.9789083532000005,CCCCC(CC)COC(=O)c1ccccc1C(=O)OCC(CC)CCCC,BJQHLKABXJIVAM-UHFFFAOYSA-N
-3.75,CC12CCC(=O)C=C1CCC1C2CCC2(C)C(C(=O)CO)CCC12,ZESRJSPZRDMNHY-UHFFFAOYSA-N
-2.308127519,Cc1cc(-c2ccc(N=C=O)c(C)c2)ccc1N=C=O,ICLCCFKUSALICQ-UHFFFAOYSA-N
-1.974517726,O=C1NC(=O)C2=C1CCCC2,AFJWMGOTLUUGHF-UHFFFAOYSA-N
0.5055163708,CN(C)Cc1cc(CN(C)C)c(O)c(CN(C)C)c1,AHDSRXYHVZECER-UHFFFAOYSA-N
1.5808,CC(N)=O,DLFVBJFMPXGRIB-UHFFFAOYSA-N
-1.8872466915,O=C(Nc1ccc2c(O)c(N=Nc3ccccc3)c(S(=O)(=O)O)cc2c1)Nc1ccc2c(O)c(N=Nc3ccccc3)c(S(=O)(=O)O)cc2c1,DSARWKALPGYFTA-UHFFFAOYSA-L
-4.64,ClC1C(Cl)C(Cl)C(Cl)C(Cl)C1Cl,JLYXXMFPNIAWKQ-UHFFFAOYSA-N
0.5225303771,NCC(F)F,OVRWUZYZECPJOB-UHFFFAOYSA-N
-0.194310278,NCC(=O)N[C@@H](CCC(N)=O)C(=O)O,PNMUAGGSDZXTHX-BYPYZUCNSA-N
-8.41,Clc1cc(Cl)c(Cl)c(Oc2cc(Cl)c(Cl)cc2Cl)c1,SFTBUGPDOJDENF-UHFFFAOYSA-N
-4.518,Ic1cccc(I)c1,SFPQFQUXAJOWNF-UHFFFAOYSA-N
-1.29,CCOc1ccc(O)cc1,LKVFCSWBKOVHAH-UHFFFAOYSA-N
-1.4535787311,Cn1c(N)cc(=O)n(C)c1=O,VFGRNTYELNYSKJ-UHFFFAOYSA-N
-2.9284,COCCCNc1nc(NC(C)C)nc(SC)n1,DDUIUBPJPOKOMV-UHFFFAOYSA-N
-2.6003,O=C(O)c1ccc(Cl)cc1Cl,ATCRIUVQKHMXSH-UHFFFAOYSA-N
-0.33,CS(=O)(=O)NS(=O)(=O)C1CCCCC1,CWLZDZVLPBXMKF-UHFFFAOYSA-N
-1.7107562487,CCCBr,CYNYIHKIEHGYOZ-UHFFFAOYSA-N
-8.8744,Clc1ccc2c(c1)Oc1cc(Cl)c(Cl)c(Cl)c1O2,SKGXYFVQZVPEFP-UHFFFAOYSA-N
-0.0675110058,C=C(C)C=O,STNJBCKSHOAVAJ-UHFFFAOYSA-N
-0.0798,CNS#CNCO,BBJPKBLYPSYKMT-UHFFFAOYSA-N
-0.5528,CCOC(=O)N(C)N=O,CAUBWLYZCDDYEF-UHFFFAOYSA-N
-4.8487,CC(Cc1ccc(C(C)(C)C)cc1)CN1C[C@@H](C)O[C@@H](C)C1,RYAUSSKQMZRMAI-ALOPSCKCSA-N
-1.5213,COCCOC(=O)c1ccccc1C(=O)OCCOC,HSUIVCLOAAJSRE-UHFFFAOYSA-N
-1.6853,CC(=O)OCc1ccccc1,QUKGYYKBILRGFE-UHFFFAOYSA-N
-5.49,Cc1cnc(C(=O)NCCc2ccc(S(=O)(=O)NC(=O)NC3CCCCC3)cc2)cn1,ZJJXGWJIGJFDTL-UHFFFAOYSA-N
-3.86,O=C(O)c1cc(Cl)ccc1N=Nc1ccc(O)cc1,PFFPKQRMYJXVMY-UHFFFAOYSA-N
-0.7472,CCOC(=O)CC1(C)CCC(=O)O1,XPHDAEADNYTVAU-UHFFFAOYSA-N
-3.8,CC(C)C1=CC2=CCC3C(C)(C(=O)O)CCCC3(C)C2CC1,RSWGJHLUYNHPMX-UHFFFAOYSA-N
-2.2664,Cc1cc(O)c(C(C)C)cc1Cl,KFZXVMNBUMVKLN-UHFFFAOYSA-N
-2.6994,O=C1C=C2CC3(O)COc4c(ccc(O)c4O)C3=C2CC1=O,HLUCICHZHWJHLL-UHFFFAOYSA-N
-1.75,Nc1cccnc1N,ZZYXNRREDYWPLN-UHFFFAOYSA-N
0.481,C=CCOC(CO)CO,IGDCJKDZZUALAO-UHFFFAOYSA-N
-3.7935760497,C=CC(C)CC/C=C(\C)CCC=O,QVEOSYKPYFNQAZ-XYOKQWHBSA-N
0.5710956732,O=S(=O)(O)OOS(=O)(=O)O,ROOXNKNUYICQNP-UHFFFAOYSA-N
-2.932,O=C1NC(=O)C2C=CC=CC12,RDHHZPRHIKNBBI-UHFFFAOYSA-N
-4.5917,Clc1ccccc1-c1ccccc1,LAXBNTIAOJWAOP-UHFFFAOYSA-N
-2.0,Fc1ccccc1F,GOYDNIKZWGIXJT-UHFFFAOYSA-N
-4.5442204359,C=C(C)C(=O)OC1CC2CCC1(C)C2(C)C,IAXXETNIOYFMLW-UHFFFAOYSA-N
-6.417202563200001,CCCCCCCCCCCC(=O)OCCOCC(OCCO)C1OCC(OCCO)C1OCCO,HMFKFHLTUCJZJO-UHFFFAOYSA-N
-2.3069323017,CC(=O)Nc1ccc(S(=O)(=O)CCO)cc1,XIICKRYAUAVEQS-UHFFFAOYSA-N
-1.8,Nc1nc(N)c2nc[nH]c2n1,MSSXOMSJDRHRMC-UHFFFAOYSA-N
-1.5,Nc1ccc(S(=O)(=O)Nc2nnc(S(N)(=O)=O)s2)cc1,BDLSLORLEPSOGW-UHFFFAOYSA-N
-3.1630000000000003,CCC(C)C,QWTDNUCVQCZILF-UHFFFAOYSA-N
-2.779325494,COc1ccc(Cl)cc1,YRGAYAGBVIXNAQ-UHFFFAOYSA-N
-2.74,FC(F)(Cl)C(F)(F)Cl,DDMOUSALMHHKOS-UHFFFAOYSA-N
-4.55,Nc1nc2[nH]c(=O)cnc2c(=O)[nH]1,GLKCOBIIZKYKFN-UHFFFAOYSA-N
-3.0905,CCSCCSP(=S)(OC)OC,OPASCBHCTNRLRM-UHFFFAOYSA-N
-5.6635,NC(=O)c1nc(-c2ccccc2)n(-c2ccc(Cl)c(COCC(F)(F)C(F)(F)F)c2)n1,AOQMRUTZEYVDIL-UHFFFAOYSA-N
-1.35,NS(=O)(=O)c1cc2c(s1)[S+]([O-])CCC2O,DWEPFAMAQPVFBH-UHFFFAOYSA-N
-3.98,COc1ccc(CCN(C)CCCC(C#N)(c2ccc(OC)c(OC)c2)C(C)C)cc1OC,SGTNSNPWRIOYBX-UHFFFAOYSA-N
-2.4244542069,C=C(Cl)C(Cl)CCl,WZUZDBPJFHQVJC-UHFFFAOYSA-N
-7.721757870399999,CC(=O)C(N=Nc1ccc(Cl)cc1[N+](=O)[O-])C(=O)Nc1ccccc1Cl,QTSNFLIDNYOATQ-UHFFFAOYSA-N
-1.7037,O=C(c1ccccc1O)N1CCOCC1,TUFGIGGYNZUDAL-UHFFFAOYSA-N
-1.425,NNP(=S)(NN)c1ccccc1,HDCICIWMRHHDMV-UHFFFAOYSA-N
-3.15,Oc1cc(Cl)c(Cl)c(Cl)c1Cl,RULKYXXCCZZKDZ-UHFFFAOYSA-N
-2.81,CC1(C)SC2C(NC(=O)COc3ccccc3)C(=O)N2C1C(=O)O,BPLBGHOLXOTWMN-UHFFFAOYSA-N
-5.01,O=C(Cc1ccc(-c2ccccc2)cc1)OCCF,XAERLJMOUYEBAB-UHFFFAOYSA-N
-8.5758,CCOc1ccc(C(C)(C)COCc2cccc(Oc3ccccc3)c2)cc1,YREQHYQNNWYQCJ-UHFFFAOYSA-N
-1.0991,CN(C)c1ccc(N=NS(=O)(=O)O)cc1,IWDQPCIQCXRBQP-UHFFFAOYSA-M
-4.42,CN1CCN(C2=Nc3ccccc3Oc3ccc(Cl)cc32)CC1,XJGVXQDUIWGIRW-UHFFFAOYSA-N
-2.337,CC1=CC[C@H](C(C)(C)O)CC1,WUOACPNHFRMFPN-VIFPVBQESA-N
-7.966789170299999,CCCCCCCCCCCCCCCCCCn1c(=O)c2ccc3sc4ccccc4c4ccc(c1=O)c2c34,YDQLECBCTASDOZ-UHFFFAOYSA-N
1.065,C1O[C@H]1[C@H]1CO1,ZFIVKAOQEXOYFY-QWWZWVQMSA-N
-1.9563,COC(=O)N(C)C(=O)CSP(C)(=S)OC,PUTUPQVEMBRCAG-UHFFFAOYSA-N
-2.92,CCOC(=O)n1c(-c2cscn2)nc2ccccc21,UGRWIGCKFYJTEL-UHFFFAOYSA-N
-7.2887340171,CCOC(F)(C(F)(F)C(F)(F)C(F)(F)F)C(F)(C(F)(F)F)C(F)(F)F,HHBBIOLEJRWIGU-UHFFFAOYSA-N
-0.7181,ClCOCCl,HRQGCQVOJVTVLU-UHFFFAOYSA-N
0.8601209136,O=C1CCCCCN1,JBKVHLHDHHXQEQ-UHFFFAOYSA-N
0.8843659201,COC,LCGLNKUTAGEVQW-UHFFFAOYSA-N
0.0789,CC(O)C([N+](=O)[O-])[N+](=O)[O-],KRCTVRKGIUYGJG-UHFFFAOYSA-N
-4.1836,COC(=O)C1(O)c2ccccc2-c2ccc(Cl)cc21,LINPVWIEWJTEEJ-UHFFFAOYSA-N
-3.1714,S=C=NCCc1ccccc1,IZJDOKYDEWTZSO-UHFFFAOYSA-N
-2.08,CNC(=O)ON=C1C(Cl)C2CC(C#N)C1C2,QCQPGRMMDFIQMB-UHFFFAOYSA-N
-8.0625429623,[O-2],JQPTYAILLJKUCY-UHFFFAOYSA-N
-7.52,CCCCc1ccc2cc3ccc4ccccc4c3cc2c1,NOYOIPQGXQUMJJ-UHFFFAOYSA-N
0.7490000000000001,CCOCCOCCOCCO,WFSMVVDJSNMRAR-UHFFFAOYSA-N
-3.8971,C#CC(C)N(C)C(=O)Nc1ccc(Cl)cc1,BYYMILHAKOURNM-UHFFFAOYSA-N
-2.73,O=C(O)c1ccccc1-c1ccccc1,ILYSAKHOYBPSPC-UHFFFAOYSA-N
-1.4504,CC(C)(S(C)(=O)=O)S(C)(=O)=O,YBSYYLRYPMFRNL-UHFFFAOYSA-N
-3.85,CC12CCC(=O)C=C1CCC1C2C2CC3(C(O)O2)C(C(=O)CO)CCC13,QUQBHBRVKLEOEI-UHFFFAOYSA-N
-3.22,O=c1ccc2cc3ccoc3c(O)c2o1,JWVYQQGERKEAHW-UHFFFAOYSA-N
-1.55,CC(=O)Oc1ccccc1C(=O)OCC(=O)N(C)C,FDTMXYKUFIZEMG-UHFFFAOYSA-N
-1.15,CN=C(NC)N1Cc2cccc3cccc(c23)C1,NDDWQZYCAZDNEH-UHFFFAOYSA-N
1.0138642136,O=C(CO)CO,RXKJFZQQPQGTFL-UHFFFAOYSA-N
-7.94522478,CCCCCCCOCC(COCCCCCCC)(COCCCCCCC)COCCCCCCC,PIZFEKJNYKNABG-UHFFFAOYSA-N
-5.1052907305,N=NN=NC1=CCc2c(cccc2S(=O)(=O)Oc2ccc(C(=O)c3ccc(O)c(O)c3O)cc2)C1=O,WVRFNJXNBZHDGZ-UHFFFAOYSA-N
-4.2155,COc1ccc2c(c1)N(C[C@H](C)CN(C)C)c1ccccc1S2,VRQVVMDWGGWHTJ-CQSZACIVSA-N
-0.96,CC=CCC#N,UVKXJAUUKPDDNW-UHFFFAOYSA-N
-4.6304,Clc1ccc(Oc2ccccc2)c(Cl)c1,KXIPYLZZJZMMPD-UHFFFAOYSA-N
-1.52,COc1ccc2c3c1OC1C(O)C=CC4C(C2)N(C)CCC341,OROGSEYTTFOCAN-UHFFFAOYSA-N
-0.9037886388,COC1CCCC1,SKTCDJAMAYNROS-UHFFFAOYSA-N
-0.2046,CC(=O)OCC(C)OC(C)=O,MLHOXUWWKVQEJB-UHFFFAOYSA-N
-4.88,Clc1cccc(-c2ccccc2)c1,NMWSKOLWZZWHPL-UHFFFAOYSA-N
0.9386380084,CC1CNCC(C)O1,HNVIQLPOGUDBSU-UHFFFAOYSA-N
-4.6776,CCC(C)C(C)(C)C,XTDQDBVBDLYELW-UHFFFAOYSA-N
-3.02,CC12CCC3C4CCC(=O)C=C4CCC3C1CCC2O,NPAGDVCDWIYMMC-UHFFFAOYSA-N
-6.65,Clc1ccc(-c2c(Cl)cccc2Cl)c(Cl)c1,WVHNUGRFECMVLQ-UHFFFAOYSA-N
-6.0,Clc1ccc(-c2ccc(Cl)cc2Cl)cc1,BZTYNSQSZHARAZ-UHFFFAOYSA-N
-1.2096462437,O=S(=O)(O)c1cc(S(=O)(=O)O)c2cc(NS(=O)(=O)c3cccc(N=Nc4ccc(N=Nc5c(O)ccc6ccccc56)cc4)c3)ccc2c1,UFYJXIFCPOCDND-UHFFFAOYSA-L
0.1187844902,O=S(=O)(O)C[C@@H](O)CNc1ccccc1,CLEVULOKVPBHCU-VIFPVBQESA-M
-7.88,Clc1ccc(-c2c(Cl)c(Cl)cc(Cl)c2Cl)cc1,ZDDZPDTVCZLFFC-UHFFFAOYSA-N
-2.71,CCCCCCCCCCSC(=N)N,LRWNUFGVDBJUTF-UHFFFAOYSA-N
0.1641,O=C[C@H](O)[C@H]1OC(=O)[C@@H](O)[C@H]1O,UYUXSRADSPPKRZ-SKNVOMKLSA-N
-0.5629,CCCCOC(=O)C(C)O,MRABAEUHTLLEML-UHFFFAOYSA-N
-4.14,CC(=O)Oc1ccc(NC(=O)c2ccccc2)cc1,MBMANTPXLYUUGC-UHFFFAOYSA-N
-2.5,CN/C(=C/[N+](=O)[O-])NCCSCc1ccc(CN(C)C)o1,VMXUWOKSQNHOCA-LCYFTJDESA-N
0.8402733738,O=C1NCCN1,YAMHXTCMCPHKLN-UHFFFAOYSA-N
0.8723,CC(O)COC(C)CO,DUFKCOQISQKSAV-UHFFFAOYSA-N
-7.6382805905,CCNc1cc(C#N)c(N)c2c1C(=O)c1ccccc1C2=O,ATXPWKWYLDEURI-UHFFFAOYSA-N
-1.7,COc1c(Cl)ccc(Cl)c1C(=O)O,IWEDIXLBFLAXBO-UHFFFAOYSA-N
-2.168,N#CC(Cl)(Cl)Cl,DRUIESSIVFYOMK-UHFFFAOYSA-N
-5.767784581,CCCCC(CC)COC(=O)c1ccccc1,UADWUILHKRXHMM-UHFFFAOYSA-N
-1.6538265258000002,c1ccc2scnc2c1,IOJUPLGTWVMSFF-UHFFFAOYSA-N
-7.801238331,Cc1cc(C(C)(C)C)c(OP2OCC3(CO2)COP(Oc2c(C(C)(C)C)cc(C)cc2C(C)(C)C)OC3)c(C(C)(C)C)c1,SSADPHQCUURWSW-UHFFFAOYSA-N
-7.3271074817,CCCCCCCCCCCCCCOC(=O)CCCCCCCCCCCCC,DZKXJUASMGQEMA-UHFFFAOYSA-N
-1.1098,FC(F)(F)CCl,CYXIKYKBLDZZNW-UHFFFAOYSA-N
-2.3,Cc1c(NC(=O)Nc2ccccc2)c(=O)n(-c2ccccc2)n1C,MHDYKXPQKDDFFZ-UHFFFAOYSA-N
-3.5614,CCCCN(CCCC)C(=O)COC(=O)c1ccccc1,ORAHATGHUWMRCM-UHFFFAOYSA-N
-4.71,CC(=O)C1(O)CCC2C3CCC4=CC(=O)CCC4(C)C3CCC21C,DBPWSSGDRRHUNT-UHFFFAOYSA-N
-4.3468,Brc1cccc2ccccc12,DLKQHBOKULLWDQ-UHFFFAOYSA-N
-1.92,CCCCCCOC(N)=O,ROASJEHPZNKHOF-UHFFFAOYSA-N
-6.7715099068,COCCCN1C(=O)c2ccc3c(=O)n4c5ccc(C)cc5nc4c4ccc(c2c34)C1=O,PMZXKSSDXXNNIO-UHFFFAOYSA-N
-2.3519095035,CC(C)=CCC/C(C)=C/CO,GLZPCOQZEFWAFX-JXMROGBWSA-N
-3.499700952,CC(O)COc1ccc(C(C)(C)c2ccc(OCC(C)O)cc2)cc1,MIUUNYUUEFHIHM-UHFFFAOYSA-N
-5.49,C#CC1(O)CCC2C3CCc4cc(OC)ccc4C3CCC21C,IMSSROKUHAOUJS-UHFFFAOYSA-N
-1.0618038915,C=C(Br)C(=O)Nc1ccc(Nc2cc(S(=O)(=O)O)c(N)c3c2C(=O)c2ccccc2C3=O)c(S(=O)(=O)O)c1,BCENAVMKNRCXMQ-UHFFFAOYSA-L
-2.0886,Cc1cc(OC(=O)N(C)C)n(-c2ccccc2)n1,GEDIWDLJKRKBFT-UHFFFAOYSA-N
-6.8068,CC(C)c1cc(Oc2ccccc2)cc(C(C)C)c1NC(=S)NC(C)(C)C,WOWBFOBYOAGEEA-UHFFFAOYSA-N
0.9823282162,NCCOCCN,GXVUZYLYWKWJIM-UHFFFAOYSA-N
-0.7276,Cc1nc2c([nH]1)c(=O)n(C)c(=O)n2C,WZBKGWBHAPBSBF-UHFFFAOYSA-N
-2.2929334424000003,Nc1ccc(Cc2ccc(N)cc2)cc1,YBRVSVVVWCFQMG-UHFFFAOYSA-N
-8.2787650296,O=C(OOC(=O)c1ccc(Cl)cc1Cl)c1ccc(Cl)cc1Cl,WRXCBRHBHGNNQA-UHFFFAOYSA-N
-4.52,CCC(C)C(N)C(=O)OCCCCOC(=O)C(C)c1ccc2cc(OC)ccc2c1,UHSJNNFEGHBUMV-UHFFFAOYSA-N
-3.46,O=C1NC(=S)NC(=O)C12CCCCC2,XIOUPQUYEUYPAW-UHFFFAOYSA-N
-3.5843334863,O=[N+]([O-])c1cc(Cl)cc(Cl)c1,RNABGKOKSBUFHW-UHFFFAOYSA-N
-4.42,Cc1ccc(C(=O)N(O)c2ccc(Cl)cc2)cc1,IBCDULLCLULASH-UHFFFAOYSA-N
-8.2501920599,CCCCCCCC/C=C\CCCCCCCCNCCCN,VTXWSJAEIWTHCL-DJNDIFCPSA-N
-1.3016357757,CCCCOCCOCCOCOCCOCCOCCCC,DKWHHTWSTXZKDW-UHFFFAOYSA-N
-6.144,CCCCCCOC(=O)c1ccccc1C(=O)OCCCCCC,KCXZNSGUUQJJTR-UHFFFAOYSA-N
-2.1351,CC(Oc1ccc(Cl)cc1)C(=O)O,DKHJWWRYTONYHB-UHFFFAOYSA-N
-10.66,Clc1cc2oc3c(Cl)c(Cl)c(Cl)c(Cl)c3c2cc1Cl,LVYBAQIVPKCOEE-UHFFFAOYSA-N
-5.2804,CCCCC(CC)COP(=O)(Oc1ccccc1)Oc1ccccc1,CGSLYBDCEGBZCG-UHFFFAOYSA-N
0.5233,CCN(CC)C(=O)/C(Cl)=C(\C)OP(=O)(OC)OC,RGCLLPNLLBQHPF-HJWRWDBZSA-N
-1.65,CCN(CC)CCOC(=O)c1ccc(NC(C)=O)cc1,YMABTXMPJQRLCQ-UHFFFAOYSA-N
1.356,C1CO1,IAYPIBMASNFSPL-UHFFFAOYSA-N
-2.23,Cc1ccccc1Br,QSSXJPIWXQTSIX-UHFFFAOYSA-N
-3.73,c1ccc2c(c1)[nH]c1cnccc12,AIFRHYZBTHREPW-UHFFFAOYSA-N
-1.52,Nc1ccccc1C(=O)O,RWZYAGGXGHYGMB-UHFFFAOYSA-N
-2.6748435421,Cc1cc(Nc2cc(S(=O)(=O)O)c(N)c3c2C(=O)c2ccccc2C3=O)cc(S(=O)(=O)NCCO)c1C,MHHGZCMFNNAVCQ-UHFFFAOYSA-M
-4.3767049743,O=P(OC(CCl)CCl)(OC(CCl)CCl)OC(CCl)CCl,ASLWPAWFJZFCKF-UHFFFAOYSA-N
0.275,O=C(O)CC(CC(=O)O)C(=O)O,KQTIIICEAUMSDG-UHFFFAOYSA-N
0.3717171259,C1OCOCO1,BGJSXRVXTHVRSN-UHFFFAOYSA-N
-5.4653701933,CCCCCCCCN(C)C,SBDAPZFOTCURRM-UHFFFAOYSA-K
-1.1567,O=C(OCCO)c1ccccc1O,LVYLCBNXHHHPSB-UHFFFAOYSA-N
-0.4601924093,C[C@H](N)c1ccccc1,RQEUFEKYXDPUSK-ZETCQYMHSA-N
-2.39,CCCC(C)C1(CC)C(=O)NC(=O)NC1=O,WEXRUCMBJFQVBZ-UHFFFAOYSA-N
-5.6248375610000005,CC(C)CCC(C)Nc1ccc(Nc2ccccc2)cc1,UHJVLUYSDYOULM-UHFFFAOYSA-N
-1.082666634,CC(C)CN(C=O)CC(C)C,NTYICSDTCGMBQM-UHFFFAOYSA-N
-2.4199676473,O=CC1CCC2C3CCC(C3)C12,USPJNXWHVJTDJW-UHFFFAOYSA-N
-6.07,CC12C=CCC1C1CCC3CC(=O)CCC3(C)C1CC2,HFVMLYAGWXSTQI-UHFFFAOYSA-N
-2.5743,CCC1(CCC(C)C)C(=O)NC(=O)NC1=O,VIROVYVQCGLCII-UHFFFAOYSA-N
-0.96,CCOC(=O)CCC(=O)OCC,DKMROQRQHGEIOW-UHFFFAOYSA-N
-1.14,OCNC(=S)c1ccccc1,ULLWVDKMTKASGV-UHFFFAOYSA-N
-2.4091286640000003,C=CC(C)(O)CC/C=C(\C)CC,KRLBLPBPZSSIGH-CSKARUKUSA-N
-1.4743,O=C(O)c1ccsc1,YNVOMSDITJMNET-UHFFFAOYSA-N
-3.9923409786,CCC(=O)/C=C/C1C(C)=CCCC1(C)C,VPKMGDRERYMTJX-CMDGGOBGSA-N
-7.5829344883,CC1=Nn2c(nc3ccccc3c2=O)/C1=N/Nc1ccc(Cl)cc1[N+](=O)[O-],ISLYQRQYGGXHBQ-RCCKNPSSSA-N
-7.3999,Clc1ccccc1-c1c(Cl)c(Cl)cc(Cl)c1Cl,BMXRLHMJGHJGLR-UHFFFAOYSA-N
1.0404339534,NCC(O)CO,KQIGMPWTAHJUMN-UHFFFAOYSA-N
-0.953,NC(=O)c1ccccc1,KXDAEFPNCMNJSK-UHFFFAOYSA-N
-4.27,O=c1oc2ccccc2c(O)c1Cc1c(O)c2ccccc2oc1=O,DOBMPNYZJYQDGZ-UHFFFAOYSA-N
-0.18999534,C=COCCCCO,HMBNQNDUEFFFNZ-UHFFFAOYSA-N
-6.8786,c1ccc2c3c(ccc2c1)Nc1ccc2ccccc2c1S3,PTOPHPNCDGAXGC-UHFFFAOYSA-N
-4.5784028785,O=C(Nc1ccccc1)Nc1ccccc1NS(=O)(=O)c1ccccc1,BGLZECVIKIGPIF-UHFFFAOYSA-N
-2.52,CN(C)C1C(=O)C(C(N)=O)C(=O)C2(O)C(=O)C3C(=O)c4c(O)ccc(Cl)c4C(O)C3CC12,FMTDIUIBLCQGJB-UHFFFAOYSA-N
-2.597,Nc1ccc(S(=O)(=O)c2ccc(NCCO)cc2)cc1,LLBKEUTWJFQRJU-UHFFFAOYSA-N
-4.4503,CCCC(C)C(=O)Nc1ccc(C)c(Cl)c1,WGVWLKXZBUVUAM-UHFFFAOYSA-N
-3.22,CC(=O)NC(COC(=O)c1ccccc1)C(=O)O,RXFPBLZANMSMKQ-UHFFFAOYSA-N
-0.74,O=CC(=O)c1ccccc1,OJUGVDODNPJEEC-UHFFFAOYSA-N
-3.6,CCCC(C)C1(CC)C(=O)NC(=S)NC1=O,IUJDSEJGGMCXSG-UHFFFAOYSA-N
-5.0994877858,CC1(C)CCCC2(C)C1CCC1(C)OCCC12,YPZUZOLGGMJZJO-UHFFFAOYSA-N
-2.1807658976,CC(C)(C)c1ccc(S(=O)(=O)Nc2ccc3cc(S(=O)(=O)c4cc5c(c(S(=O)(=O)O)c4N)Oc4c(Cl)c6c(c(Cl)c4=N5)Oc4c(ccc(N)c4S(=O)(=O)O)N=6)ccc3c2)cc1,PDTCPVSOIVGWMZ-UHFFFAOYSA-N
-0.5395,O=C(O)C1CCNCC1C(=O)O,UBLWASUIZDSYFN-UHFFFAOYSA-N
-2.44,COc1ccc2cc(C(C)C(=O)OC(C)OC(=O)CN)ccc2c1,WVZTUUIUEUVJGM-UHFFFAOYSA-N
0.835,NCCNCCNCCN,VILCJCGEZXAXTO-UHFFFAOYSA-N
-3.0081,CCCCCCCCNC(=O)c1cccnc1,JSIDBRSPTZXMGO-UHFFFAOYSA-N
-2.1707,O=CC(=O)Cc1ccccc1,OFMBSIAKTAZWIE-UHFFFAOYSA-N
-7.4052,Clc1cc(-c2cccc(Cl)c2Cl)cc(Cl)c1Cl,GWOWBISZHLPYEK-UHFFFAOYSA-N
-1.18,Nc1ccn(C2CC(F)C(CO)O2)c(=O)n1,HNSUDSIHCJEYQG-UHFFFAOYSA-N
-0.8025,CCCC(O)CC,ZOCHHNOQQHDWHG-UHFFFAOYSA-N
-3.085,COc1c([N+](=O)[O-])cc([N+](=O)[O-])cc1[N+](=O)[O-],FMXDVBRYDYFVGS-UHFFFAOYSA-N
-3.71,O=[N+]([O-])c1cccc2ccccc12,RJKGJBPXVHTNJL-UHFFFAOYSA-N
-0.8457609068,NNC(N)=S,BRWIZMBXBAOCCF-UHFFFAOYSA-N
-1.9572,Nc1ccc(C(=O)O)c(O)c1,WUBBRNOQWQTFEX-UHFFFAOYSA-N
-1.2298,CC(C)(C)NCC(O)c1ccc(O)c(CO)c1,NDAUXUAQIAJITI-UHFFFAOYSA-N
-1.6020599913,CCCCCOC=O,DIQMPQMYFZXDAX-UHFFFAOYSA-N
-4.53,CC(C)OC(=O)C(O)(c1ccc(Cl)cc1)c1cccc(Cl)c1,XCKRRIQXHFBKKB-UHFFFAOYSA-N
-4.6451400046,CCCCC(CC)COC(C)=O,WOYWLLHHWAMFCB-UHFFFAOYSA-N
-4.07,O=C(O)c1ccc(P(=O)(O)c2ccccc2)cc1,BFSMULOSYIQCGJ-UHFFFAOYSA-N
-0.9895,C=C(C)Cn1c(N)cc(=O)n(C)c1=O,FXNYSZHYMGWWEZ-UHFFFAOYSA-N
-2.4821,CC(Cc1ccc(C(C)(C)C)cc1)CN1CC(C)OC(C)C1,RYAUSSKQMZRMAI-UHFFFAOYSA-N
-7.9260469847,CCCCCCCCCc1cccc(Nc2cccc(CCCCCCCCC)c2)c1,NBJDNCGUUVZUIB-UHFFFAOYSA-N
-2.0737299237,COC(=O)c1cc(C(=O)O)cc([N+](=O)[O-])c1,ZCRNIIJXDRYWDU-UHFFFAOYSA-N
-1.4155738757,CC(=O)CCCCCl,CMDIDTNMHQUVPE-UHFFFAOYSA-N
-2.3097,CC(=O)Nc1ccc(Cl)cc1C,WMHHXYOPEQARIN-UHFFFAOYSA-N
0.7116903978,OCCOCCOCCOCCO,UWHCKJMYHZGTIT-UHFFFAOYSA-N
-1.8898,CCC(Cl)(Cl)Cl,AVGQTJUPLKNPQP-UHFFFAOYSA-N
0.7898,c1cncc([C@@H]2CCCCN2)c1,MTXSIJUGVMTTMU-JTQLQIEISA-N
-5.4919252104,COc1ccc(/C=C/C(=O)OCCC(C)C)cc1,UBNYRXMKIIGMKK-RMKNXTFCSA-N
-3.1265,CCCCCCO[N+](=O)[O-],AGDYNDJUZRMYRG-UHFFFAOYSA-N
-7.82,Clc1ccc(-c2cc(Cl)cc(Cl)c2Cl)c(Cl)c1,SUOAMBOBSWRMNQ-UHFFFAOYSA-N
-6.058168845700001,C=C(C)C(=O)OCCC(F)(F)C(F)(F)C(F)(F)C(F)(F)C(F)(F)C(F)(F)F,CDXFIRXEAJABAZ-UHFFFAOYSA-N
-2.6867,C=CCCC=C,PYGSKMBEVAICCR-UHFFFAOYSA-N
-3.9,Cc1cccc(C)c1NC(=O)c1cc(S(N)(=O)=O)c(Cl)cc1O,MTZBBNMLMNBNJL-UHFFFAOYSA-N
-3.2408,C[C@]12C[C@H](O)[C@H]3[C@@H](CCC4=CC(=O)CC[C@@]43C)[C@@H]1CC[C@@H]2C(=O)CO,OMFXVFTZEKFJBZ-HJTSIMOOSA-N
-2.8409,COc1ccc(O)c([N+](=O)[O-])c1,YBUGOACXDPDUIR-UHFFFAOYSA-N
-0.8495729560999999,ON=C1CCCCC1,VEZUQRBDRNJBJY-UHFFFAOYSA-N
-1.53,CN(C)C(=O)n1cc(F)c(=O)[nH]c1=O,WMGRASJOZJGTSP-UHFFFAOYSA-N
-0.14,Cn1nnnc1SCC1=C(C(=O)O)N2C(=O)C(NC(=O)C(O)c3ccccc3)C2SC1,OLVCFLKTBJRLHI-UHFFFAOYSA-N
-8.94,Clc1cc(Cl)c(-c2c(Cl)c(Cl)cc(Cl)c2Cl)cc1Cl,UDMZPLROONOSEF-UHFFFAOYSA-N
-0.8829,O=C(O)C(F)(F)C(F)F,SGUSXTMVKMPQKI-UHFFFAOYSA-M
-3.1435,Cc1cnc(NS(=O)(=O)c2ccc(N)cc2)nc1C,IHEAINLLXOBUEW-UHFFFAOYSA-N
-3.14,CC1=C(C(=O)Nc2ccccc2)SCCO1,GYSSRZJIHXQEHQ-UHFFFAOYSA-N
-2.3922,O=C(O)CNc1c([N+](=O)[O-])cc([N+](=O)[O-])cc1[N+](=O)[O-],BUBMNUKMCHTIRR-UHFFFAOYSA-N
-7.5440264742,Cc1cc(C(C)(C)C)c(O)c(C)c1Cn1c(=O)n(Cc2c(C)cc(C(C)(C)C)c(O)c2C)c(=O)n(Cc2c(C)cc(C(C)(C)C)c(O)c2C)c1=O,XYXJKPCGSGVSBO-UHFFFAOYSA-N
-5.945,O=S1(=O)OCC2C(CO1)C1(Cl)C(Cl)=C(Cl)C2(Cl)C1(Cl)Cl,AAPVQEMYVNZIOO-UHFFFAOYSA-N
-2.99,CN1C(=O)CCC(N2C(=O)c3ccccc3C2=O)C1=O,IYYPLFUVXTVBLD-UHFFFAOYSA-N
0.966,NCc1ccncc1,TXQWFIVRZNOPCK-UHFFFAOYSA-N
-6.8754,Clc1ccc(-c2ccc(Cl)c(Cl)c2Cl)cc1,XLDBTRJKXLKYTC-UHFFFAOYSA-N
-5.3154,CC(=O)c1cc2c(cc1C)C(C)(C)C(C)CC2(C)C,DNRJTBAOUJJKDY-UHFFFAOYSA-N
-3.4507,NS(=O)(=O)c1cc(C2(O)NC(=O)c3ccccc32)ccc1Cl,JIVPVXMEBJLZRO-UHFFFAOYSA-N
-1.5598,CCCC(=O)OCCOCCOCCOC(=O)CCC,AJMJPGWUPHIMKQ-UHFFFAOYSA-N
-2.6878,O=C1OCCC1N(C(=O)C1CC1)c1cccc(Cl)c1,KRZUZYJEQBXUIN-UHFFFAOYSA-N
-1.0142,CCC(C)(C)NC(N)=O,OVUWGANMOQIFHZ-UHFFFAOYSA-N
-0.0375898256999999,CO[P+](=O)OC,YLFBFPXKTIQSSY-UHFFFAOYSA-N
-8.11,C#CC1(OC(=O)c2ccc(-c3ccccc3)cc2)CCC2C3CCC4=CC(=O)CCC4C3CCC21C,PEZADNLTLSQNPI-UHFFFAOYSA-N
1.558,CNC,ROSDSFDQCJNGOL-UHFFFAOYSA-N
-1.33,NS(=O)(=O)c1cc2cc(CNCc3ccccn3)sc2o1,ZJNVFBLZPCRQOR-UHFFFAOYSA-N
-6.4517618811,CCCCCCCC/C=C\CCCCCCCC(=O)NC(CO)C(O)CCCCCCCCCCCCCCC,MJQIARGPQMNBGT-ZCXUNETKSA-N
0.8121,CN(C)P(=O)(F)N(C)C,PGJBQBDNXAZHBP-UHFFFAOYSA-N
-0.3226,O=CC(O)C(O)C(O)C(O)C(O)CO,YPZMPEPLWKRVLD-UHFFFAOYSA-N
-5.839,CC(=O)CC(c1ccc(Cl)cc1)c1c(O)c2ccccc2oc1=O,DEKWZWCFHUABHE-UHFFFAOYSA-N
-4.5171,CCOP(=S)(OCC)SCn1nnc2ccccc2c1=O,RQVGAIADHNPSME-UHFFFAOYSA-N
-0.1416667622,O=C(O)[C@H](O)c1ccccc1,IWYDHOAUDWTVEP-SSDOTTSWSA-N
-5.68,CCOC(=O)C1=C(C)NC(C)=C(C(=O)OC)C1c1cccc(Cl)c1Cl,RZTAMFZIAATZDJ-UHFFFAOYSA-N
-1.8438,CCSCCSP(=O)(OC)OC,WEBQKRLKWNIYKK-UHFFFAOYSA-N
0.5112,CCOP(=O)(OC)OC,JQVXMIPNQMYRPE-UHFFFAOYSA-N
-5.6201,O=[N+]([O-])c1ccc(Oc2c(Cl)cc(Cl)cc2Cl)cc1,XQNAUQUKWRBODG-UHFFFAOYSA-N
-1.28,NS(=O)(=O)c1cc2c(s1)C(O)CCS2(=O)=O,LNVGTRNKWNAINT-UHFFFAOYSA-N
-4.634,CCN1c2ncccc2C(=S)N(C)c2cccnc21,YNARWAUTTJJADX-UHFFFAOYSA-N
-7.13,Clc1ccc(C(c2ccccc2Cl)C(Cl)(Cl)Cl)cc1,CVUGPAFCQJIYDT-UHFFFAOYSA-N
-2.52,CCc1ccc(C(=O)O)cc1,ZQVKTHRQIXSMGY-UHFFFAOYSA-N
0.6335459397,NCCN1CCNC1=O,PODSUMUEKRUDEI-UHFFFAOYSA-N
-3.1,OCC(O)C(O)C(O)C=NN(c1ccccc1)c1ccccc1,IHTGGLAKTYJQIY-UHFFFAOYSA-N
-7.16,C#CC1(OC(=O)C(C)(C)C)CCC2C3CCC4=CC(=O)CCC4C3CCC21C,PZXAQHCWXLHKAY-UHFFFAOYSA-N
-3.2671,CC1=CCCCC1,CTMHWPIWNRWQEG-UHFFFAOYSA-N
-1.495423095,O=c1n(CC2CO2)c(=O)n(CC2CO2)c(=O)n1CC1CO1,OUPZKGBUJRBPGC-UHFFFAOYSA-N
-0.87,CC(C(=O)N(C)C)S(=O)(=O)c1ccccc1,OFPHVMUTNZBKLX-UHFFFAOYSA-N
-2.4540578458,CC(C)CC(=O)CC(C)C,PTTPXKJBFFKCEK-UHFFFAOYSA-N
-1.4969,CSSC,WQOXQRCZOLPYPM-UHFFFAOYSA-N
-1.5241,O=C(O)[C@H]1CC[C@H](C(=O)O)SS1,NQRRVGBUZRSXRF-QWWZWVQMSA-N
-3.96,c1ccc(Oc2ccccc2)cc1,USIUVYZYUHIAEV-UHFFFAOYSA-N
1.1242964559,CNCCO,OPKOKAMJFNKNAS-UHFFFAOYSA-N
-4.91,CCC(=O)OCN1C(=O)NC(c2ccccc2)(c2ccccc2)C1=O,FBQTWGHLMQUOQL-UHFFFAOYSA-N
-2.7,O=c1oc2ccc(Cl)cc2n1CO,FSCPTWHCVYVMGT-UHFFFAOYSA-N
-2.77,CCC(CC)(C(=O)NC(N)=O)C(=O)OC(C)C,DGTCYQZOIKAZMK-UHFFFAOYSA-N
-2.7354179060000003,O=c1[nH]c2ccccc2c(=O)o1,TXJUTRJFNRYTHH-UHFFFAOYSA-N
-6.8137,CC1(C)[C@H](C=C(Cl)Cl)[C@H]1C(=O)OCc1c(F)c(F)cc(F)c1F,DDVNRFNDOPPVQJ-HQJQHLMTSA-N
-1.8,O=[N+]([O-])c1ccccc1,LQNUZADURLCDLV-UHFFFAOYSA-N
-3.3865,CCCOP(=O)(OCCC)Oc1ccc(SC)cc1,PWYIUEFFPNVCMW-UHFFFAOYSA-N
-4.953059618999999,C#CC(C)(O)CCCC(C)CCCC(C)C,OWRXWSVBJIIORE-UHFFFAOYSA-N
-1.1556,O=[N+]([O-])c1cc(CCO)ccc1O,IPWLQQBKTBBLID-UHFFFAOYSA-N
0.2656,CN(C)C(=O)c1ccc(C(=O)N(C)C)cc1,MKIKJJUYURBXJT-UHFFFAOYSA-N
-5.3545731075,CC1CCC(C(C)C)CC1,CFJYNSNXFXLKNS-UHFFFAOYSA-N
-5.85,CCOP(=S)(OCC)SC(CCl)N1C(=O)c2ccccc2C1=O,MUMQYXACQUZOFP-UHFFFAOYSA-N
-2.94,CC(=O)OCC1=C(C(=O)O)N2C(=O)C(NC(=O)Cc3cccs3)C2SC1,XIURVHNZVLADCM-UHFFFAOYSA-N
0.9741986662,OCCOCCO,MTHSVFCYNBDYFN-UHFFFAOYSA-N
-5.5126055421,O=C(OC1CCCCC1)c1ccccc1C(=O)OC1CCCCC1,VOWAEIGWURALJQ-UHFFFAOYSA-N
-3.8226,CC(C)Cc1nnc(NS(=O)(=O)c2ccc(N)cc2)s1,IDXLLBBFRBQZFE-UHFFFAOYSA-N
-3.19,CC(NC(=O)Cc1ccccc1)c1ccccc1,YPFYOAJCSYWUGO-UHFFFAOYSA-N
0.7539645195999999,CCOCCOCCOC(C)=O,FPZWZCWUIYYYBU-UHFFFAOYSA-N
-2.4660307863,Cc1cc(Cl)ccc1OC(C)C(=O)O,WNTGYJSOUMFZEP-UHFFFAOYSA-N
0.487,CN(C)C(=O)c1cccc(C(=O)N(C)C)c1,SVWDHNLFFDIWHM-UHFFFAOYSA-N
-4.871,CCN1c2cc(N(C)C)cc(C)c2NC(=O)c2cccnc21,ZLVJUFHIMOUPMS-UHFFFAOYSA-N
-2.08,CCOC(=O)C(CC)(CC)C(=O)NC(N)=O,KIOURYUVFMVQEI-UHFFFAOYSA-N
-2.01,O=C(O)C1=CC(=NNc2ccccc2[N+](=O)[O-])C=CC1=O,OVZUMYVWPIEZMH-UHFFFAOYSA-N
0.8350942171,CCC1(CO)COCOC1,BGFBWRWYROQISE-UHFFFAOYSA-N
0.9095,Cc1cc(C)c[n+]([O-])c1,SSTLCMOZTCLOLQ-UHFFFAOYSA-N
-6.2264,N#CC(CCc1ccc(Cl)cc1)(Cn1cncn1)c1ccccc1,RQDJADAKIFFEKQ-UHFFFAOYSA-N
-3.8118,O=C(OCCOc1ccc(Cl)cc1Cl)c1ccccc1,LGURYBCSJPXHTF-UHFFFAOYSA-N
-7.44,Cc1cc(Cl)c(Cl)c(Cl)c1Cc1ccc(Cl)cc1,ZCGZBWMAQSDEHU-UHFFFAOYSA-N
-2.3572,CNC(=O)Oc1ccc(N(C)C)c(C)c1,IMIDOCRTMDIQIJ-UHFFFAOYSA-N
-3.4,CCc1nnc(NS(=O)(=O)c2ccc(NC(C)=O)cc2)s1,UPRXAKRITNJEII-UHFFFAOYSA-N
-2.245,CSc1nnc(C(C)(C)C)c(=O)n1N,FOXFZRUHNHCZPX-UHFFFAOYSA-N
-1.7891,CC1OC(=O)c2cc(N)ccc21,AJZKMDAYNXJZOR-UHFFFAOYSA-N
-2.53,CCCC1(CCC)C(=O)NC(=O)NC1=O,RCOUWKSZRXJXLA-UHFFFAOYSA-N
-1.9255,Nc1cccc2ccccc12,RUFPHBVGCFYCNW-UHFFFAOYSA-N
-3.1389,CNC(=O)OCc1ccc(Cl)c(Cl)c1,DSVOTYIOPGIVPP-UHFFFAOYSA-N
0.0093,OCCCBr,RQFUZUMFPRMVDX-UHFFFAOYSA-N
-5.437,Clc1cccc(Oc2ccc(Cl)c(Cl)c2)c1,BUKLLCIUMZELOH-UHFFFAOYSA-N
-2.9677,O=C(O)c1ccc(Br)c([N+](=O)[O-])c1,RVCTZJVBWNFYRU-UHFFFAOYSA-N
-0.9525,COc1cccc(OC)c1O,KLIDCXVFHGNTTM-UHFFFAOYSA-N
-3.8945,CCCCCCCCOC(=O)c1cc(O)c(O)c(O)c1,NRPKURNSADTHLJ-UHFFFAOYSA-N
-0.2186,CCOP(=O)(C#N)N(C)C,PJVJTCIRVMBVIA-UHFFFAOYSA-N
-2.3698,CNC(=O)O/N=C/C1(C)SCC(C)S1,GHFMMRFMDHDOBP-BJMVGYQFSA-N
-4.4292,CCOc1nc(F)cc2nc(S(=O)(=O)Nc3c(Cl)cccc3C(=O)OC)nn12,BIKACRYIQSLICJ-UHFFFAOYSA-N
-2.9328521233,CCCC(=O)OCCC(C)C,PQLMXFQTAMDXIZ-UHFFFAOYSA-N
-4.79,CC(CN(C)C)CN1c2ccccc2CCc2ccccc21,ZSCDBOWYZJWBIY-UHFFFAOYSA-N
-1.3297,CCOC(=O)CCCC(=O)OCC,OUWSNHWQZPEFEX-UHFFFAOYSA-N
-7.255740326000001,O=C1c2ccccc2C2=Nc3cccc4cccc(c34)N12,XFYQEBBUVNLYBR-UHFFFAOYSA-N
-5.44,COc1cc(O)c(CC=C(C)C)c2c1C(=O)CC(c1ccc(O)cc1)O2,YKGCBLWILMDSAV-UHFFFAOYSA-N
-2.2888,O=c1[nH]cnc2nc[nH]c12,FDGQSTZJBFJUBT-UHFFFAOYSA-N
-0.38,CCC1(CC)C(=O)NCC(C)C1=O,SIDLZWOQUZRBRU-UHFFFAOYSA-N
-3.1378557654000003,C/C=C/C(=O)C1C(C)=CCCC1(C)C,CRIGTVCBMUKRSL-FNORWQNLSA-N
-2.22,CC1(C)SCC(COC(N)=O)S1,NVMAYDSQOSXSJU-UHFFFAOYSA-N
-4.3588570696,CN(c1ccccc1)S(=O)(=O)C1=CC(=O)C2=C(NNc3ccc(NC(=O)CCl)cc3S(=O)(=O)O)C(=N)C=CC2=C1,NVRGYEUIJNZYKB-UHFFFAOYSA-M
-3.2676,CC(=O)CCC1C(=O)N(c2ccccc2)N(c2ccccc2)C1=O,LGYTZKPVOAIUKX-UHFFFAOYSA-N
-6.3168,ClC1=C(Cl)C2(Cl)C3C(Cl)C=CC3C1(Cl)C2(Cl)Cl,FRCCEHPWNOQAEU-UHFFFAOYSA-N
-1.7306,CN(C)C(=N)N,SWSQBOPZIKWTGO-UHFFFAOYSA-N
-6.14,O=C(O)c1cc(/N=N/c2ccc(S(=O)(=O)Nc3ccccn3)cc2)ccc1O,NCEXYHBECQHGNR-QZQOTICOSA-N
-0.7773,N/C(N=O)=C(\N)NO,XYIWQQBZKLUEND-UPHRSURJSA-N
-1.86,CCCC(=O)OCn1cnc2c1c(=O)n(C)c(=O)n2C,BCXKOIICQXXQJZ-UHFFFAOYSA-N
-6.1987525576,COc1ccc(-c2cc(=O)c3c(O)cc(O)cc3o2)cc1O,MBNGWHIJMBWFHU-UHFFFAOYSA-N
0.6474063078,C[N+](C)(C)CC(O)CCl,CSPHGSFZFWKVDL-UHFFFAOYSA-M
-5.0774,CC(C)(C)c1ccc(OP(=O)(Oc2ccccc2)Oc2ccccc2)cc1,ULGAVXUJJBOWOD-UHFFFAOYSA-N
-3.82,CC=CCCCC,OTTZHAVKAVGASB-UHFFFAOYSA-N
-1.6240034803,NC1CCC(CC2CCC(N)CC2)CC1,DZIHTWJGPDVSGE-UHFFFAOYSA-N
-6.3846168146,CCCCCCCCOCCCCCCCC,NKJOXAZJBOMXID-UHFFFAOYSA-N
-6.644,Cc1cccc2ccc3cc4ccccc4cc3c12,MWMBCXXTFFHALK-UHFFFAOYSA-N
-2.83,CCCC(=O)OCn1ncc2c(=O)[nH]cnc21,IIVOEPVKDWTLJB-UHFFFAOYSA-N
-7.9081,c1ccc2c3c(ccc2c1)Sc1ccc2ccccc2c1N3,FCTDXVQYLPZTNX-UHFFFAOYSA-N
-6.9837209828,c1ccc2c(c1)-c1nc3nc(nc4[nH]c(nc5[nH]c(nc-2n1)c1ccccc51)c1ccccc41)-c1ccccc1-3,PODBBOVVOGJETB-UHFFFAOYSA-N
-3.53,CCN(CC)C(=O)/C(C#N)=C\c1cc(OC(=O)NC(C)(C)C)c(O)c([N+](=O)[O-])c1,BSVGCJGACKDNDR-JYRVWZFOSA-N
-1.78,CC(=O)Nc1ccc(F)cc1,JHEFOJNPLXSWNZ-UHFFFAOYSA-N
-3.6298,Clc1ccc(Br)cc1,NHDODQWIKUYWMW-UHFFFAOYSA-N
0.39,CC(CC(=O)Nc1ccccc1)C(=O)O,WOTSYQVYXBEKOX-UHFFFAOYSA-N
-0.6787,NNC(=O)c1nccs1,OPJYIWMGTSMLKB-UHFFFAOYSA-N
-2.432,CC(C)CBr,HLVFKOKELQSXIQ-UHFFFAOYSA-N
-3.949,CCCCCCOC(=O)c1ccc(O)cc1,ULULAZKOCFNOIM-UHFFFAOYSA-N
-3.4585,C=CCC1(C(C)CCC)C(=O)NC(=S)NC1=O,XLOMZPUITCYLMJ-UHFFFAOYSA-N
-2.9,CN1CC2CC1CN2c1cc2c(cc1F)c(=O)c(C(=O)O)cn2C1CC1,QMLVECGLEOSESV-UHFFFAOYSA-N
-6.9330922951,CCCCCCC(=O)OCC(COC(=O)CCCCCC)OC(=O)CCCCCC,PJHKBYALYHRYSK-UHFFFAOYSA-N
-1.16,O=C(c1ccccc1)C(F)(F)F,KZJRKRQSDZGHEC-UHFFFAOYSA-N
-6.7708,CCCCCCCCCCCCC(O)CCC,JIMMILCKVYOFET-UHFFFAOYSA-N
-5.9821152675,CCN(CC)c1ccc(N=Nc2ccccc2)cc1,SJJISKLXUJVZOA-UHFFFAOYSA-N
-3.1364,S=C=NCc1ccccc1,MDKCFLQDBWCQCV-UHFFFAOYSA-N
-3.86,Nc1nc2ncc(=O)[nH]c2c(=O)[nH]1,VURKRJGMSKJIQX-UHFFFAOYSA-N
-5.136722389,CC(C)(C)NSc1nc2ccccc2s1,IUJLOAKJZQBENM-UHFFFAOYSA-N
-2.99,COc1ccc(CN(CCN(C)C)c2ncccn2)cc1,GULNIHOSWFYMRN-UHFFFAOYSA-N
-4.44,S=C=Nc1ccc2ccccc2c1,RTMXPNYHPHIDHX-UHFFFAOYSA-N
-1.89,COC1=C(C(=O)O)N2C(=O)C(NC(=O)C(N)C3=CCC=CC3)C2SC1,RDMOROXKXONCAL-UHFFFAOYSA-N
-2.5301,CC(O)C(O)c1cnc2nc(N)[nH]c(=O)c2n1,LHQIJBMDNUYRAM-UHFFFAOYSA-N
-6.287000000000001,Clc1ccc(-c2ccccc2Cl)cc1Cl,RIMXLXBUOQMDHV-UHFFFAOYSA-N
-4.8,Nc1ccc(S(=O)(=O)Nc2ccn(Cc3ccccc3)c(=O)n2)cc1,HLCYDXRGEPUIOB-UHFFFAOYSA-N
-0.6,NNC(=O)c1ccc2c(c1)OCO2,RAXBGBHBUFGWPG-UHFFFAOYSA-N
-2.8,O=C(C(=O)c1ccccc1)c1ccccc1,WURBFLDFSFBTLW-UHFFFAOYSA-N
-0.4042589172,O=C1CCC(C(=O)O)N1,ODHCTXKNWHHXJC-UHFFFAOYSA-N
-4.003482074,Clc1cccc(Cl)c1Cl,RELMFMZEBKVZJC-UHFFFAOYSA-N
-8.146786216599999,Cc1cc(Cc2cc(C)cc(C3(C)CCCCC3)c2O)c(O)c(C2(C)CCCCC2)c1,PHXLONCQBNATSL-UHFFFAOYSA-N
-1.9549,Cc1cc(C)c(N)cc1C,BMIPMKQAAJKBKP-UHFFFAOYSA-N
-4.366128471100001,CC(CC(C)(C)C)CP(=O)(O)CC(C)CC(C)(C)C,QUXFOKCUIZCKGS-UHFFFAOYSA-N
-2.4568,O=C(Nc1ccccc1)C(O)(O)C(=O)Nc1ccccc1,LBGDJUYHCRTMQV-UHFFFAOYSA-N
-1.2558,O=C(O)C1=CCCCC1,NMEZJSDUZQOPFE-UHFFFAOYSA-N
-1.43,CCN(CC)C(=O)COC(=O)c1cn(CC)c2nc(C)ccc2c1=O,XZIBWWMTMXSPOO-UHFFFAOYSA-N
-6.77,Clc1cc(Oc2ccccc2)cc(Cl)c1Cl,ZQCCHNBMSHOJAT-UHFFFAOYSA-N
-1.67,CCOC(=O)CN(C)C(=O)COC(=O)c1ccccc1,VPGYQOPHCDIWSQ-UHFFFAOYSA-N
0.28,O=C1OC(C(O)CO)C(=O)C1O,CIWBSHSKHKDKBQ-UHFFFAOYSA-N
-2.23,O=C1c2ccccc2C(=O)C1S(=O)(=O)O,RFDBNYYZXOVYMC-UHFFFAOYSA-N
-1.27,CC(CN1CC(=O)NC(=O)C1)N1CC(=O)NC(=O)C1,BMKDZUISNHGIBY-UHFFFAOYSA-N
-2.3711973931,CC1=CC(C)C(CO)C(C)C1,DMXUBGVVJLVCPB-UHFFFAOYSA-N
-3.6,O=C(O)c1cn(C2CC2)c2cc(N3CCNCC3)c(F)cc2c1=O,MYSWGUAQZAJSOK-UHFFFAOYSA-N
-1.6839,CC(NC(=O)c1ccccc1)C(=O)O,UAQVHNZEONHPQG-UHFFFAOYSA-N
-7.48,Clc1cc(Cl)c(Oc2cccc(Cl)c2Cl)cc1Cl,ABYZYVAIOYICJQ-UHFFFAOYSA-N
-2.0123777929,CCC(C)c1ccccc1O,NGFPWHGISWUQOI-UHFFFAOYSA-N
-1.7696,CCc1cc(C)cc(O)c1,XTCHLXABLZQNNN-UHFFFAOYSA-N
-4.3945,CC(C)CC(=O)Oc1ccc([N+](=O)[O-])cc1,SZQWZNOMEWDZLR-UHFFFAOYSA-N
-4.09,Nc1cccc(Nc2ccccc2C(=O)O)c1,UIPDOEPZZQRQKQ-UHFFFAOYSA-N
-1.3352536727,Cc1ccc(N)c(C)c1,CZZZABOKJQXEBO-UHFFFAOYSA-N
-7.9503,Clc1ccc(-c2cc(Cl)c(Cl)cc2Cl)c(Cl)c1,LMQJBFRGXHMNOX-UHFFFAOYSA-N
-7.1853905644000005,CCCC1CCC(c2ccc(-c3ccc(CC)cc3)cc2)CC1,DOALOUQODWWGEZ-UHFFFAOYSA-N
-2.9801,Cc1cc(O)c(Cl)c(C)c1Cl,IYOLBFFHPZOQGW-UHFFFAOYSA-N
-5.1485,CS(=O)(=O)N(SC(Cl)(Cl)C(F)(Cl)Cl)c1ccccc1,SVIKNKPDPGCMAE-UHFFFAOYSA-N
-0.4985,NNC(=O)C(O)C(O)C(O)C(O)CO,DSSOAANULUSBGQ-UHFFFAOYSA-N
-1.2843,NC(=O)OCC(Cl)(Cl)Cl,QPLJYAKLSCXZSF-UHFFFAOYSA-N
-3.2069094899,ClCc1ccccc1Cl,BASMANVIUSSIIM-UHFFFAOYSA-N
-1.6682980883,C=CC(=O)OC(C)COCC(C)OC(=O)C=C,RNJVAUBBYGWVBF-UHFFFAOYSA-N
-3.7276952246,FC(F)(F)c1ccc(Cl)cc1,QULYNCCPRWKEMF-UHFFFAOYSA-N
-3.11,CC12CCC(=O)C=C1CCC1C2C(=O)CC2(C)C1CCC2(O)C(=O)CO,MFYSYFVPBJMHGN-UHFFFAOYSA-N
-2.065,CCOCCOC(=O)CCCCC(=O)OCCOCC,NJEMMCIKSMMBDM-UHFFFAOYSA-N
-8.6679,c1ccc2c(c1)ccc1cc3c(ccc4ccccc43)cc12,LHRCREOYAASXPZ-UHFFFAOYSA-N
-7.87,c1ccc2c(c1)ccc1c2ccc2c3ccccc3ccc21,GBROPGWFBFCKAG-UHFFFAOYSA-N
-1.9521,CC(C)CO[N+](=O)[O-],LNNXFUZKZLXPOF-UHFFFAOYSA-N
0.4850619562,CCCC[N+](C)(CCCC)CCCC,DXJLCRNXYNRGRA-UHFFFAOYSA-M
-4.2526115544,CCN(CCC#N)c1ccc(N=Nc2ccc([N+](=O)[O-])cc2Cl)cc1,NPBDWXMKLFBNIW-UHFFFAOYSA-N
-2.4153529113,CC(=O)OCC1OC(OC(C)=O)C(OC(C)=O)C(OC(C)=O)C1OC(C)=O,LPTITAGPBXDDGR-UHFFFAOYSA-N
-3.61,COc1cc(OC)cc(C(=O)N(O)c2cccc(C)c2)c1,PDNYHBVQDYRJOT-UHFFFAOYSA-N
-0.85,CCCCC=O,HGBOYTHUEUWSSQ-UHFFFAOYSA-N
-0.9299,C=C(C)C(=O)C(=CC(=O)O)OC,VOUGEZYPVGAPBB-UHFFFAOYSA-N
-0.84,NS(=O)(=O)c1ccc(NO)cc1,JLGHCFNZJKVXAE-UHFFFAOYSA-N
-5.5693457861,O=C(CBr)Nc1ccc(Cl)cc1C(=O)c1ccccc1F,WUZSFIKFFXBHMB-UHFFFAOYSA-N
-2.1637,O=C(O)COc1ccccc1Cl,OPQYFNRLWBWCST-UHFFFAOYSA-N
0.9620638041,OCc1cccnc1,MVQVNTPHUGQQHK-UHFFFAOYSA-N
-0.1473736792,ClCC1CO1,BRLQWZUYTZBJKN-UHFFFAOYSA-N
0.1927727267,Cc1c(O)cccc1O,ZTMADXFOCUXMJE-UHFFFAOYSA-N
-5.199,Clc1ccc(Oc2ccccc2Cl)cc1Cl,VBNJGYOQZAENPO-UHFFFAOYSA-N
-1.0490000000000002,CCCCCCOCCOCCO,GZMAAYIALGURDQ-UHFFFAOYSA-N
-6.8888082879,O=C(CBr)Nc1ccc(Cl)cc1C(=O)c1ccccc1Cl,JQMAWYRGSOSWNJ-UHFFFAOYSA-N
-2.0652647201,C=CCOC(=O)OCCOCCOC(=O)OCC=C,JHQVCQDWGSXTFE-UHFFFAOYSA-N
-0.18,CC(C)C(C)O,MXLMTQWGSQIYOW-UHFFFAOYSA-N
-2.5546,ClC(Br)CBr,DVTKTUMRXCKEEG-UHFFFAOYSA-N
-7.335707322699999,CCCCCCCCCCCCCCC(C)c1cc(C)cc(C)c1O,TVWGHFVGFWIHFN-UHFFFAOYSA-N
-0.3,CC(C)COC(N)=O,BRUZQRBVNRKLJG-UHFFFAOYSA-N
-1.6194,O=P(O)(O)c1cccc2ccccc12,YOOYVODKUBZAPO-UHFFFAOYSA-N
-3.04,FC(Cl)(Cl)CCl,ZKVMMSGRDBQIOQ-UHFFFAOYSA-N
-7.981147656799999,Cc1cc([N+](=O)[O-])ccc1N/N=C1\C(=O)C(C(=O)Nc2ccccc2C)=Cc2ccccc21,DNOBQSKPOIGIIX-NFFVHWSESA-N
0.1128,N#Cc1cccnc1,GZPHSAQLYPIAIN-UHFFFAOYSA-N
-1.41,NC1C(O)C(O)C(O)C(O)C1O,JXAOTICXQLILTC-UHFFFAOYSA-N
-1.96,O=C(O)Cn1ccc2cc3c(Nc4cccc(Br)c4)ncnc3cc21,CBFIWURGLMUIDN-UHFFFAOYSA-N
0.8723,CCC(CO)(CO)CO,ZJCCRDAZUWHFQH-UHFFFAOYSA-N
-9.42,Clc1cc(-c2c(Cl)cc(Cl)c(Cl)c2Cl)c(Cl)c(Cl)c1Cl,BQFCCUSDZLKBJG-UHFFFAOYSA-N
0.8964494062999999,O=C(Cl)C(=O)Cl,CTSLXHKWHWQRSH-UHFFFAOYSA-N
-1.5141,O=c1[nH]c2cncnc2[nH]1,YPDSIEMYVQERLJ-UHFFFAOYSA-N
0.1085957051,O=C(O)COc1ccccc1,WPTJBFNYRRZIDZ-UHFFFAOYSA-M
-6.7023,CCCCCCCC(=O)Oc1c(Br)cc(C#N)cc1Br,DQKWXTIYGWPGOO-UHFFFAOYSA-N
-5.5751336546,CC(C)CCC(C)Nc1ccc(NC(C)CCC(C)C)cc1,ZJNLYGOUHDJHMG-UHFFFAOYSA-N
-0.5204744976,Cc1cc(C)[nH]n1,SDXAWLJRERMRKF-UHFFFAOYSA-N
-1.73,Nc1ncnc2c1ncn2C1OC(CO)C(O)C1O,OIRDTQYFTABQOQ-UHFFFAOYSA-N
-2.72,CCC(=O)Oc1ccc(NC(C)=O)cc1,HFVPPHLKEKRGHI-UHFFFAOYSA-N
-1.4991,CNC(=O)O/N=C/C(C)(C)SC,QGLZXHRNAYXIBU-WEVVVXLNSA-N
-3.2640078237,OC(Cn1ccnc1)c1ccc(Cl)cc1Cl,UKVLTPAGJIYSGN-UHFFFAOYSA-N
-2.91,O=C1CN(/N=C/c2ccc([N+](=O)[O-])o2)C(=O)N1CO,UIDWQGRXEVDFCA-XCVCLJGOSA-N
-3.71,CCCC(=O)OCSc1ncnc2c1ncn2COC(=O)CCC,SFXAJOVEEUKUPY-UHFFFAOYSA-N
1.3320248442,CCCC[N+](CCCC)(CCCC)CCCC,JRMUNVKIHCOMHV-UHFFFAOYSA-M
-8.4746,CCCCCCCCCCCCCCCCCCCCCCCCCCCCCCCCCCCC,YDLYQMBWCWFRAI-UHFFFAOYSA-N
-5.2795,C[C@]12CC[C@H]3C(=CCc4cc(O)ccc43)[C@@H]1CCC2=O,WKRLQDKEXYKHJB-HFTRVMKXSA-N
-5.5532102962,c1ccc(-c2cnc(-c3ccccc3)o2)cc1,CNRNYORZJGVOSY-UHFFFAOYSA-N
-1.4372,Cc1ccco1,VQKFNUFAXTZWDK-UHFFFAOYSA-N
0.5201,O=C1OC(CO)C(O)C(O)C1O,PHOQVHQSTUBQQK-UHFFFAOYSA-N
-2.6172,C#CC(C)OC(=O)Nc1cccc(Cl)c1,ULBXWWGWDPVHAO-UHFFFAOYSA-N
-3.2204,O=C(O)c1cccc(C(=O)O)c1,QQVIHTHCMHWDBS-UHFFFAOYSA-N
-0.0049,N#CNC(N)=S,SSGODMHQNTWPOX-UHFFFAOYSA-N
-2.4318,O=C(O)CC(C(=O)O)(c1ccccc1)c1ccccc1,LVVXLDUCGFTWHJ-UHFFFAOYSA-N
-4.19,CCONC(=O)c1cn(C)c(=O)c(F)c1Nc1ccc(Br)cc1F,GSLVKBRGRSHUAU-UHFFFAOYSA-N
-0.7272,O=C(O)CNC(=O)c1ccco1,KSPQDMRTZZYQLM-UHFFFAOYSA-N
-2.89,CCCC(CCC)(C(=O)NO)c1ccccc1,HTXPRECVNAFGMW-UHFFFAOYSA-N
1.0856251051,Cc1ccn[nH]1,XKVUYEYANWFIJX-UHFFFAOYSA-N
-1.28,CCCC(=O)n1c(=O)[nH]cc(F)c1=O,SHSQCPXGYRPQDR-UHFFFAOYSA-N
1.346,CCN,QUSNBJAOOMFDIB-UHFFFAOYSA-N
-0.89,O=C1C=CC(=O)C=C1,AZQWKYJCGOJGHM-UHFFFAOYSA-N
-6.869904941000001,CC(C)CCCCCOC(=O)CCCCC(=O)OCCCCCC(C)C,CJFLBOQMPJCWLR-UHFFFAOYSA-N
-3.5440597008,COCCCCC(=O)c1ccc(C(F)(F)F)cc1,VYKSRLDHXQURKA-UHFFFAOYSA-N
-2.0572883439,CCN(CC)c1ccc([C+](c2ccccc2)c2ccc(N(CC)CC)cc2)cc1,NNBFNNNWANBMTI-UHFFFAOYSA-M
-1.5124,CCOP(=O)(OCC)SC[S+]([O-])CC,RCRHKXGEYNVPDK-UHFFFAOYSA-N
-8.004,c1ccc2c3c(ccc2c1)-c1cccc2cccc-3c12,KHNYNFUTFKJLDD-UHFFFAOYSA-N
-0.6,CC(=O)n1cc(F)c(=O)[nH]c1=O,OVGDAVVFKDPXIC-UHFFFAOYSA-N
-6.7054442976,Cc1ccc(N/N=C2\C(=O)C=Cc3ccccc32)c(C)c1,YPXOPAFVVHXQDP-ZZEZOPTASA-N
-1.15,CC(C)c1nc([N+](=O)[O-])c[nH]1,SQZCZXRYOJJCDU-UHFFFAOYSA-N
-2.4639,COc1ccccc1Cl,QGRPVMLBTFGQDQ-UHFFFAOYSA-N
-6.0807,CCOP(=S)(OCC)Oc1cc(Cl)c(Cl)c(SC)c1,SBLPWPLKGFWLKK-UHFFFAOYSA-N
-2.0587,C1=CCC=CC1,UVJHQYIOXKWHFD-UHFFFAOYSA-N
-3.0386996230000003,CCN(CC[N+](C)(C)C)c1ccc(N=Nc2ccc([N+](=O)[O-])cc2Cl)cc1,ZFRUNHQZTYGGDY-UHFFFAOYSA-M
-7.0,Clc1ccc(Oc2ccc(Cl)c(Cl)c2)c(Cl)c1,CAWSVYYOUZEMHA-UHFFFAOYSA-N
-0.86,COc1ccc(CC2NC(=O)N(C(C)C(=O)O)C2=O)cc1,HCTFEPDEGBYVHP-UHFFFAOYSA-N
-2.3632080977000003,C=C(C)C(=O)O,IQODPIFSDKREOZ-UHFFFAOYSA-M
-3.0467,CC(C)(C)OC(=O)c1cccc([N+](=O)[O-])c1C(=O)O,ITMRQGQCULJEJR-UHFFFAOYSA-M
-3.5435,Brc1cccc(Br)c1,JSRLURSZEMLAFO-UHFFFAOYSA-N
0.0168879621,Nc1ncnc2c1ncn2[C@@H]1O[C@H](COP(=O)(O)OP(=O)(O)OP(=O)(O)O)[C@@H](O)[C@H]1O,TTWYZDPBDWHJOR-IDIVVRGQSA-L
-2.5813,ON=C1CCCCCCCCC1=NO,SUIIPPMGDURFRE-UHFFFAOYSA-N
-5.19,O=[N+]([O-])c1ccc(O/N=C/c2cc(Br)c(O)c(Br)c2)c([N+](=O)[O-])c1,XTFNPKDYCLFGPV-OMCISZLKSA-N
-7.505541952200001,COc1ccc(-c2cc(=O)c3c(O)cc(O[C@@H]4O[C@H](CO[C@@H]5O[C@@H](C)[C@H](O)[C@@H](O)[C@H]5O)[C@@H](O)[C@H](O)[C@H]4O)cc3o2)cc1O,GZSOSUNBTXMUFQ-YFAPSIMESA-N
-6.1119,Brc1ccc2c(c1)Sc1ccccc1N2,JEWIAYIESCUSKQ-UHFFFAOYSA-N
-5.0622701458,COc1cc(NC(=O)c2cc3ccccc3cc2O)c(OC)cc1Cl,QIHKTBRNOLQDGQ-UHFFFAOYSA-N
-1.13,CC1C(=O)NC(=O)NC1=O,GOMAEJQBTWAPAN-UHFFFAOYSA-N
-2.8784,CNc1ccccc1C(=O)O,WVMBPWMAQDVZCM-UHFFFAOYSA-N
-3.3204,COc1cc(OC)n2nc(S(=O)(=O)Nc3c(Cl)ccc(C)c3Cl)nc2n1,VGHPMIFEKOFHHQ-UHFFFAOYSA-N
-2.148,CCC1(C(C)C)C(=O)NC(=O)NC1=O,HHLXJTDUHFBYAU-UHFFFAOYSA-N
-2.43,CC1=C(C(=O)Nc2ccccc2)S(=O)(=O)CCO1,AMEKQAFGQBKLKX-UHFFFAOYSA-N
-1.8852669619,CC1=CCC(C)C(C)C1=O,QAQCUBLNHBKTRM-UHFFFAOYSA-N
-2.14,CC(=O)Nc1nc2c(ncn2COCCOC(C)=O)c(=O)[nH]1,VBHLKZHSCMQLTI-UHFFFAOYSA-N
0.0059673299,C=CC(=O)O,NIXOWILDQLNWCW-UHFFFAOYSA-N
-1.8076460763,O=c1[nH]c(=O)[nH]c(=O)[nH]1,ZFSLODLOARCGLH-UHFFFAOYSA-N
-1.2906,CCC(=O)OC(C)C,IJMWOMHMDSDKGK-UHFFFAOYSA-N
-3.38,Nc1nc(=O)[nH]c2[nH]cnc12,DRAVOWXCEBXPTN-UHFFFAOYSA-N
0.8026937067000001,COCCC(=O)OC,BDJSOPWXYLFTNW-UHFFFAOYSA-N
-1.84,CC(C)(C)NCC(O)COc1ccccc1C1CCCC1,KQXKVJAGOJTNJS-UHFFFAOYSA-N
-1.52,COc1ccc2cc(C(C)C(=O)OCCN3CCNCC3)ccc2c1,MJJXVEPFHAODSG-UHFFFAOYSA-N
-3.9064006561,O=C1CCCCCN1C(=O)NCCCCCCNC(=O)N1CCCCCC1=O,YOVRNJUIHVNXCB-UHFFFAOYSA-N
-1.1141554489,Cc1ccc2c(c1)OCC(=O)CO2,SWUIQEBPZIHZQS-UHFFFAOYSA-N
0.7389034055,NCCCCCCN,NAQMVNRVTILPCV-UHFFFAOYSA-N
-4.93,CC12CCC(=O)C=C1CCC1C2CCC2(C)C(OC=O)CCC12,LMUMOFOWZKACOU-UHFFFAOYSA-N
-2.66,O=c1[nH]c2cc(Cl)ccc2o1,TZFWDZFKRBELIQ-UHFFFAOYSA-N
-1.7558,CC(=O)C(=O)c1ccccc1,BVQVLAIMHVDZEL-UHFFFAOYSA-N
-0.5694147178,CN=C(NCC1CCOC1)N[N+](=O)[O-],YKBZOVFACRVRJN-UHFFFAOYSA-N
-3.25,CCCNC(=O)NS(=O)(=O)c1ccc(Cl)cc1,RKWGIWYCVPQPMF-UHFFFAOYSA-N
-1.42,CC1(C(=O)O)CCC(C(=O)O)C1(C)C,LSPHULWDVZXLIL-UHFFFAOYSA-N
-3.73,CCOP(=O)(Cc1ccc(-c2nc3ccccc3s2)cc1)N1CCCC1=O,HTAUUADKDLLMRU-UHFFFAOYSA-N
-5.36,CCN1c2cc(Cl)ccc2NC(=O)c2cccnc21,ZSFUDSWIVAQKEN-UHFFFAOYSA-N
-5.2151,O=[N+]([O-])c1ccc(Oc2ccc(C(F)(F)F)cc2[N+](=O)[O-])cc1,HHMCAJWVGYGUEF-UHFFFAOYSA-N
-1.4722340504,O=C(O)CC1(CC(=O)O)CCCCC1,YQPCHPBGAALCRT-UHFFFAOYSA-N
-1.8476,CC(Br)CCl,PUJJZGFFAQHYEX-UHFFFAOYSA-N
-2.7,CC(=O)OCCOCn1cnc2c(=O)[nH]c(N)nc21,DMHAXLGAKQREIL-UHFFFAOYSA-N
-8.0871707055,O=C(N=NNc1cc(Cl)c(-c2ccc(-c3cc(Cl)c(NN=NC(=O)c4cc5ccccc5cc4O)cc3Cl)cc2)cc1Cl)c1cc2ccccc2cc1O,NAOAIXJLSONHSA-UHFFFAOYSA-N
-7.973611776,O=C(c1ccc(Oc2ccccc2)cc1)c1ccc(C(=O)c2ccc(Oc3ccccc3)cc2)cc1,NWJVKSITTJQWCG-UHFFFAOYSA-N
-4.014709734599999,O=C(c1ccccc1)C1CCCCC1,BMFYCFSWWDXEPB-UHFFFAOYSA-N
-6.733128222,CCCCCCCCCCCCCC(=O)OC(C)C,AXISYYRBXTVTFY-UHFFFAOYSA-N
-4.4216,Nc1cc([N+](=O)[O-])ccc1I,VKQOHFHGWCXKOA-UHFFFAOYSA-N
-3.21,COc1cc([N+](=O)[O-])c2c(c1OC)C(=O)OC2,ZPEFPSJMGSVLKW-UHFFFAOYSA-N
-6.5580902807,CCCCC(CC)COC(=O)C(C#N)=C(c1ccccc1)c1ccccc1,FMJSMJQBSVNSBF-UHFFFAOYSA-N
-7.7563,Brc1ccc(-c2ccc(Br)c(Br)c2Br)c(Br)c1Br,PTJQVJQAZSLKJO-UHFFFAOYSA-N
-1.8948362305,C=C(Br)C(=O)Nc1ccc(N=Nc2c(N)ccc3cc(S(=O)(=O)O)ccc23)c(S(=O)(=O)c2ccc(C)c(S(=O)(=O)O)c2)c1,QTUYUTJUQCCNBJ-UHFFFAOYSA-L
-3.53,CCC1=C(C2(CC)C(=O)NC(=O)NC2=O)CCCC1,AVOQDBLSHMVAMW-UHFFFAOYSA-N
-1.3330548746,C=CC(=O)OCC1(CC)COCOC1,STGXUBIZGYMIRM-UHFFFAOYSA-N
-2.16,NC(=O)NCCCCCC(=O)O,BQNWWHFSEXYHKU-UHFFFAOYSA-N
-8.1939864578,CCCCCCCCCCOC(=O)C(CC)CCCC,NPTQTLMUAAVGNU-UHFFFAOYSA-N
-0.8598992117,CC/C=C\C#N,ISBHMJZRKAFTGE-ARJAWSKDSA-N
-4.7999839607,CC/C=C/CCCCCCCCCCCCCCOCC,WBCCOWHDSAVXAO-AATRIKPKSA-N
-4.8927,Cc1ccc2cc(C)ccc2c1,YGYNBBAUIYTWBF-UHFFFAOYSA-N
-2.5104223592,C=C1CCOC(C=C(C)C)C1,JRIATCFPZFOVNP-UHFFFAOYSA-N
-2.8664,CC(=O)N(C)C(=O)COC(=O)c1ccccc1,JQUIGGQYRQVIIE-UHFFFAOYSA-N
-4.48,CC12CCC(=O)C=C1CCC1C2CCC2(C)C(OC(=O)c3ccccc3)CCC12,RZJSCADWIWNGKI-UHFFFAOYSA-N
-3.05,O=C1OC(c2ccc(Br)cc2)C(Br)C1=O,FNUXIDAXTMVGMS-UHFFFAOYSA-N
-4.1853,CCOc1ccccc1OS(=O)(=O)NC(=O)Nc1nc(OC)cc(OC)n1,UWVKRNOCDUPIDM-UHFFFAOYSA-N
1.1072,C[S+](C)[O-],IAZDPXIOMUYVGZ-UHFFFAOYSA-N
0.9204425284,COC(=O)COCO,RNVVYVPDHMKDTL-UHFFFAOYSA-N
-4.7011861265,O=C1c2ccccc2C(=O)C1c1ccc2ccccc2n1,IZMJMCDDWKSTTK-UHFFFAOYSA-N
-4.14,Cn1cc(C(N)=O)c(Nc2ccc(Br)cc2F)c(F)c1=O,LNCZLEZOTUBASE-UHFFFAOYSA-N
1.0309,Cc1ccncc1,FKNQCJSGGFJEIZ-UHFFFAOYSA-N
-1.1307,CCCCOC=O,NMJJFJNHVMGPGM-UHFFFAOYSA-N
-2.1782,CCCCNC(=O)NS(=O)(=O)c1ccc(N)cc1,VDTNNGKXZGSZIP-UHFFFAOYSA-N
-4.17,c1ccc(Cc2ccccc2)cc1,CZZYITDELCSZES-UHFFFAOYSA-N
-2.0408,CCOC(=O)CCCCCC(=O)OCC,LKKOGZVQGQUVHF-UHFFFAOYSA-N
-3.8775,Clc1ccc(C2(Cn3cncn3)CC(Br)CO2)c(Cl)c1,HJJVPARKXDDIQD-UHFFFAOYSA-N
-4.6301,CC(=O)OCC(=O)[C@H]1CC[C@H]2[C@@H]3CCC4=CC(=O)CC[C@]4(C)[C@H]3CC[C@]12C,VPGRYOFKCNULNK-ACXQXYJUSA-N
0.9095,CC1(C#N)CCCC1=O,KJRMGWZKDHKBCY-UHFFFAOYSA-N
-2.42,CNC(=O)Oc1cccc2c1OC(C)(C)C2,DUEPRVBVGDRKAG-UHFFFAOYSA-N
-1.3609,CCOC(=O)[C@H](CCc1ccccc1)N[C@@H](C)C(=O)N1CCC[C@H]1C(=O)O,GBXSMTUPTTWBMN-XIRDDKMYSA-N
-0.7894,Cc1ccc(NO)cc1,AGJOAIMUXIQLCN-UHFFFAOYSA-N
-6.269,O=[N+]([O-])c1cc(S(=O)(=O)Nc2ccccc2)ccc1Nc1ccccc1,BBFRYSKTTHYWQZ-UHFFFAOYSA-N
-1.4996,C=CS(=O)(=O)Nc1ccccc1,YRLXBWHNSONKOH-UHFFFAOYSA-N
-3.75,O=C1Nc2ccccc2C(=O)N2CCCC12,MXBNEEHQIDLPLQ-UHFFFAOYSA-N
-0.71,CC(=O)NC(CCC(=O)O)C(=O)O,RFMMMVDNIPUKGG-UHFFFAOYSA-N
-0.4287,C/C=C/C#N,NKKMVIVFRUYPLQ-NSCUHMNNSA-N
-3.834,O=[N+]([O-])c1ccc(Nc2ccccc2)c([N+](=O)[O-])c1,RHTVQEPJVKUMPI-UHFFFAOYSA-N
-7.992627598799999,CC(C)CCCCCCCCCCCCCCCOC(=O)CC(O)C(=O)OCCCCCCCCCCCCCCCC(C)C,HGKOWIQVWAQWDS-UHFFFAOYSA-N
-6.9891355524000005,CN(C)c1ccc(C(O)(c2ccc(N(C)C)cc2)c2ccc(Nc3ccccc3)c3ccccc23)cc1,WNDULEJVCPEASN-UHFFFAOYSA-N
-3.5401,CC(C)OC(=O)C1(S(=O)(=O)c2ccc(Cl)cc2)CC1,SAFRSRKBLQVPQW-UHFFFAOYSA-N
1.0263,N#CCCCC#N,ZTOMUSMDRMJOTH-UHFFFAOYSA-N
-0.6873,O=C(O)C(Cl)=C(Br)Br,NHSPPJFIJJWVTN-UHFFFAOYSA-N
-5.4374,COP(=S)(OC)Oc1c(Cl)cc(C)cc1Cl,OBZIQQJJIKNWNO-UHFFFAOYSA-N
-7.62,Clc1cc(Cl)c(Oc2ccc(Cl)c(Cl)c2)c(Cl)c1,POOXVKSDWCXIBU-UHFFFAOYSA-N
-2.0439121671,CCCCC(CC)C(=O)O,ODUSECXQXODQGI-UHFFFAOYSA-N
-4.8091341894,NCCNCCO,YGJDXOJIYODGEO-KVVVOXFISA-N
0.0571886956,O=C1c2ccccc2C(=O)c2c(NCCCOCCOCCO)ccc(NCCCOCCOCCO)c21,FRFQXYOWMSJIJR-UHFFFAOYSA-N
-2.26,c1ccc(Cn2ccnc2)cc1,KKKDZZRICRFGSD-UHFFFAOYSA-N
-6.77,CCCOc1ccc2c(c1)C(c1ccc(OC)cc1OCC(=O)O)C(C(=O)O)C2c1ccc2c(c1)OCO2,UUAVCCWBNUITBB-UHFFFAOYSA-N
-0.02,CN1C2CCC1C(C(=O)O)C(O)C2,PHMBVCPLDPDESM-UHFFFAOYSA-N
-1.9878367861,CCOc1cccc2c1C(=O)c1c(NC3CCCCC3)ccc(Nc3ccccc3S(=O)(=O)O)c1C2=O,OOGKHVOWEZVKKU-UHFFFAOYSA-M
-1.5081956214,Nc1cccc(C(F)(F)F)c1,VIUDTWATMPPKEL-UHFFFAOYSA-N
-4.47,C=C(C)C1Cc2c(ccc3c2OC2COc4cc(OC)c(OC)cc4C2C3=O)O1,JUVIOZPCNVVQFO-UHFFFAOYSA-N
-6.43,O=C(O)c1ccccc1Nc1cccc([N+](=O)[O-])c1,NBJRFLIUYUFOIR-UHFFFAOYSA-N
-2.65,Cc1ccc2c(c1)C=CS2(=O)=O,RPLDGRKYEITQNQ-UHFFFAOYSA-N
-2.15,CCN(CC)C(C)CN1c2ccccc2Sc2ccccc21,CDOZDBSBBXSXLB-UHFFFAOYSA-N
-2.1792,CCCCS,WQAQPCDUOCURKW-UHFFFAOYSA-N
-1.8281,CCCC(Br)(CCC)C(N)=O,KORNHGGSVGTRLI-UHFFFAOYSA-N
-0.6592,CCCOP(=O)(OC)OCCC,KCJPXMHUFVFEGM-UHFFFAOYSA-N
-1.5229,CC(=O)O[C@@H]1[C@H]2OC(C)(C)O[C@H]2O[C@@H]1[C@H]1COC(C)(C)O1,QZKDRLZSJSWQPS-RMPHRYRLSA-N
-1.3663,Nc1cccc(C(=O)O)c1,XFDUHJPVQKIXHO-UHFFFAOYSA-N
-6.3,CNc1cccc2c1C(=O)c1ccccc1C2=O,SVTDYSXXLJYUTM-UHFFFAOYSA-N
-0.3567,N#CC1CCCC1=O,IPMQSLPLJDKUPI-UHFFFAOYSA-N
1.1303,CN(C)N=O,UMFJAHHVKNCGLG-UHFFFAOYSA-N
-1.0915320913,CC(C)(O)C(=O)c1ccccc1,XMLYCEVDHLAQEL-UHFFFAOYSA-N
-0.4691061177,CC(C)CCCCCCCOC(=O)CC(C(=O)OCCCCCCCC(C)C)S(=O)(=O)O,XXIOSJPZBMCGGL-UHFFFAOYSA-M
-2.0814,NC(=O)c1cc(Cl)cc(Cl)c1N,PRKRQUUATBDWTL-UHFFFAOYSA-N
-6.99,CC1(C)[C@H](C(=O)OCc2cccc(Oc3ccccc3)c2)[C@@H]1C=C(Cl)Cl,RLLPVAHGXHCWKJ-HKUYNNGSSA-N
-3.25,CC(=O)Oc1ccccc1C(=O)OCC(=O)N(C(C)C)C(C)C,WRGWFXXPBRCSIH-UHFFFAOYSA-N
-6.78,Cc1c2ccccc2c(C)c2c1ccc1ccccc12,ARSRBNBHOADGJU-UHFFFAOYSA-N
-2.0171,CCCCCC(O)CC,NMRPBPVERJPACX-UHFFFAOYSA-N
-3.796856222,COC(=O)c1ccc(C(=O)OC)cc1,WOZVHXUHUFLZGK-UHFFFAOYSA-N
-1.94,O=C(O)C1CN2CCC1CC2C(O)c1ccnc2ccccc12,XDPYXPRALQKAHS-UHFFFAOYSA-N
-6.8994921961,CCCCCCCCCCCCCCCCCC(=O)OCCCCCCCC,IIGMITQLXAGZTL-UHFFFAOYSA-N
-3.2604,Cc1ccc([N+](=O)[O-])c([N+](=O)[O-])c1,INYDMNPNDHRJQJ-UHFFFAOYSA-N
-1.1552,O=C(O)c1cc(O)c(O)c(O)c1,LNTHITQWFMADLM-UHFFFAOYSA-N
-6.3372616649,C=C1CC/C=C(\C)CC[C@@H]2[C@@H]1CC2(C)C,NPNUFJAVOOONJE-GFUGXAQUSA-N
-7.58,Clc1cc(Cl)c2c(c1Cl)Oc1ccccc1O2,HRVUKLBFRPWXPJ-UHFFFAOYSA-N
1.4681,CC(C)(CO)[N+](=O)[O-],MVGJRISPEUZYAQ-UHFFFAOYSA-N
-1.2963650985,Nc1c(S(=O)(=O)O)cc(NC2CCCCC2)c2c1C(=O)c1ccccc1C2=O,DJDYMAHXZBQZKH-UHFFFAOYSA-M
-1.445031941,O=C(O)C1CCCCC1,NZNMSOFKMUBTKW-UHFFFAOYSA-N
-3.2230398856,O=C(O)C(c1ccccc1)c1ccccc1,PYHXGXCGESYPCW-UHFFFAOYSA-N
-2.6959998037,CC1(C)[C@H]2CC=C(CCO)[C@@H]1C2,ROKSAUSPJGWCSM-UWVGGRQHSA-N
-4.5922,CC(Oc1ccc(Oc2ncc(Cl)cc2Cl)cc1)C(=O)N1CCCO1,ANFHKXSOSRDDRQ-UHFFFAOYSA-N
-4.63,C#CC1(O)CCC2C3CCC4=CC(=O)CCC4C3CCC21C,VIKNJXKGJWUCNN-UHFFFAOYSA-N
-3.2959363681,NS(=O)(=O)c1ccc(Cl)s1,RKLQLYBJAZBSEU-UHFFFAOYSA-N
-2.95,COc1ccc(C2Sc3ccccc3N(CCN(C)C)C(=O)C2OC(C)=O)cc1,HSUGRBWQSSZJOP-UHFFFAOYSA-N
-1.569622787,Nc1c(I)c(C(=O)O)c(I)c(C(=O)O)c1I,JEZJSNULLBSYHV-UHFFFAOYSA-L
-1.6111,CC(=O)C(=Cc1ccccc1)CC(=O)O,BNQYXFAVUMPZFG-UHFFFAOYSA-N
-2.0439,Cc1cc(Cl)cc(Cl)c1O,WJQZZLQMLJPKQH-UHFFFAOYSA-N
-2.7067344575,CC(C)=CCC[C@@H](C)CCO,QMVPMAAFGQKVCJ-SNVBAGLBSA-N
-7.323686796,CCCCC(CC)C(=O)OCC(COCC(COC(=O)CCCCCC(C)C)(COC(=O)C(CC)CCCC)COC(=O)C(CC)CCCC)(COC(=O)CCCCCC(C)C)COC(=O)CCCCCC(C)C,ATDCVWYXPQZTCI-UHFFFAOYSA-N
-0.295,COc1ccc(NCC(O)CO)cc1,AZKRMADMLBGMOJ-UHFFFAOYSA-N
-4.44,CC(=O)Oc1ccc(NC(=O)Nc2ccccc2)cc1,HYDYEUKNONPEFM-UHFFFAOYSA-N
-2.46,Cc1cccc([N+](=O)[O-])c1,QZYHIOPPLUPUJF-UHFFFAOYSA-N
-5.09,COc1ccc2[nH]cc(CCNC(C)=O)c2c1,DRLFMBDRBRZALE-UHFFFAOYSA-N
-6.8496,CCCCCCCCN(CCCCCCCC)CCCCCCCC,XTAZYLNFDRKIHJ-UHFFFAOYSA-N
-4.0964847072,CC(C)(c1ccccc1)c1ccc(O)cc1,QBDSZLJBMIMQRS-UHFFFAOYSA-N
-0.314,Cc1ccncc1C,NURQLCJSMXZBPC-UHFFFAOYSA-N
-7.179920248999999,Cc1cccc(Cc2ccccc2)c1Cc1ccccc1,PKQYSCBUFZOAPE-UHFFFAOYSA-N
-4.02,CCCN(CCC)S(=O)(=O)c1ccc(C(=O)O)cc1,DBABZHXKTCFAPX-UHFFFAOYSA-N
-4.28,COc1ccc2[nH]c([S+]([O-])Cc3ncc(C)c(OC)c3C)nc2c1,SUBDBMMJDZJVOS-UHFFFAOYSA-N
-2.88,Cc1cc(Cl)ccc1N=CN(C)C,STUSTWKEFDQFFZ-UHFFFAOYSA-N
-3.9751165598,CC(=O)O[C@@H]1C[C@H](C)CC[C@H]1C(C)C,XHXUANMFYXWVNG-ADEWGFFLSA-N
-5.0303,CC(Oc1ccc(Oc2cnc3cc(Cl)ccc3n2)cc1)C(=O)OCC1CCCO1,BBKDWPHJZANJGB-UHFFFAOYSA-N
-3.4963238418,CC(=O)O[C@@H]1C[C@@H]2CC[C@@]1(C)C2(C)C,KGEKLUUHTZCSIP-HOSYDEDBSA-N
-2.2505224040000003,CCCCCOC(=O)CC,TWSRVQVEYJNFKQ-UHFFFAOYSA-N
-4.6001,CCCCCCCOC(=O)c1ccc(N)cc1,IAHJVNSZPMIREM-UHFFFAOYSA-N
-3.506108364,Clc1cccc(C(Cl)(Cl)Cl)n1,DCUJJWWUNKIJPH-UHFFFAOYSA-N
-2.5,CN/C(=C\[N+](=O)[O-])NCCSCc1ccc(CN(C)C)o1,VMXUWOKSQNHOCA-UKTHLTGXSA-N
-4.2870640225,OCCC(F)(F)C(F)(F)C(F)(F)C(F)(F)C(F)(F)C(F)(F)F,GRJRKPMIRMSBNK-UHFFFAOYSA-N
-0.86,CC(=O)Nc1ncc2ncn(COCCO)c2n1,LPOUIKBMWDULCN-UHFFFAOYSA-N
-0.9547,CCN(N=O)C(N)=O,FUSGACRLAFQQRL-UHFFFAOYSA-N
-4.281694517,CCC(CC)CC1(C(=O)O)CCCCC1,XRKJBJLXKLOLKS-UHFFFAOYSA-N
-4.2,CCCCC(=O)N(Cc1ccc(-c2ccccc2-c2nnn[nH]2)cc1)C(C(=O)O)C(C)C,ACWBQPMHZXGDFX-UHFFFAOYSA-N
-3.89,Cc1noc(C)c1N=C1CC(=O)C(=O)c2ccccc21,JNQQEDYUWRZNDU-UHFFFAOYSA-N
-7.56,Clc1c(Cl)c(Cl)c(Cl)c(Cl)c1Cl,CKAPSXZOOQJIBF-UHFFFAOYSA-N
-4.2929,C[C@H](CCC(=O)O)[C@H]1CC[C@H]2[C@@H]3[C@@H](O)C[C@@H]4C[C@H](O)CC[C@]4(C)[C@H]3CC[C@]12C,RUDATBOHQWOJDD-UZVSRGJWSA-N
-4.3017,CN(C)CCCN1c2ccccc2Sc2ccccc21,ZGUGWUXLJSTTMA-UHFFFAOYSA-N
-2.3256,CCC(C(=O)O)C(C(=O)O)c1ccccc1,AAQWYJPJRWOQEV-UHFFFAOYSA-N
-1.9457,Cc1nc(N(C)C)nc(OC(=O)N(C)C)c1C,YFGYUFNIOHWBOB-UHFFFAOYSA-N
-0.6826,C=CCOC(=O)C(C)OC(=O)C(C)O,CPKMYVLHYLGADM-UHFFFAOYSA-N
-4.7103,CCOC(=O)CCN(SN(C)C(=O)Oc1cccc2c1OC(C)(C)C2)C(C)C,FYZBOYWSHKHDMT-UHFFFAOYSA-N
-4.51,Cc1cc(N)ccc1S(=O)(=O)Nc1ccccc1[N+](=O)[O-],HZKCDBKRNMDOJB-UHFFFAOYSA-N
0.7793742068,O=C(CS)OCC(O)CO,DOGJSOZYUGJVKS-UHFFFAOYSA-N
-5.48,CCC(C)(C)C(=O)OC1CC(C)C=C2C=CC(C)C(CCC3CC(O)CC(=O)O3)C21,RYMZZMVNJRMUDD-UHFFFAOYSA-N
-2.2459922106,N#CC1(N2CCCCC2)CCN(Cc2ccccc2)CC1,XXZATAXHOSMHKY-UHFFFAOYSA-P
-2.8569254583,CSc1cc(SC)c(N)c(C)c1N,TXDBDYPHJXUHEO-UHFFFAOYSA-N
-2.2101305551,Nc1ccc2c(c1)C=C(S(=O)(=O)O)/C(=N\Nc1ccc3c(c1)C=C(S(=O)(=O)O)/C(=N/Nc1ccccc1)C3=O)C2=O,KNZOIDDFJVQVDM-NJXRNGNASA-L
-2.7615135856,C=CCCCCCCCCC(=O)N(CCO)CCO,NGENVFQAIKEQNS-UHFFFAOYSA-N
-1.56,COc1ccc(Cl)c(OC)c1O,WYEMCZZCZXKDNC-UHFFFAOYSA-N
-0.6285,CCOC(=O)CC(O)(CC(=O)OCC)C(=O)OCC,DOOTYTYQINUNNV-UHFFFAOYSA-N
-2.62,COc1ccc2cc(C(C)C(=O)OCC(O)CO)ccc2c1,NQGWSPZQESAHBV-UHFFFAOYSA-N
-7.04,Clc1ccc(Oc2cc(Cl)c(Cl)cc2Cl)cc1,KXOJXWNARBQHNX-UHFFFAOYSA-N
-4.4543816995,CC(C)CCCCCOC(=O)CCS,ZHUWXKIPGGZNJW-UHFFFAOYSA-N
-2.3924,Oc1c(Cl)cc(Cl)cc1Cl,LINPIYWFGCPVIE-UHFFFAOYSA-N
-1.2208,CC(=O)OCC(S)CS,JVYNLQQSMKTICB-UHFFFAOYSA-N
1.1423,O=CC1CO1,IWYRWIUNAVNFPE-UHFFFAOYSA-N
0.2012984367,O=C(O)CN(CCN(CC(=O)O)CC(=O)O)CCN(CC(=O)O)CC(=O)O,LQPLDXQVILYOOL-UHFFFAOYSA-I
-2.886,CC(C)CCBr,YXZFFTJAHVMMLF-UHFFFAOYSA-N
-9.1,Clc1cc(-c2ccc(Cl)c(Cl)c2Cl)cc(Cl)c1Cl,YTWXDQVNPCIEOX-UHFFFAOYSA-N
-7.44,Clc1ccc(Oc2ccc(Cl)c(Cl)c2Cl)c(Cl)c1,RSBUDFTVQYJNHK-UHFFFAOYSA-N
-2.58,CCC(C)C1NC(=O)C(Cc2c[nH]c3ccccc23)NC(=O)C2CCCN2C(=O)C(Cc2c[nH]cn2)NC(=O)C2CCCCN2C(=O)C2CCCCN2C1=O,WCNGAVKBHXZVJO-UHFFFAOYSA-N
1.0452,CC(O)CCO,PUPZLCDOIYMWBV-UHFFFAOYSA-N
-1.1097,O=C(O)c1cc(=O)cc(C(=O)O)o1,PBAYDYUZOSNJGU-UHFFFAOYSA-N
-5.7481975718,ICC1CCC(CI)CC1,CADHELUGADNHSF-UHFFFAOYSA-N
-3.2286,Oc1ccccc1Oc1ccccc1,KDTZBYPBMTXCSO-UHFFFAOYSA-N
0.1782048937999999,NC(=O)c1ccc[n+](C2OC(COP(=O)([O-])OP(=O)(O)OCC3OC(n4cnc5c(N)ncnc54)C(O)C3O)C(O)C2O)c1,BAWFJGJZGIEFAR-UHFFFAOYSA-N
-0.8815,CC1CCC(O)CC1,MQWCXKGKQLNYQG-UHFFFAOYSA-N
-1.5706,CNC(=O)Oc1ccccc1C1OCCO1,SDKQRNRRDYRQKY-UHFFFAOYSA-N
-5.42,CC1N(c2cc3c(cc2F)c(=O)c(C(=O)O)cn3C2CC2)CC1(C)N,VBCIDRUAFSBLGA-UHFFFAOYSA-N
-3.07,OC(=S)CCCCCCCCC(O)=S,OUADDINWGRXMJO-UHFFFAOYSA-N
-0.5781,CCCCCCC(C/C=C\CCCCCCCC(=O)O)OS(=O)(=O)O,CYKFQSXTIVGYDT-XFXZXTDPSA-N
-1.3130000000000002,COC(=O)c1ccccc1O,OSWPMRLSEDHDFF-UHFFFAOYSA-N
-2.77,CC(C)C1(C(C)C)C(=O)NC(=O)NC1=O,NSQYIEOSFPLTJA-UHFFFAOYSA-N
-0.4487,CC1CCC2(CCC(C)O2)O1,PUKTVFNQVGOXPI-UHFFFAOYSA-N
-0.4813817083,CC(N)c1ccccc1,RQEUFEKYXDPUSK-UHFFFAOYSA-N
-7.869298263099999,O=C(Nc1ccc(NC(=O)C2=Cc3ccccc3/C(=N\Nc3cc(Cl)ccc3Cl)C2=O)c(Cl)c1)C1=Cc2ccccc2/C(=N\Nc2cc(Cl)ccc2Cl)C1=O,QCLKBJKESKISHE-ZRFMCYSTSA-N
-0.2207961953999999,Cc1cc(Oc2cc(C)cc(S(=O)(=O)O)c2)cc(S(=O)(=O)O)c1,UGVJAWDVDTXCQA-UHFFFAOYSA-L
-0.165,CCN1CC(=O)N=C1N,LCDGAYYHFKVEAR-UHFFFAOYSA-N
-1.38,CCSC(=S)NC(CC(=O)O)C(=O)O,KKUMBCQWVRPGMH-UHFFFAOYSA-N
-3.301742894,CCCCC/C=C/CCC=O,CWRKZMLUDFBPAO-VOTSOKGWSA-N
-1.8,CC1(C)NC(=O)N(Cc2ccccc2)C1=O,DSBMOVYUOIIPDK-UHFFFAOYSA-N
-7.6647115323,FC1(F)C(F)(F)C(F)(F)C2(F)C(F)(F)C(F)(F)C(F)(F)C(F)(F)C2(F)C1(F)F,UWEYRJFJVCLAGH-UHFFFAOYSA-N
-1.13,CC(=O)NC(CC(C)C)C(=O)O,WXNXCEHXYPACJF-UHFFFAOYSA-N
0.0161,CCN(CC)N=O,WBNQDOYYEUMPFS-UHFFFAOYSA-N
-1.54,ClC(Cl)Br,FMWLUWPQPKEARP-UHFFFAOYSA-N
-6.757182205,CCCCCCCCCOC(=O)c1ccc(C(=O)OCCCCCCCCC)c(C(=O)OCCCCCCCCC)c1,ROPPTGKKZZDFJN-UHFFFAOYSA-N
-2.7708536118,CC(C)CCCCCC(=O)NCCCCCC(=O)O,KWAKSEGGFHCMJS-UHFFFAOYSA-N
0.4781562172999999,CC(CCN)CC(C)(C)CN,JCUZDQXWVYNXHD-UHFFFAOYSA-N
-1.9572,COc1ccccc1[N+](=O)[O-],CFBYEGUGFPZCNF-UHFFFAOYSA-N
-1.79,Oc1c(Cl)cccc1Cl,HOLHYSJJBXSLMV-UHFFFAOYSA-N
-5.142667396,O=C(Nc1ccc(Cc2ccc(NC(=O)NC3CCCCC3)cc2)cc1)NC1CCCCC1,SGXPOLBQSKXTKY-UHFFFAOYSA-N
-1.52,OCc1nc2ncncc2[nH]1,NFZTXJKXCFQRGN-UHFFFAOYSA-N
-0.5115,Cc1cncc(C)c1,HWWYDZCSSYKIAD-UHFFFAOYSA-N
0.6043,Oc1cccc(O)c1O,WQGWDDDVZFFDIG-UHFFFAOYSA-N
-3.0,COc1cccc(OCC(O)CO)c1OC,OLYIDXAKNMPQMJ-UHFFFAOYSA-N
-5.1560946306,CCCCCCC(O)CCCCCCCCCCCO,KHLCTMQBMINUNT-UHFFFAOYSA-N
-2.3333,ClC/C=C\CCl,FQDIANVAWVHZIR-UPHRSURJSA-N
-2.92,Oc1cccc2c(O)cccc12,BOKGTLAJQHTOKE-UHFFFAOYSA-N
-1.743927996,Cn1c(-c2ccccc2)c(C=CC2=[N+](C)c3ccccc3C2(C)C)c2ccccc21,LORKUZBPMQEQET-UHFFFAOYSA-M
-1.2871,O=c1n(Cl)c(=O)n(Cl)c(=O)n1Cl,YRIZYWQGELRKNT-UHFFFAOYSA-N
-2.8588087212,[O-][S+](Cc1ccccc1)Cc1ccccc1,HTMQZWFSTJVJEQ-UHFFFAOYSA-N
-0.1967366109,Oc1ccc(O)cc1,QIGBRXMKCJKVMJ-UHFFFAOYSA-N
0.1096259345,CC(C)CC(C)OC(=O)CC(C(=O)OC(C)CC(C)C)S(=O)(=O)O,BTJYKXPSPBJJDQ-UHFFFAOYSA-M
-1.1748734719,Cc1cc(Nc2nc(NCCO)nc(Nc3ccc(N=Nc4cc(S(=O)(=O)O)c5cccc(S(=O)(=O)O)c5c4)c(C)c3)n2)ccc1N=Nc1cc(S(=O)(=O)O)c2cccc(S(=O)(=O)O)c2c1,YYRIJHSNZXZKJD-UHFFFAOYSA-J
-6.94,Clc1ccc(-c2c(Cl)cc(Cl)cc2Cl)cc1,RZFZBHKDGHISSH-UHFFFAOYSA-N
0.2919,CCC1OCCO1,WEBRDDDJKLAXTO-UHFFFAOYSA-N
-3.124,Nc1cnn(-c2ccccc2)c(=O)c1Br,ODNZLRLWXRXPOH-UHFFFAOYSA-N
-7.337000000000001,CC1(C)C(C=C(Cl)Cl)C1C(=O)OC(C#N)c1ccc(F)c(Oc2ccccc2)c1,QQODLKZGRKWIFG-UHFFFAOYSA-N
-4.9,COc1ccc2cc(C(C)C(=O)OCC(=O)N(C)C)ccc2c1,IBUVVTIRLMVASK-UHFFFAOYSA-N
-0.5,NCCC(O)C(=O)NC1CC(N)C(OC2OC(CN)C(O)C(O)C2O)C(O)C1OC1OC(CO)C(O)C(N)C1O,LKCWBDHBTVXHDL-UHFFFAOYSA-N
-0.6530596225,CCCCOCC(C)OCC(C)O,CUVLMZNMSPJDON-UHFFFAOYSA-N
-5.3495,Cc1ccc(NC(=O)NC(C)(C)c2ccccc2)cc1,NNYRZQHKCHEXSD-UHFFFAOYSA-N
-3.65,CCCCCCc1ccc(C(=O)O)cc1,CPEPWESLFZVUEP-UHFFFAOYSA-N
-3.043,Cc1ccc2c(c1)Oc1ncc(N)cc1C(=O)N2C,MUKSMBAVCDPKRC-UHFFFAOYSA-N
-3.094,Nc1ccc(S(=O)(=O)c2ccc(N)cc2)cc1,MQJKPEGWNLWLTK-UHFFFAOYSA-N
-1.2803,CNc1ccccc1,AFBPFSWMIHJQDM-UHFFFAOYSA-N
-3.1257,Fc1ccc(I)cc1,KGNQDBQYEBMPFZ-UHFFFAOYSA-N
-1.3528,CCC(CC)COC(C)=O,HQLKZWRSOHTERR-UHFFFAOYSA-N
-3.1711,CCCCCS[S+]([O-])CCCCC,UXGUHQNYRZMSQI-UHFFFAOYSA-N
-0.91,O=C(NC(CO)C(=O)O)c1ccccc1,MWCDMTCWMZHVAQ-UHFFFAOYSA-N
-1.6576,Oc1cncc2cccnc12,WHFQWQIDXMOZBD-UHFFFAOYSA-N
-8.42,Clc1ccc(-c2c(Cl)c(Cl)cc(Cl)c2Cl)c(Cl)c1Cl,CXOYNJAHPUASHN-UHFFFAOYSA-N
-0.3535,CC(N)C(O)C(=O)O,QTRAXZHIRXYYPP-UHFFFAOYSA-N
0.1265,CC1=CCCN1C,MFGQUMAXNNHCNG-UHFFFAOYSA-N
-1.4164957907,FC(F)C(F)(F)F,GTLACDSXYULKMZ-UHFFFAOYSA-N
-1.6324,O=Cc1ccc2c(c1)OCO2,SATCULPHIDQDRE-UHFFFAOYSA-N
-8.123728845599999,N#Cc1ccc(C=Cc2ccc(C=Cc3cccc(C#N)c3)cc2)cc1,XSPWINZRSAKTKX-UHFFFAOYSA-N
-0.0267,CNC(=O)O/N=C(\C)C(C)S(C)(=O)=O,CTJBHIROCMPUKL-WEVVVXLNSA-N
-3.7461507617,CC(C)=CCC/C(C)=C/COC=O,FQMZVFJYMPNUCT-YRNVUSSQSA-N
-2.82,O=c1ccn(CCO)c(C(O)c2ccccc2)c1O,ZMDGUPJAPMSCIZ-UHFFFAOYSA-N
-4.7,S=C=Nc1cccc(N=C=S)c1,BOLANQNHTGVOMY-UHFFFAOYSA-N
0.5413,CCS(=O)(=O)NS(=O)(=O)CC,IPVBROHEYXPTBX-UHFFFAOYSA-N
-1.59,NS(=O)(=O)c1cc2c(s1)CC(O)CS2(=O)=O,ZGRYQDHDZGJMNF-UHFFFAOYSA-N
-0.4,C=C,VGGSQFUCUMXWEO-UHFFFAOYSA-N
1.0452,COC(C)OC,SPEUIVXLLWOEMJ-UHFFFAOYSA-N
-0.8443,CCOC(=O)N1CCN(CN2CCN(C(=O)OCC)CC2)CC1,UOCUDGZQFFDOMM-UHFFFAOYSA-N
-9.1969385027,CC(=O)C(N=Nc1ccc(-c2ccc(N=NC(C(C)=O)C(=O)Nc3ccccc3)c(Cl)c2)cc1Cl)C(=O)Nc1ccccc1,GNCOVOVCHIHPHP-UHFFFAOYSA-N
-2.1243507639,CC(C)CC(C)(O)C#CC(C)(O)CC(C)C,LXOFYPKXCSULTL-UHFFFAOYSA-N
-0.9387416733,CN(CC(=O)O)C(=N)N,CVSVTCORWBXHQV-UHFFFAOYSA-N
-4.933,CC(C)OC(=O)C(O)(c1ccc(Br)cc1)c1ccc(Br)cc1,FOANIXZHAMJWOI-UHFFFAOYSA-N
-0.215,O=C(O)CC(Br)C(=O)O,QQWGVQWAEANRTK-UHFFFAOYSA-N
-0.8014,NC(=O)NCCC(=O)O,JSJWCHRYRHKBBW-UHFFFAOYSA-N
-0.7942190429000001,CCN(CC)CCCNc1nc(Nc2ccc(N=Nc3c(S(=O)(=O)O)cc4cc(S(=O)(=O)O)cc(Nc5nc(NCC(C)N)nc(NCC(C)N)n5)c4c3O)cc2)nc(Nc2ccc(N=Nc3c(S(=O)(=O)O)cc4cc(S(=O)(=O)O)cc(Nc5nc(NCC(C)N)nc(NCC(C)N)n5)c4c3O)cc2)n1,PQKUZJNOANDNSP-UHFFFAOYSA-N
0.3961032361,O=C(O)CN(CC(=O)O)CC(=O)O,DZCAZXAJPZCSCU-UHFFFAOYSA-K
-2.4688,Nc1cc(Cl)cc(C(=O)O)c1Cl,HSSBORCLYSCBJR-UHFFFAOYSA-N
0.6749,O=c1nccc[nH]1,VTGOHKSTWXHQJK-UHFFFAOYSA-N
-2.672674663,Cc1ccc(C(C)(C)C)c(O)c1,XOUQAVYLRNOXDO-UHFFFAOYSA-N
-4.037430925,COC(=O)c1c(C)cc(O)c(C)c1O,UUQHKWMIDYRWHH-UHFFFAOYSA-N
-3.36,Nc1nc(=O)[nH]c2nccnc12,ZYLMCRLXTUAWGM-UHFFFAOYSA-N
-1.1999,Cc1ccc(CO)cc1,KMTDMTZBNYGUNX-UHFFFAOYSA-N
-0.0573697280999999,O=C1CCCCC1,JHIVVAPYMSGYDF-UHFFFAOYSA-N
-1.9986,COC(C)C(C)Cl,RBFOFWDEFDASDA-UHFFFAOYSA-N
0.3944261529,CC(C)(CO)[C@@H](O)C(=O)NCCCO,SNPLKNRPJHDVJA-ZETCQYMHSA-N
-4.2250037793,C[C@]12CCC(=O)C=C1CC[C@@H]1[C@@H]2CC[C@@]2(C)[C@H]1CC[C@@]21CCC(=O)O1,UWBICEKKOYXZRG-WNHSNXHDSA-N
-2.24,NC(=S)NS(=O)(=O)c1ccc(N)cc1,UEMLYRZWLVXWRU-UHFFFAOYSA-N
-1.9005552518,C=C(C)C(=O)OCCOCCOCCOC(=O)C(=C)C,HWSSEYVMGDIFMH-UHFFFAOYSA-N
-4.093999999999999,C#CCCCCCCC,OSSQSXOTMIGBCF-UHFFFAOYSA-N
0.13,CC(=O)Nc1ccc(OP(=O)(O)O)cc1,PSQWZQGQIUGIRU-UHFFFAOYSA-N
-1.4780000000000002,C=COCC(F)(F)F,DLEGDLSLRSOURQ-UHFFFAOYSA-N
-3.6,c1ccc(CNc2ncnc3[nH]cnc23)cc1,NWBJYWHLCVSVIJ-UHFFFAOYSA-N
