key,input,solubility
IHRACTUONPFMSI-UHFFFAOYSA-N,COC(=O)c1cc(N=NC(C(C)=O)C(=O)Nc2ccc3[nH]c(=O)[nH]c3c2)cc(C(=O)OC)c1,-6.123
CPJSUEIXXCENMM-UHFFFAOYSA-N,CCOc1ccc(NC(C)=O)cc1,-2.316
JVAZJLFFSJARQM-OZRWLHRGSA-N,CCCCCCOC1O[C@H](CO)[C@@H](O)[C@H](O)[C@H]1O,-0.484
OQMBBFQZGJFLBU-UHFFFAOYSA-N,CCOc1cc(Oc2ccc(C(F)(F)F)cc2Cl)ccc1[N+](=O)[O-],-6.831
JJCKHVUTVOPLBV-UHFFFAOYSA-N,Cc1cccc(CO)c1,-0.709
LFKDJXLFVYVEFG-UHFFFAOYSA-N,CC(C)(C)OC(N)=O,-0.073
VHGHHZZTMJLTJX-UHFFFAOYSA-N,Clc1ccccc1-c1c(Cl)ccc(Cl)c1Cl,-7.001
UCSIFMPORANABL-UHFFFAOYSA-N,CC(C)CCCC(C)CC=O,-3.053
XGDAODQNSVFBGM-UHFFFAOYSA-N,O=C(O)c1cccc2cccc(-c3cccc4cccc(C(=O)O)c34)c12,-6.137
SFNPDDSJBGRXLW-UITAMQMPSA-N,CNC(=O)O/N=C(/C)C(C)SC,-1.211
UVTNFZQICZKOEM-UHFFFAOYSA-N,CC(C)N(CCC(C(N)=O)(c1ccccc1)c1ccccn1)C(C)C,-3.141
RGLYKWWBQGJZGM-UHFFFAOYSA-N,CCC(=C(CC)c1ccc(O)cc1)c1ccc(O)cc1,-4.306
DMDRBXCDTZRMHZ-UHFFFAOYSA-N,Cc1cc(C)c(Nc2ccc(Nc3c(C)cc(C)cc3C)c3c2C(=O)c2ccccc2C3=O)c(C)c1,-9.099
HOVVFNPKGWZRTE-UHFFFAOYSA-N,Nc1c2ccccc2nc2ccc(F)cc12,-3.991
QORAVNMWUNPXAO-UHFFFAOYSA-N,Clc1ccc(-c2ccc(Cl)cc2Cl)c(Cl)c1,-7.085
LOVQGUOGVLKMQT-UHFFFAOYSA-N,NC(=O)C1CCCC(C(N)=O)N1,-0.275
KZVRXPPUJQRGFN-UHFFFAOYSA-N,NC(=O)NCC(=O)O,-0.074
YHQRYZGDQCSHFO-UHFFFAOYSA-N,Clc1ccc(Oc2cc(Cl)cc(Cl)c2Cl)cc1,-7.689
GQKRUMZWUHSLJF-NTCAYCPXSA-N,CCOP(=S)(OCC)O/N=C(\C#N)c1ccccc1Cl,-5.817
URNBQFPUGNNQRC-UHFFFAOYSA-N,CC(=O)c1cccc(Nc2ccccc2C(=O)O)c1,-3.755
MJVAVZPDRWSRRC-UHFFFAOYSA-N,CC1=CC(=O)c2ccccc2C1=O,-2.431
HBZVNWNSRNTWPS-UHFFFAOYSA-N,Nc1ccc2cc(S(=O)(=O)O)cc(O)c2c1,-2.221
JRKICGRDRMAZLK-UHFFFAOYSA-N,O=S(=O)(O)OOS(=O)(=O)O,-1.94
NQAJBKZEQYYFGK-UHFFFAOYSA-N,CCN(CCOc1ccc(C2CCCCC2)cc1)c1ccc(C=C(C#N)C#N)c(C)c1,-7.389
MXXWOMGUGJBKIW-YPCIICBESA-N,O=C(/C=C/C=C/c1ccc2c(c1)OCO2)N1CCCCC1,-3.316
JXQNEJRKTHOCGQ-UHFFFAOYSA-N,C=CC=C(C)C=CC=CC,-4.236
AQHJGSVRTSBTKR-UHFFFAOYSA-N,O=S(=O)(c1cccc(O)c1)c1ccccc1O,-2.902
UMNZZEWMRNSNIH-UHFFFAOYSA-N,O=c1[nH]c(CN2CCCC2)c(Cl)c(=O)[nH]1,-2.327
UAFWZTUMPCUHHG-UHFFFAOYSA-N,O=C(O)C(SCCSC(C(=O)O)c1ccccc1)c1ccccc1,-3.919
MBYIBRUTNFFDFL-UHFFFAOYSA-N,Cn1c(=O)c2c(nc(-c3ccccc3)n2C)n(C)c1=O,-2.775
GPNZSHBQHQEFRS-UHFFFAOYSA-N,CC(C)(C)NC(=O)C1N(C(=O)C(O)C(Cc2ccccc2)NC(=O)COc2ccccc2)CSC1(C)C,-3.959
NCZPCONIKBICGS-UHFFFAOYSA-N,CCCCC(CC)COCC(O)CO,-1.226
CWERGRDVMFNCDR-UHFFFAOYSA-N,O=C(O)CS,0.853
OBJOZRVSMLPASY-UHFFFAOYSA-N,O=S(=O)(O)c1cc(O)c2ccc3c(S(=O)(=O)O)cc(S(=O)(=O)O)c4ccc1c2c34,-2.641
MDPYJIRMYGKJHU-UHFFFAOYSA-N,NCCNc1ccc(S(=O)(=O)c2ccc(N)cc2)cc1,-2.598
WIUUIGUJULBTKD-UHFFFAOYSA-N,CCc1nc2nc[nH]c(=O)c2nc1CC,-2.42
RFDAIACWWDREDC-FRVQLJSFSA-N,C[C@H](CCC(=O)NCC(=O)O)[C@H]1CC[C@H]2[C@@H]3[C@H](O)C[C@@H]4C[C@H](O)CC[C@]4(C)[C@H]3C[C@H](O)[C@]12C,-3.707
IXJOSTZEBSTPAG-UHFFFAOYSA-N,CNC(=O)Sc1ccc(OS(C)(=O)=O)cc1,-2.765
WGQKYBSKWIADBV-UHFFFAOYSA-N,NCc1ccccc1,-0.021
ULQISTXYYBZJSJ-UHFFFAOYSA-N,CCCCCCC(O)CCCCCCCCCCC(=O)O,-5.166
DWPCPZJAHOETAG-UHFFFAOYSA-N,NC(CSCC(N)C(=O)O)C(=O)O,-0.203
RQZAXGRLVPAYTJ-UHFFFAOYSA-N,CC(=O)OC1(C(C)=O)CCC2C3C=C(C)C4=CC(=O)CCC4(C)C3CCC21C,-5.893
KVLORZFYGDNPIQ-UHFFFAOYSA-N,O=C1Cc2c(ccc3ccccc23)O1,-3.485
FQFSHLBWRUOCPX-UHFFFAOYSA-N,CCOC(=O)c1c[nH]c(=S)[nH]c1=O,-2.578
CEOILGDNBOGUIQ-UHFFFAOYSA-N,Cn1nc(S(N)(=O)=O)sc1=NS(=O)(=O)Cc1ccccc1,-2.289
NLHHRLWOUZZQLW-UHFFFAOYSA-N,C=CC#N,1.161
FFAQILVGBAELHN-UHFFFAOYSA-N,CCC(C)n1ncn(-c2ccc(N3CCN(c4ccc(O)cc4)CC3)cc2)c1=O,-4.07
KLOBVOJCYFKUOI-UHFFFAOYSA-N,Nc1ccc(N=Nc2ccc(NS(=O)(=O)c3ccc(N=Nc4c(S(=O)(=O)O)cc5cc(S(=O)(=O)O)c(N=Nc6ccc([N+](=O)[O-])cc6)c(N)c5c4O)cc3)cc2)c(N)c1,-5.406
JYFHYPJRHGVZDY-UHFFFAOYSA-N,CCCCOP(=O)(O)OCCCC,-0.802
FVJLCPJDDAGIJE-UHFFFAOYSA-N,C[N+](CCO)(CCO)CCO,0.907
HRPVXLWXLXDGHG-UHFFFAOYSA-N,C=CC(N)=O,0.968
SAIKULLUBZKPDA-UHFFFAOYSA-N,CCCCC(CC)CNCC(CC)CCCC,-4.012
SSRGDXQQJKAWKX-UHFFFAOYSA-N,COc1cccc(Nc2ccccc2C(=O)O)c1,-3.626
YWAKXRMUMFPDSH-UHFFFAOYSA-N,C=CCCC,-2.099
ORTVZLZNOYNASJ-UPHRSURJSA-N,OC/C=C\CO,1.234
WOINBLKRRRAPGG-UHFFFAOYSA-N,C=CCSC(CCC(SCC=C)C(=O)O)C(=O)O,-2.671
UJVLDDZCTMKXJK-UHFFFAOYSA-N,CC12CCC(=O)C=C1C=CC1C2CCC2(C)C1CCC21CCC(=O)O1,-5.289
SEPQTYODOKLVSB-UHFFFAOYSA-N,CC(C)=CC=O,0.358
JFZRRXGXEHUJCI-UHFFFAOYSA-N,COC(=O)C1CC(=O)N(C)C1,-0.17
ATGUVEKSASEFFO-UHFFFAOYSA-N,Nc1ccc(Nc2ccccc2)cc1,-2.522
IJCWFDPJFXGQBN-BIFNRIDTSA-N,CCCCCCCCCCCCCCCCCC(=O)OCC(OC(=O)CCCCCCCCCCCCCCCCC)[C@H]1OC[C@@H](O)[C@@H]1OC(=O)CCCCCCCCCCCCCCCCC,-7.7
WMWJCKBJUQDYLM-UHFFFAOYSA-N,Clc1ccc2c(c1)Oc1cc(Cl)ccc1O2,-6.198
RJKFOVLPORLFTN-UHFFFAOYSA-N,CC(=O)C1CCC2C3CCC4=CC(=O)CCC4(C)C3CCC12C,-5.133
FNZDMJUSJBQBQL-UHFFFAOYSA-N,CCN(CC)c1cc2[o+]c3cc(N(CC)CC)c(C)cc3c(-c3ccc(S(=O)(=O)[O-])cc3S(=O)(=O)O)c2cc1C,-2.459
UPIJOAFHOIWPLT-UHFFFAOYSA-N,COC(=O)c1ccc(C(C)(C)C)cc1,-3.011
ZMISODWVFHHWNR-UHFFFAOYSA-N,OC(c1ccccc1)(c1ccccc1)C1CCNCC1,-2.402
YCLZBYQDXVJFII-UHFFFAOYSA-N,Brc1cc(Br)c(-c2ccccc2)c(Br)c1,-6.263
LJCFRMUKLSCNKV-UHFFFAOYSA-N,COCCN(CCOC)C(=O)COC(=O)c1ccccc1,-1.456
MTCPZNVSDFCBBE-UHFFFAOYSA-N,Clc1cc(Cl)c(-c2c(Cl)cccc2Cl)c(Cl)c1,-7.941
TXLJHCHWQDGXMM-UHFFFAOYSA-N,CC(=O)Nc1cccc(Nc2cc(S(=O)(=O)O)c(N)c3c2C(=O)c2ccccc2C3=O)c1,-4.946
CTJMNBROBOZHAP-UHFFFAOYSA-N,NC1CN(c2cc3c(cc2F)c(=O)c(C(=O)O)cn3C2CC2)C1,-2.961
OHYNEUHOSWPWLZ-UHFFFAOYSA-N,C=CCCC(=O)C1CCCC(C)(C)C1,-3.652
GGCSSNBKKAUURC-UHFFFAOYSA-N,CCC(=O)N(c1ccccc1)C1(COC)CCN(CCc2cccs2)CC1,-4.206
QPQKUYVSJWQSDY-UHFFFAOYSA-N,Nc1ccc(N=Nc2ccccc2)cc1,-3.227
LXEJRKJRKIFVNY-UHFFFAOYSA-N,O=C(Cl)c1ccc(C(=O)Cl)cc1,-2.945
RSLYDUZZJLDOKH-UHFFFAOYSA-N,Nc1c(S(=O)(=O)O)ccc2ncccc12,-2.074
DHZBEENLJMYSHQ-UHFFFAOYSA-N,CC12C(=O)OC(=O)C1(C)C1CCC2O1,-1.127
CTLJHLYIILERNX-UHFFFAOYSA-N,NS(=O)(=O)c1nnc(NS(=O)(=O)c2ccccc2[N+](=O)[O-])s1,-2.212
LRTFPLFDLJYEKT-UHFFFAOYSA-N,CC(C)c1ccc(N)cc1,-1.501
FALCMQXTWHPRIH-UHFFFAOYSA-N,C=C(Cl)CCl,-1.37
WIKYUJGCLQQFNW-UHFFFAOYSA-N,CN1CCN(CCCN2c3ccccc3Sc3ccc(Cl)cc32)CC1,-3.635
XBQBUJRJLAOQHD-UHFFFAOYSA-N,COC(=O)C1(S(=O)(=O)c2ccc(C)cc2)CCCCC1,-3.717
UGFAIRIUMAVXCW-UHFFFAOYSA-N,[C-]#[O+],1.41
KVTFEOAKFFQCCX-UHFFFAOYSA-N,CCCCCCCCCCCCCCCC(=O)NCC(=O)O,-4.609
GWYFCOCPABKNJV-UHFFFAOYSA-N,CC(C)CC(=O)O,0.085
RDYMFSUJUZBWLH-GDSHQCHSSA-N,[O-][S+]1OC[C@@H]2[C@H](CO1)C1(Cl)C(Cl)=C(Cl)[C@@]2(Cl)C1(Cl)Cl,-5.336
YCPMGOBLONVZFZ-UHFFFAOYSA-N,CCCC(=O)OCOC(=O)c1cn(CC)c2nc(C)ccc2c1=O,-3.775
QWCKQJZIFLGMSD-UHFFFAOYSA-N,CCC(N)C(=O)O,0.714
IPDKSGJFMBIZJI-UHFFFAOYSA-N,Nc1ccc(S(=O)(=O)Nc2ncc3c(n2)CCCC3)cc1,-3.688
TWDJIKFUVRYBJF-UHFFFAOYSA-N,CCOP(=O)(OCC)SCC(=O)NC(C)(C)C#N,-1.566
HQYMUNCIMNFLDT-UHFFFAOYSA-N,NC(=O)CNC(=O)OCc1ccccc1,-1.566
ZZXDRXVIRVJQBT-UHFFFAOYSA-N,Cc1cccc(S(=O)(=O)O)c1C,-1.306
YLWQQYRYYZPZLJ-UHFFFAOYSA-N,CCCCCCC(O)CCCCCCCCCCC(=O)NCCNC(=O)CCCCCCCCCCC(O)CCCCCC,-6.584
RHIROFAGUQOFLU-UHFFFAOYSA-N,Clc1c(Cl)c(Cl)c2c(oc3c(Cl)c(Cl)c(Cl)c(Cl)c32)c1Cl,-10.284
NDNUANOUGZGEPO-QMMMGPOBSA-N,CCC[C@H]1CCCCN1,-0.689
ATIMVMORQPKRPC-UHFFFAOYSA-N,Clc1ccc(Oc2ccc(Cl)c(Cl)c2Cl)c(Cl)c1Cl,-9.131
DTGKSKDOIYIVQL-UHFFFAOYSA-N,CC1(C)C2CCC1(C)C(O)C2,-1.544
NZNPHIKNHGRVLZ-UHFFFAOYSA-N,CC(C)(C)NC(=O)COC(=O)c1ccccc1,-2.466
DNXHEGUUPJUMQT-UHFFFAOYSA-N,CC12CCC3c4ccc(O)cc4CCC3C1CCC2=O,-4.824
QSNYNWOQOIJCFV-UHFFFAOYSA-N,CNC1CN(c2c(F)cc3c(=O)c(C(=O)O)cn(C4CC4)c3c2F)C1,-3.234
ZWLPBLYKEWSWPD-UHFFFAOYSA-N,Cc1ccccc1C(=O)O,-1.297
CIWBQSYVNNPZIQ-UHFFFAOYSA-N,CCC(=O)OCC(=O)C1(OC(=O)CC)C(C)CC2C3CCC4=CC(=O)C=CC4(C)C3(F)C(O)CC21C,-5.849
MJTPMXWJHPOWGH-UHFFFAOYSA-N,CC(C)C(=O)OCCOc1ccccc1,-2.508
GTCAXTIRRLKXRU-UHFFFAOYSA-N,COC(N)=O,0.523
SOYBSGQXDYYMDH-UHFFFAOYSA-N,COCCOCCCn1c(=O)c2c(N)c3c(=O)c4ccccc4c(=O)c3c(N)c2c1=O,-5.21
YLAYOOJLJKJGCF-UHFFFAOYSA-N,Clc1ccc(Oc2c(Cl)c(Cl)cc(Cl)c2Cl)cc1Cl,-9.202
ZURZPPULRFXVLF-UHFFFAOYSA-N,CC(O)C(C)C=O,0.625
CATSNJVOTSVZJV-UHFFFAOYSA-N,CCCCCC(C)=O,-1.068
ZRRFZADKYTXPJU-UHFFFAOYSA-N,COC(C)C(NC(=O)c1ccccc1)C(=O)O,-1.606
LAUBAKJLUNBTEP-UHFFFAOYSA-N,CCCCCCOC(=O)n1cc(F)c(=O)[nH]c1=O,-2.907
QZYNWJQFTJXIRN-UHFFFAOYSA-N,Clc1cc(Cl)c(Cl)c(Cl)c1,-4.849
JRLUWLIIVKSPPT-UHFFFAOYSA-N,CCNc1c([N+](=O)[O-])cc([N+](=O)[O-])cc1[N+](=O)[O-],-3.449
YTHJCZRFJGXPTL-UHFFFAOYSA-N,O=Cc1ccc(O)c([N+](=O)[O-])c1,-2.185
FLKHVLRENDBIDB-UHFFFAOYSA-N,C=CC(=O)OCCOC(=O)NCCCC,-1.445
UQIKOYWGLUXMNE-UHFFFAOYSA-N,COC(=O)C1CCCN1C(=O)COC(=O)c1ccccc1,-2.29
NDRKXFLZSRHAJE-UHFFFAOYSA-N,Brc1ccc(-c2c(Br)c(Br)c(Br)c(Br)c2Br)c(Br)c1Br,-9.771
BIIVYFLTOXDAOV-UHFFFAOYSA-N,CN1CCC(c2c(O)cc(O)c3c(=O)cc(-c4ccccc4Cl)oc23)C(O)C1,-4.153
ZXQYGBMAQZUVMI-UHFFFAOYSA-N,CC1(C)C(C=C(Cl)C(F)(F)F)C1C(=O)OC(C#N)c1cccc(Oc2ccccc2)c1,-7.87
OVTBMKVBBHTERH-UHFFFAOYSA-N,COc1cc(Br)c2c(c1OC)C(=O)OC2,-3.096
HXXFSFRBOHSIMQ-UHFFFAOYSA-N,O=P(O)(O)OC1OC(CO)C(O)C(O)C1O,-0.035
UIIIBRHUICCMAI-UHFFFAOYSA-N,C=CCS(=O)(=O)O,0.6
WZJZMXBKUWKXTQ-UHFFFAOYSA-N,CCOC(=O)Nc1cccc(OC(=O)Nc2ccccc2)c1,-4.745
YVSCOIUNVKGTND-UHFFFAOYSA-N,C1COC2(C1)CCCO2,-0.229
HBAIZGPCSAAFSU-UHFFFAOYSA-N,O=C1NCCN1CCO,0.237
VQTUBCCKSQIDNK-UHFFFAOYSA-N,C=C(C)C,-0.827
HUWXDEQWWKGHRV-UHFFFAOYSA-N,Nc1ccc(-c2ccc(N)c(Cl)c2)cc1Cl,-3.678
AWJUIBRHMBBTKR-UHFFFAOYSA-N,c1ccc2cnccc2c1,-1.373
BUZKILZDXOORCH-UHFFFAOYSA-N,CCc1nc2nc(N)nc(N)c2nc1CC,-2.608
WPYSJFXXQNITBC-UHFFFAOYSA-N,S=C=Nc1ccc(-c2ccccc2)cc1,-5.386
MOUVJGIRLPZEES-UHFFFAOYSA-N,COc1cc(NC(=O)CC(C)=O)c(OC)cc1Cl,-3.624
WRLAXUYIDLSRHV-UHFFFAOYSA-N,NC(=O)CCNCCO,0.585
IZNWACYOILBFEG-UHFFFAOYSA-N,Cc1ccc2ccccc2c1[N+](=O)[O-],-3.755
NWINIEGDLHHNLH-UHFFFAOYSA-N,Cc1cc(=O)c2ccccc2[nH]1,-2.725
VBVXPLDOYIOZGP-UHFFFAOYSA-N,CC(O)C1C(=O)N2C(C(=O)O)=C(SCC(=N)N(C)C)C(C)C12,-1.551
RONFGUROBZGJKP-UHFFFAOYSA-N,NC(N)=NCCCCCCCCNCCCCCCCCN=C(N)N,-2.299
JCLHQFUTFHUXNN-UHFFFAOYSA-N,CCOC(=O)C(c1c(O)c2ccccc2oc1=O)c1c(O)c2ccccc2oc1=O,-6.014
QPJVMBTYPHYUOC-UHFFFAOYSA-N,COC(=O)c1ccccc1,-1.304
HNDVDQJCIGZPNO-UHFFFAOYSA-N,NC(Cc1cnc[nH]1)C(=O)O,-0.389
AQYMRQUYPFCXDM-UHFFFAOYSA-N,COc1ccccc1NC(=O)c1cc2ccccc2cc1O,-5.523
DBCUYSCFFFBUJG-UHFFFAOYSA-N,CC(C)OC(=O)CS(=O)(=O)c1ccc(Cl)cc1,-3.522
ISXSCDLOGDJUNJ-UHFFFAOYSA-N,C=CC(=O)OC(C)(C)C,-1.1
IPVTTYAHKXZGCQ-ZBJSNUHESA-N,O=C1C(S(=O)(=O)O)=Cc2cc(S(=O)(=O)O)ccc2/C1=N\Nc1ccc(S(=O)(=O)O)c2ccccc12,-3.281
QTNAUUGQZYCWGQ-UHFFFAOYSA-N,Cn1c(=O)cc2c3c(c(Br)ccc31)C(=O)c1ccccc1-2,-6.038
FQLZTPSAVDHUKS-UHFFFAOYSA-N,Cc1ccc(N2C(=O)c3cccc4c(N)ccc(c34)C2=O)c(C)c1,-6.243
XEFMFJLRXHQLEM-UHFFFAOYSA-N,Brc1ccc(Br)c(-c2cc(Br)ccc2Br)c1,-7.267
WRZOMWDJOLIVQP-UHFFFAOYSA-N,Cc1ccc(Cl)cc1N,-1.691
PXMJCECEFTYEKE-UHFFFAOYSA-N,COC(=O)CCc1cc(C(C)(C)C)c(O)c(C(C)(C)C)c1,-5.337
IOOIOUOLXVONAC-UHFFFAOYSA-N,COS(=O)(=O)c1ccc(C(=O)O)cc1,-1.917
LFFIEVAMVPCZNA-UHFFFAOYSA-N,N#Cc1ccccc1-c1ccc(CBr)cc1,-4.713
BIQOEDQVNIYWPQ-UHFFFAOYSA-N,Cc1cccc(C)c1N(COCC(C)C)C(=O)CCl,-4.223
RWXKUYSKUSXRGL-UHFFFAOYSA-N,CCN(CC)C(=O)C(Cl)=CCOP(=O)(OC)OC,-1.077
IWYYIZOHWPCALJ-UHFFFAOYSA-N,Cc1cc[n+]([O-])cc1,0.13
WRASRGBFGDJYNN-UHFFFAOYSA-N,Cc1ccc(NS(=O)(=O)c2cc(NNC3=C4C(=O)C=C(S(=O)(=O)O)C=C4C=CC3=N)ccc2Cl)c(C)c1,-5.167
JJYPMNFTHPTTDI-UHFFFAOYSA-N,Cc1cccc(N)c1,-0.731
HNURKXXMYARGAY-UHFFFAOYSA-N,CC(C)(C)c1cc(CO)cc(C(C)(C)C)c1O,-3.031
QUKHPBOCBWDYMW-UHFFFAOYSA-N,CC(C)COC(=O)C1CCCCC1C(=O)OCC(C)C,-4.437
IAVREABSGIHHMO-UHFFFAOYSA-N,O=Cc1cccc(O)c1,-1.078
PIVQQUNOTICCSA-UHFFFAOYSA-N,NC(=S)Nc1cccc2ccccc12,-3.367
HOZRMSVNIKYCMB-UHFFFAOYSA-N,COc1ccc(OC)c(NC(C)=O)c1,-2.228
GWSQAGVGSHXRJK-UHFFFAOYSA-N,CNS(=O)(=O)c1cc(OC)c(N)cc1C,-2.086
ZTILAOCGFRDHBH-UHFFFAOYSA-N,CC(C)Oc1ccc(S(=O)(=O)c2ccc(O)cc2)cc1,-3.865
YIKYNHJUKRTCJL-UHFFFAOYSA-N,CCc1occc(=O)c1O,-1.181
XYPACLZTPMHPLB-UHFFFAOYSA-N,Cc1ccc2c([N+](=O)[O-])ccc(O)c2n1,-3.288
GAWKHTAHYFTCHE-UHFFFAOYSA-N,Nc1c2ccccc2nc2cccc(C(F)(F)F)c12,-4.718
LRQKBLKVPFOOQJ-YFKPBYRVSA-N,CCCC[C@H](N)C(=O)O,0.011
RGHQKFQZGLKBCF-UHFFFAOYSA-N,CC(=O)OCCBr,-0.27
LDCFNNYCIXKMNJ-UHFFFAOYSA-N,CC(O)CN(CC(C)O)C(=O)COC(=O)c1ccccc1,-1.424
BTQMNEKPMOZIDW-UHFFFAOYSA-N,CC(C)CC(CC(C)C)(CC(C)C)C(=O)NO,-3.968
IMYCVFRTNVMHAD-UHFFFAOYSA-N,CCC(C)(C)OOC1(OOC(C)(C)CC)CCCCC1,-5.125
UPHOPMSGKZNELG-UHFFFAOYSA-N,O=C(O)c1c(O)ccc2ccccc12,-2.625
RUDATBOHQWOJDD-BSWAIDMHSA-N,C[C@H](CCC(=O)O)[C@H]1CC[C@H]2[C@@H]3[C@H](O)C[C@@H]4C[C@H](O)CC[C@]4(C)[C@H]3CC[C@]12C,-4.869
DXBHBZVCASKNBY-UHFFFAOYSA-N,c1ccc2cc3c(ccc4ccccc43)cc2c1,-6.392
UDPHJTAYHSSOQB-UHFFFAOYSA-N,ClCC(Cl)(Cl)CCl,-2.434
NLBSQHGCGGFVJW-UHFFFAOYSA-N,O=C(O)CCP(=O)(O)O,0.579
KNVQTRVKSOEHPU-UHFFFAOYSA-N,CC(=O)Nc1ccccc1Cl,-2.477
CWERGRDVMFNCDR-UHFFFAOYSA-N,O=C(O)CS,0.853
YICSVBJRVMLQNS-UHFFFAOYSA-N,CCCCOP(=O)(OCCCC)Oc1ccccc1,-2.93
YYHQXKBKFKTDMP-UHFFFAOYSA-N,CC(Cl)C(C)(C)O,-0.3
RPNUMPOLZDHAAY-UHFFFAOYSA-N,NCCNCCN,1.386
GATVIKZLVQHOMN-UHFFFAOYSA-N,ClC(Br)Br,-0.892
ANTSCNMPPGJYLG-UHFFFAOYSA-N,CNC1=Nc2ccc(Cl)cc2C(c2ccccc2)=[N+]([O-])C1,-3.612
FNYQALWNSAGHJV-UHFFFAOYSA-N,CC1N(c2c(F)cc3c(=O)c(C(=O)O)cn(C4CC4)c3c2F)CC1(C)N,-3.527
WXDXQSMFRITTEJ-UHFFFAOYSA-N,C=CCN(CC=C)c1cc(NC(C)=O)c(N=Nc2c(Br)cc([N+](=O)[O-])cc2[N+](=O)[O-])cc1OC,-7.666
KMBPCQSCMCEPMU-UHFFFAOYSA-N,CN(CCCN)CCCN,0.759
PBGKNXWGYQPUJK-UHFFFAOYSA-N,Nc1ccc(Cl)cc1[N+](=O)[O-],-2.561
QTSBFJRVBUIZJC-UHFFFAOYSA-N,COCC1COc2cc3ncnc(Nc4cccc(I)c4)c3cc2O1,-5.28
UPQWMVAELITTGQ-UHFFFAOYSA-N,CCCC(=O)OCN1C(=O)NC(c2ccccc2)(c2ccccc2)C1=O,-4.69
DMQQXDPCRUGSQB-UHFFFAOYSA-N,O=C(O)CN(CCCN(CC(=O)O)CC(=O)O)CC(=O)O,-0.353
UFWIBTONFRDIAS-UHFFFAOYSA-N,c1ccc2ccccc2c1,-2.848
PRLMFHYBTOQSLN-UHFFFAOYSA-N,CSc1nc(N(C)C)nc(N(C)C)n1,-1.279
QTANTQQOYSUMLC-UHFFFAOYSA-O,CC[n+]1c(-c2ccccc2)c2cc(N)ccc2c2ccc(N)cc21,-4.589
DHLVZXZRIZBPKG-UHFFFAOYSA-N,Clc1ccc(Oc2ccc(Cl)c(Cl)c2)cc1Cl,-7.692
FBMQNRKSAWNXBT-UHFFFAOYSA-N,Nc1ccc(N)c2c1C(=O)c1ccccc1C2=O,-4.43
FMGSKLZLMKYGDP-USOAJAOKSA-N,C[C@]12CC[C@H](O)CC1=CC[C@@H]1[C@@H]2CC[C@]2(C)C(=O)CC[C@@H]12,-4.137
ZAVXXOXJXNKOFP-UHFFFAOYSA-N,Nc1cccc(S(=O)(=O)Nc2nnc(S(N)(=O)=O)s2)c1,-2.377
RQXTZKGDMNIWJF-UHFFFAOYSA-N,CCC(C)C1CCCCC1=O,-2.193
ULDHMXUKGWMISQ-VIFPVBQESA-N,C=C(C)[C@H]1CC=C(C)C(=O)C1,-1.685
VHXBNOUUDLLFER-UHFFFAOYSA-N,CCOC1=CC(=O)CC(C)C12Oc1c(Cl)c(OC)cc(OC)c1C2=O,-5.26
NRFNHVNHUCNPFW-UHFFFAOYSA-N,Cn1cnc2[nH]c(=O)nc(NCCO)c21,-1.309
WGTDLPBPQKAPMN-KTKRTIGZSA-N,CCCCCCCC/C=C\CCCCCCCC1=NCCN1CCO,-5.007
SFSXNVBMAODLGN-UHFFFAOYSA-N,CCc1cccc(C)n1,-1.504
YRNDGUSDBCARGC-UHFFFAOYSA-N,COCC(=O)c1ccccc1,-1.35
YUTFQTAITWWGFH-UHFFFAOYSA-N,CC(=O)c1cc2ccccc2o1,-2.281
SJDWIIRQOOJASM-XMHGGMMESA-N,Nc1ccc(N/N=C2\C=Cc3c(cccc3S(=O)(=O)O)C2=O)cc1,-3.774
FKRCODPIKNYEAC-UHFFFAOYSA-N,CCOC(=O)CC,-0.017
PCCSBWNGDMYFCW-UHFFFAOYSA-N,CC1(c2ccc(Oc3ccccc3)cc2)OC(=O)N(Nc2ccccc2)C1=O,-6.741
MEEGGHJZTZFSBQ-UHFFFAOYSA-N,COC1=CCC2=C(CCC3C2CCC2(C)C3CCC2(O)C#N)C1,-4.793
WDCCXADRWCXXOR-UHFFFAOYSA-N,C=CC(C)C(=O)OCC,-1.104
OEDGRBFONRSXRX-UHFFFAOYSA-N,CCCCCCCCCCCNC(=O)c1cccnc1,-3.822
GXAMYUGOODKVRM-UHFFFAOYSA-N,O=C(O)C1(O)c2ccccc2-c2ccccc21,-2.916
AKUJBENLRBOFTD-RPRRAYFGSA-N,CC(=O)OCC(=O)[C@@]1(O)[C@H](C)C[C@H]2[C@@H]3CCC4=CC(=O)C=C[C@]4(C)[C@@]3(F)[C@@H](O)C[C@@]21C,-4.472
XXJWXESWEXIICW-UHFFFAOYSA-N,CCOCCOCCO,0.725
HUPFGZXOMWLGNK-UHFFFAOYSA-N,O=C(O)c1cc(-c2ccc(F)cc2F)ccc1O,-3.897
MTCFGRXMJLQNBG-UHFFFAOYSA-N,NC(CO)C(=O)O,0.356
KZTYYGOKRVBIMI-UHFFFAOYSA-N,O=S(=O)(c1ccccc1)c1ccccc1,-3.048
BKCCAYLNRIRKDJ-UHFFFAOYSA-N,c1ccc(C2=NCCN2)cc1,-1.188
IWCYXDKDGNKCFU-OWOJBTEDSA-N,O=S(=O)(O)c1ccc(S(=O)(=O)O)c(Nc2nc(Nc3ccc(/C=C/c4ccc(Nc5nc(Nc6cc(S(=O)(=O)O)ccc6S(=O)(=O)O)nc(N(CCO)CCO)n5)cc4S(=O)(=O)O)c(S(=O)(=O)O)c3)nc(N(CCO)CCO)n2)c1,-2.875
WNUUEQSIAHJIGU-BUHFOSPRSA-N,CN(CCO)c1nc(Nc2ccccc2)nc(Nc2ccc(/C=C/c3ccc(Nc4nc(Nc5ccccc5)nc(N(C)CCO)n4)cc3S(=O)(=O)O)c(S(=O)(=O)O)c2)n1,-4.731
LELOWRISYMNNSU-UHFFFAOYSA-N,C#N,1.652
YTJJPFRVBNFIBN-UHFFFAOYSA-N,CC(=O)Nc1ccc(S(=O)(=O)NC(C)=O)cc1,-2.518
IOQZSOCPFYNJIG-UHFFFAOYSA-N,Nc1c2ccccc2nc2cccc([N+](=O)[O-])c12,-4.556
YNPNZTXNASCQKK-UHFFFAOYSA-N,c1ccc2c(c1)ccc1ccccc12,-4.613
CJNZAXGUTKBIHP-UHFFFAOYSA-N,O=C(O)c1ccccc1I,-1.84
MWZGHIGOSHTXGY-UHFFFAOYSA-N,O=c1[nH]c(-c2ccccc2)ncc1Br,-3.524
ODQWQRRAPPTVAG-GZTJUZNOSA-N,CN(C)CC/C=C1\c2ccccc2COc2ccccc21,-3.655
LSXKDWGTSHCFPP-UHFFFAOYSA-N,CCCCCCCBr,-3.635
XBGGUPMXALFZOT-UHFFFAOYSA-N,NCC(=O)NC(Cc1ccc(O)cc1)C(=O)O,-1.317
PRUGQYWGIVNHEM-UHFFFAOYSA-N,O=c1ncc2[nH]c(=O)[nH]c2[nH]1,-2.956
UHZUKUTVMBPNLC-UHFFFAOYSA-N,O=C(NO)c1ccccc1N=Cc1ccccn1,-2.748
DMLHJLWUADABON-UHFFFAOYSA-N,CCCCCCCCC(=O)N(C)C,-2.212
JGGWNGRBXJWAOC-HKJPBSJPSA-N,COc1cc([C@@H]2c3cc4c(c(O)c3C[C@H]3COC(=O)[C@@H]32)OCO4)cc(OC)c1O,-5.302
GCHPUFAZSONQIV-UHFFFAOYSA-N,CCC(C)(N)C(=O)O,0.375
ZDXPYRJPNDTMRX-VKHMYHEASA-N,NC(=O)CC[C@H](N)C(=O)O,0.197
HTQNYBBTZSBWKL-UHFFFAOYSA-N,O=C(c1ccccc1)c1ccc(O)c(O)c1O,-3.169
MOEFFSWKSMRFRQ-UHFFFAOYSA-N,CCOc1ccccc1O,-1.413
LECKQPWCSYMCDR-UHFFFAOYSA-N,COc1ccc(CCC#N)cc1OC,-2.746
DJPZSBANTAQNFN-UHFFFAOYSA-N,CC(=O)OC1CCC2C3CCC4=CC(=O)CCC4(C)C3CCC12C,-5.715
SHSGYHAHMQLYRB-UHFFFAOYSA-N,CCCC(=O)OC(C)(C)Cc1ccccc1,-3.84
WHGYBXFWUBPSRW-UHFFFAOYSA-N,OCC1OC2OC3C(CO)OC(OC4C(CO)OC(OC5C(CO)OC(OC6C(CO)OC(OC7C(CO)OC(OC8C(CO)OC(OC1C(O)C2O)C(O)C8O)C(O)C7O)C(O)C6O)C(O)C5O)C(O)C4O)C(O)C3O,-0.678
GWHJZXXIDMPWGX-UHFFFAOYSA-N,Cc1ccc(C)c(C)c1,-2.901
XFNJYAKDBJUJAJ-UHFFFAOYSA-N,CC(Br)CBr,-1.536
AXDLCFOOGCNDST-VIFPVBQESA-N,CN[C@@H](Cc1ccc(O)cc1)C(=O)O,-1.176
LTMRJPIOLKBUKZ-UHFFFAOYSA-N,CCCN1Cn2c(nc3ccccc3c2=O)C1C,-2.475
KEMCLRGAIUJRAN-UHFFFAOYSA-N,C=CC(=O)OCCN(C)S(=O)(=O)C(F)(F)C(F)(F)C(F)(F)C(F)(F)F,-4.259
ZUAGUFSITPHNKC-UHFFFAOYSA-N,c1ccc2c(c1)-c1cccc3cc4c(ccc5ccccc54)c-2c13,-8.188
HNYOPLTXPVRDBG-UHFFFAOYSA-N,O=C1CC(=O)NC(=O)N1,-0.5
SGDBTWWWUNNDEQ-UHFFFAOYSA-N,NC(Cc1ccc(N(CCCl)CCCl)cc1)C(=O)O,-2.459
CVYZVNVPQRKDLW-UHFFFAOYSA-N,COc1ccc([N+](=O)[O-])cc1[N+](=O)[O-],-2.905
LRHPLDYGYMQRHN-UHFFFAOYSA-N,CCCCO,0.933
OYYZSRVQTPSXRG-UHFFFAOYSA-N,Cc1c(Nc2nc(Cl)nc(Nc3cccc(S(=O)(=O)O)c3)n2)c(C)c(S(=O)(=O)O)c(C)c1Nc1cc(S(=O)(=O)O)c(N)c2c1C(=O)c1ccccc1C2=O,-5.252
ADRYPAGQXFMVFP-UHFFFAOYSA-N,Clc1cccc2cccc(Cl)c12,-4.602
BJQHLKABXJIVAM-UHFFFAOYSA-N,CCCCC(CC)COC(=O)c1ccccc1C(=O)OCC(CC)CCCC,-7.076
ZESRJSPZRDMNHY-UHFFFAOYSA-N,CC12CCC(=O)C=C1CCC1C2CCC2(C)C(C(=O)CO)CCC12,-4.352
ICLCCFKUSALICQ-UHFFFAOYSA-N,Cc1cc(-c2ccc(N=C=O)c(C)c2)ccc1N=C=O,-5.227
AFJWMGOTLUUGHF-UHFFFAOYSA-N,O=C1NC(=O)C2=C1CCCC2,-1.078
AHDSRXYHVZECER-UHFFFAOYSA-N,CN(C)Cc1cc(CN(C)C)c(O)c(CN(C)C)c1,-0.875
DLFVBJFMPXGRIB-UHFFFAOYSA-N,CC(N)=O,1.244
XKNUVBQTZXGYHL-UHFFFAOYSA-N,O=C(Nc1ccc2c(O)c(N=Nc3ccccc3)c(S(=O)(=O)O)cc2c1)Nc1ccc2c(O)c(N=Nc3ccccc3)c(S(=O)(=O)O)cc2c1,-6.352
JLYXXMFPNIAWKQ-UHFFFAOYSA-N,ClC1C(Cl)C(Cl)C(Cl)C(Cl)C1Cl,-4.001
OVRWUZYZECPJOB-UHFFFAOYSA-N,NCC(F)F,1.123
PNMUAGGSDZXTHX-BYPYZUCNSA-N,NCC(=O)N[C@@H](CCC(N)=O)C(=O)O,-0.268
SFTBUGPDOJDENF-UHFFFAOYSA-N,Clc1cc(Cl)c(Cl)c(Oc2cc(Cl)c(Cl)cc2Cl)c1,-9.286
SFPQFQUXAJOWNF-UHFFFAOYSA-N,Ic1cccc(I)c1,-3.341
LKVFCSWBKOVHAH-UHFFFAOYSA-N,CCOc1ccc(O)cc1,-1.468
VFGRNTYELNYSKJ-UHFFFAOYSA-N,Cn1c(N)cc(=O)n(C)c1=O,-0.904
DDUIUBPJPOKOMV-UHFFFAOYSA-N,COCCCNc1nc(NC(C)C)nc(SC)n1,-3.003
ATCRIUVQKHMXSH-UHFFFAOYSA-N,O=C(O)c1ccc(Cl)cc1Cl,-2.581
CWLZDZVLPBXMKF-UHFFFAOYSA-N,CS(=O)(=O)NS(=O)(=O)C1CCCCC1,-0.953
CYNYIHKIEHGYOZ-UHFFFAOYSA-N,CCCBr,-0.922
SKGXYFVQZVPEFP-UHFFFAOYSA-N,Clc1ccc2c(c1)Oc1cc(Cl)c(Cl)c(Cl)c1O2,-8.426
STNJBCKSHOAVAJ-UHFFFAOYSA-N,C=C(C)C=O,0.861
BBJPKBLYPSYKMT-UHFFFAOYSA-N,CNS#CNCO,0.265
CAUBWLYZCDDYEF-UHFFFAOYSA-N,CCOC(=O)N(C)N=O,0.197
RYAUSSKQMZRMAI-ALOPSCKCSA-N,CC(Cc1ccc(C(C)(C)C)cc1)CN1C[C@@H](C)O[C@@H](C)C1,-3.657
HSUIVCLOAAJSRE-UHFFFAOYSA-N,COCCOC(=O)c1ccccc1C(=O)OCCOC,-1.768
QUKGYYKBILRGFE-UHFFFAOYSA-N,CC(=O)OCc1ccccc1,-1.58
ZJJXGWJIGJFDTL-UHFFFAOYSA-N,Cc1cnc(C(=O)NCCc2ccc(S(=O)(=O)NC(=O)NC3CCCCC3)cc2)cn1,-4.718
PFFPKQRMYJXVMY-UHFFFAOYSA-N,O=C(O)c1cc(Cl)ccc1N=Nc1ccc(O)cc1,-4.467
XPHDAEADNYTVAU-UHFFFAOYSA-N,CCOC(=O)CC1(C)CCC(=O)O1,-1.17
RSWGJHLUYNHPMX-UHFFFAOYSA-N,CC(C)C1=CC2=CCC3C(C)(C(=O)O)CCCC3(C)C2CC1,-5.326
KFZXVMNBUMVKLN-UHFFFAOYSA-N,Cc1cc(O)c(C(C)C)cc1Cl,-3.001
UHIAOZUHJYDVBH-UHFFFAOYSA-N,O=C1C=C2CC3(O)COc4c(ccc(O)c4O)C3=C2CC1=O,-3.386
ZZYXNRREDYWPLN-UHFFFAOYSA-N,Nc1cccnc1N,-0.613
IGDCJKDZZUALAO-UHFFFAOYSA-N,C=CCOC(CO)CO,0.649
QVEOSYKPYFNQAZ-XYOKQWHBSA-N,C=CC(C)CC/C=C(\C)CCC=O,-3.635
JRKICGRDRMAZLK-UHFFFAOYSA-N,O=S(=O)(O)OOS(=O)(=O)O,-1.94
RDHHZPRHIKNBBI-UHFFFAOYSA-N,O=C1NC(=O)C2C=CC=CC12,-0.842
LAXBNTIAOJWAOP-UHFFFAOYSA-N,Clc1ccccc1-c1ccccc1,-4.349
GOYDNIKZWGIXJT-UHFFFAOYSA-N,Fc1ccccc1F,-1.858
IAXXETNIOYFMLW-UHFFFAOYSA-N,C=C(C)C(=O)OC1CC2CCC1(C)C2(C)C,-4.178
HMFKFHLTUCJZJO-UHFFFAOYSA-N,CCCCCCCCCCCC(=O)OCCOCC(OCCO)C1OCC(OCCO)C1OCCO,-2.35
XIICKRYAUAVEQS-UHFFFAOYSA-N,CC(=O)Nc1ccc(S(=O)(=O)CCO)cc1,-1.674
MSSXOMSJDRHRMC-UHFFFAOYSA-N,Nc1nc(N)c2nc[nH]c2n1,-2.483
BDLSLORLEPSOGW-UHFFFAOYSA-N,Nc1ccc(S(=O)(=O)Nc2nnc(S(N)(=O)=O)s2)cc1,-2.377
QWTDNUCVQCZILF-UHFFFAOYSA-N,CCC(C)C,-2.17
YRGAYAGBVIXNAQ-UHFFFAOYSA-N,COc1ccc(Cl)cc1,-2.077
DDMOUSALMHHKOS-UHFFFAOYSA-N,FC(F)(Cl)C(F)(F)Cl,-2.335
GLKCOBIIZKYKFN-UHFFFAOYSA-N,Nc1nc2[nH]c(=O)cnc2c(=O)[nH]1,-3.285
OPASCBHCTNRLRM-UHFFFAOYSA-N,CCSCCSP(=S)(OC)OC,-2.725
AOQMRUTZEYVDIL-UHFFFAOYSA-N,NC(=O)c1nc(-c2ccccc2)n(-c2ccc(Cl)c(COCC(F)(F)C(F)(F)F)c2)n1,-6.412
DWEPFAMAQPVFBH-UHFFFAOYSA-N,NS(=O)(=O)c1cc2c(s1)[S+]([O-])CCC2O,-0.174
SGTNSNPWRIOYBX-UHFFFAOYSA-N,COc1ccc(CCN(C)CCCC(C#N)(c2ccc(OC)c(OC)c2)C(C)C)cc1OC,-5.378
WZUZDBPJFHQVJC-UHFFFAOYSA-N,C=C(Cl)C(Cl)CCl,-2.384
QTSNFLIDNYOATQ-UHFFFAOYSA-N,CC(=O)C(N=Nc1ccc(Cl)cc1[N+](=O)[O-])C(=O)Nc1ccccc1Cl,-7.151
TUFGIGGYNZUDAL-UHFFFAOYSA-N,O=C(c1ccccc1O)N1CCOCC1,-1.517
HDCICIWMRHHDMV-UHFFFAOYSA-N,NNP(=S)(NN)c1ccccc1,-1.051
RULKYXXCCZZKDZ-UHFFFAOYSA-N,Oc1cc(Cl)c(Cl)c(Cl)c1Cl,-3.307
BPLBGHOLXOTWMN-UHFFFAOYSA-N,CC1(C)SC2C(NC(=O)COc3ccccc3)C(=O)N2C1C(=O)O,-2.85
XAERLJMOUYEBAB-UHFFFAOYSA-N,O=C(Cc1ccc(-c2ccccc2)cc1)OCCF,-4.709
YREQHYQNNWYQCJ-UHFFFAOYSA-N,CCOc1ccc(C(C)(C)COCc2cccc(Oc3ccccc3)c2)cc1,-6.601
FLTYACUMGDVPLP-UHFFFAOYSA-N,CN(C)c1ccc(N=NS(=O)(=O)O)cc1,-1.684
XJGVXQDUIWGIRW-UHFFFAOYSA-N,CN1CCN(C2=Nc3ccccc3Oc3ccc(Cl)cc32)CC1,-3.55
WUOACPNHFRMFPN-VIFPVBQESA-N,CC1=CC[C@H](C(C)(C)O)CC1,-1.289
YDQLECBCTASDOZ-UHFFFAOYSA-N,CCCCCCCCCCCCCCCCCCn1c(=O)c2ccc3sc4ccccc4c4ccc(c1=O)c2c34,-8.274
ZFIVKAOQEXOYFY-QWWZWVQMSA-N,C1O[C@H]1[C@H]1CO1,0.989
PUTUPQVEMBRCAG-UHFFFAOYSA-N,COC(=O)N(C)C(=O)CSP(C)(=S)OC,-2.349
UGRWIGCKFYJTEL-UHFFFAOYSA-N,CCOC(=O)n1c(-c2cscn2)nc2ccccc21,-3.667
HHBBIOLEJRWIGU-UHFFFAOYSA-N,CCOC(F)(C(F)(F)C(F)(F)C(F)(F)F)C(F)(C(F)(F)F)C(F)(F)F,-6.922
HRQGCQVOJVTVLU-UHFFFAOYSA-N,ClCOCCl,0.362
JBKVHLHDHHXQEQ-UHFFFAOYSA-N,O=C1CCCCCN1,-0.076
LCGLNKUTAGEVQW-UHFFFAOYSA-N,COC,1.837
KRCTVRKGIUYGJG-UHFFFAOYSA-N,CC(O)C([N+](=O)[O-])[N+](=O)[O-],-0.57
LINPVWIEWJTEEJ-UHFFFAOYSA-N,COC(=O)C1(O)c2ccccc2-c2ccc(Cl)cc21,-4.304
IZJDOKYDEWTZSO-UHFFFAOYSA-N,S=C=NCCc1ccccc1,-3.299
QCQPGRMMDFIQMB-UHFFFAOYSA-N,CNC(=O)ON=C1C(Cl)C2CC(C#N)C1C2,-2.738
AHKZTVQIVOEVFO-UHFFFAOYSA-N,[O-2],-0.56
NOYOIPQGXQUMJJ-UHFFFAOYSA-N,CCCCc1ccc2cc3ccc4ccccc4c3cc2c1,-7.7
WFSMVVDJSNMRAR-UHFFFAOYSA-N,CCOCCOCCOCCO,0.479
BYYMILHAKOURNM-UHFFFAOYSA-N,C#CC(C)N(C)C(=O)Nc1ccc(Cl)cc1,-3.441
ILYSAKHOYBPSPC-UHFFFAOYSA-N,O=C(O)c1ccccc1-c1ccccc1,-2.991
YBSYYLRYPMFRNL-UHFFFAOYSA-N,CC(C)(S(C)(=O)=O)S(C)(=O)=O,-0.48
QUQBHBRVKLEOEI-UHFFFAOYSA-N,CC12CCC(=O)C=C1CCC1C2C2CC3(C(O)O2)C(C(=O)CO)CCC13,-3.277
JWVYQQGERKEAHW-UHFFFAOYSA-N,O=c1ccc2cc3ccoc3c(O)c2o1,-3.421
FDTMXYKUFIZEMG-UHFFFAOYSA-N,CC(=O)Oc1ccccc1C(=O)OCC(=O)N(C)C,-1.982
NDDWQZYCAZDNEH-UHFFFAOYSA-N,CN=C(NC)N1Cc2cccc3cccc(c23)C1,-2.781
RXKJFZQQPQGTFL-UHFFFAOYSA-N,O=C(CO)CO,0.761
PIZFEKJNYKNABG-UHFFFAOYSA-N,CCCCCCCOCC(COCCCCCCC)(COCCCCCCC)COCCCCCCC,-5.805
WVRFNJXNBZHDGZ-UHFFFAOYSA-N,N=NN=NC1=CCc2c(cccc2S(=O)(=O)Oc2ccc(C(=O)c3ccc(O)c(O)c3O)cc2)C1=O,-6.018
VRQVVMDWGGWHTJ-CQSZACIVSA-N,COc1ccc2c(c1)N(C[C@H](C)CN(C)C)c1ccccc1S2,-4.181
UVKXJAUUKPDDNW-UHFFFAOYSA-N,CC=CCC#N,0.071
KXIPYLZZJZMMPD-UHFFFAOYSA-N,Clc1ccc(Oc2ccccc2)c(Cl)c1,-5.633
OROGSEYTTFOCAN-UHFFFAOYSA-N,COc1ccc2c3c1OC1C(O)C=CC4C(C2)N(C)CCC341,-2.605
SKTCDJAMAYNROS-UHFFFAOYSA-N,COC1CCCC1,-0.343
MLHOXUWWKVQEJB-UHFFFAOYSA-N,CC(=O)OCC(C)OC(C)=O,-0.441
NMWSKOLWZZWHPL-UHFFFAOYSA-N,Clc1cccc(-c2ccccc2)c1,-4.336
HNVIQLPOGUDBSU-UHFFFAOYSA-N,CC1CNCC(C)O1,0.587
XTDQDBVBDLYELW-UHFFFAOYSA-N,CCC(C)C(C)(C)C,-3.86
NPAGDVCDWIYMMC-UHFFFAOYSA-N,CC12CCC3C4CCC(=O)C=C4CCC3C1CCC2O,-3.817
WVHNUGRFECMVLQ-UHFFFAOYSA-N,Clc1ccc(-c2c(Cl)cccc2Cl)c(Cl)c1,-7.038
BZTYNSQSZHARAZ-UHFFFAOYSA-N,Clc1ccc(-c2ccc(Cl)cc2Cl)cc1,-6.12
CYVCVGQCHLVKKV-UHFFFAOYSA-N,O=S(=O)(O)c1cc(S(=O)(=O)O)c2cc(NS(=O)(=O)c3cccc(N=Nc4ccc(N=Nc5c(O)ccc6ccccc56)cc4)c3)ccc2c1,-6.01
CLEVULOKVPBHCU-VIFPVBQESA-N,O=S(=O)(O)C[C@@H](O)CNc1ccccc1,-0.872
ZDDZPDTVCZLFFC-UHFFFAOYSA-N,Clc1ccc(-c2c(Cl)c(Cl)cc(Cl)c2Cl)cc1,-7.941
LRWNUFGVDBJUTF-UHFFFAOYSA-N,CCCCCCCCCCSC(=N)N,-2.649
UYUXSRADSPPKRZ-SKNVOMKLSA-N,O=C[C@H](O)[C@H]1OC(=O)[C@@H](O)[C@H]1O,-0.172
MRABAEUHTLLEML-UHFFFAOYSA-N,CCCCOC(=O)C(C)O,-0.488
MBMANTPXLYUUGC-UHFFFAOYSA-N,CC(=O)Oc1ccc(NC(=O)c2ccccc2)cc1,-4.277
VMXUWOKSQNHOCA-LCYFTJDESA-N,CN/C(=C/[N+](=O)[O-])NCCSCc1ccc(CN(C)C)o1,-2.439
YAMHXTCMCPHKLN-UHFFFAOYSA-N,O=C1NCCN1,0.369
DUFKCOQISQKSAV-UHFFFAOYSA-N,CC(O)COC(C)CO,0.678
ATXPWKWYLDEURI-UHFFFAOYSA-N,CCNc1cc(C#N)c(N)c2c1C(=O)c1ccccc1C2=O,-5.348
IWEDIXLBFLAXBO-UHFFFAOYSA-N,COc1c(Cl)ccc(Cl)c1C(=O)O,-2.932
DRUIESSIVFYOMK-UHFFFAOYSA-N,N#CC(Cl)(Cl)Cl,-1.092
UADWUILHKRXHMM-UHFFFAOYSA-N,CCCCC(CC)COC(=O)c1ccccc1,-4.549
IOJUPLGTWVMSFF-UHFFFAOYSA-N,c1ccc2scnc2c1,-1.911
SSADPHQCUURWSW-UHFFFAOYSA-N,Cc1cc(C(C)(C)C)c(OP2OCC3(CO2)COP(Oc2c(C(C)(C)C)cc(C)cc2C(C)(C)C)OC3)c(C(C)(C)C)c1,-7.816
DZKXJUASMGQEMA-UHFFFAOYSA-N,CCCCCCCCCCCCCCOC(=O)CCCCCCCCCCCCC,-8.09
CYXIKYKBLDZZNW-UHFFFAOYSA-N,FC(F)(F)CCl,-1.346
MHDYKXPQKDDFFZ-UHFFFAOYSA-N,Cc1c(NC(=O)Nc2ccccc2)c(=O)n(-c2ccccc2)n1C,-4.685
ORAHATGHUWMRCM-UHFFFAOYSA-N,CCCCN(CCCC)C(=O)COC(=O)c1ccccc1,-3.474
DBPWSSGDRRHUNT-UHFFFAOYSA-N,CC(=O)C1(O)CCC2C3CCC4=CC(=O)CCC4(C)C3CCC21C,-4.429
DLKQHBOKULLWDQ-UHFFFAOYSA-N,Brc1cccc2ccccc12,-3.816
ROASJEHPZNKHOF-UHFFFAOYSA-N,CCCCCCOC(N)=O,-1.036
PMZXKSSDXXNNIO-UHFFFAOYSA-N,COCCCN1C(=O)c2ccc3c(=O)n4c5ccc(C)cc5nc4c4ccc(c2c34)C1=O,-7.104
GLZPCOQZEFWAFX-JXMROGBWSA-N,CC(C)=CCC/C(C)=C/CO,-1.667
MIUUNYUUEFHIHM-UHFFFAOYSA-N,CC(O)COc1ccc(C(C)(C)c2ccc(OCC(C)O)cc2)cc1,-3.665
IMSSROKUHAOUJS-UHFFFAOYSA-N,C#CC1(O)CCC2C3CCc4cc(OC)ccc4C3CCC21C,-5.423
KWPQTIBXONETGA-UHFFFAOYSA-N,C=C(Br)C(=O)Nc1ccc(Nc2cc(S(=O)(=O)O)c(N)c3c2C(=O)c2ccccc2C3=O)c(S(=O)(=O)O)c1,-4.754
GEDIWDLJKRKBFT-UHFFFAOYSA-N,Cc1cc(OC(=O)N(C)C)n(-c2ccccc2)n1,-2.739
WOWBFOBYOAGEEA-UHFFFAOYSA-N,CC(C)c1cc(Oc2ccccc2)cc(C(C)C)c1NC(=S)NC(C)(C)C,-7.066
GXVUZYLYWKWJIM-UHFFFAOYSA-N,NCCOCCN,1.188
WZBKGWBHAPBSBF-UHFFFAOYSA-N,Cc1nc2c([nH]1)c(=O)n(C)c(=O)n2C,-1.547
YBRVSVVVWCFQMG-UHFFFAOYSA-N,Nc1ccc(Cc2ccc(N)cc2)cc1,-2.58
WRXCBRHBHGNNQA-UHFFFAOYSA-N,O=C(OOC(=O)c1ccc(Cl)cc1Cl)c1ccc(Cl)cc1Cl,-7.795
UHSJNNFEGHBUMV-UHFFFAOYSA-N,CCC(C)C(N)C(=O)OCCCCOC(=O)C(C)c1ccc2cc(OC)ccc2c1,-4.857
XIOUPQUYEUYPAW-UHFFFAOYSA-N,O=C1NC(=S)NC(=O)C12CCCCC2,-2.412
RNABGKOKSBUFHW-UHFFFAOYSA-N,O=[N+]([O-])c1cc(Cl)cc(Cl)c1,-3.302
IBCDULLCLULASH-UHFFFAOYSA-N,Cc1ccc(C(=O)N(O)c2ccc(Cl)cc2)cc1,-4.229
TUFJPPAQOXUHRI-KTKRTIGZSA-N,CCCCCCCC/C=C\CCCCCCCCNCCCN,-3.915
DKWHHTWSTXZKDW-UHFFFAOYSA-N,CCCCOCCOCCOCOCCOCCOCCCC,-0.946
KCXZNSGUUQJJTR-UHFFFAOYSA-N,CCCCCCOC(=O)c1ccccc1C(=O)OCCCCCC,-5.838
DKHJWWRYTONYHB-UHFFFAOYSA-N,CC(Oc1ccc(Cl)cc1)C(=O)O,-2.407
LVYBAQIVPKCOEE-UHFFFAOYSA-N,Clc1cc2oc3c(Cl)c(Cl)c(Cl)c(Cl)c3c2cc1Cl,-9.437
CGSLYBDCEGBZCG-UHFFFAOYSA-N,CCCCC(CC)COP(=O)(Oc1ccccc1)Oc1ccccc1,-4.989
RGCLLPNLLBQHPF-HJWRWDBZSA-N,CCN(CC)C(=O)/C(Cl)=C(\C)OP(=O)(OC)OC,-1.181
YMABTXMPJQRLCQ-UHFFFAOYSA-N,CCN(CC)CCOC(=O)c1ccc(NC(C)=O)cc1,-2.273
IAYPIBMASNFSPL-UHFFFAOYSA-N,C1CO1,2.051
QSSXJPIWXQTSIX-UHFFFAOYSA-N,Cc1ccccc1Br,-2.565
AIFRHYZBTHREPW-UHFFFAOYSA-N,c1ccc2c(c1)[nH]c1cnccc12,-2.566
RWZYAGGXGHYGMB-UHFFFAOYSA-N,Nc1ccccc1C(=O)O,-1.263
SEXIHYPFEOARHF-UHFFFAOYSA-N,Cc1cc(Nc2cc(S(=O)(=O)O)c(N)c3c2C(=O)c2ccccc2C3=O)cc(S(=O)(=O)NCCO)c1C,-3.787
ASLWPAWFJZFCKF-UHFFFAOYSA-N,O=P(OC(CCl)CCl)(OC(CCl)CCl)OC(CCl)CCl,-3.813
KQTIIICEAUMSDG-UHFFFAOYSA-N,O=C(O)CC(CC(=O)O)C(=O)O,-0.22
BGJSXRVXTHVRSN-UHFFFAOYSA-N,C1OCOCO1,0.944
UQKAOOAFEFCDGT-UHFFFAOYSA-N,CCCCCCCCN(C)C,-1.784
LVYLCBNXHHHPSB-UHFFFAOYSA-N,O=C(OCCO)c1ccccc1O,-1.255
RQEUFEKYXDPUSK-ZETCQYMHSA-N,C[C@H](N)c1ccccc1,-0.364
WEXRUCMBJFQVBZ-UHFFFAOYSA-N,CCCC(C)C1(CC)C(=O)NC(=O)NC1=O,-2.192
UHJVLUYSDYOULM-UHFFFAOYSA-N,CC(C)CCC(C)Nc1ccc(Nc2ccccc2)cc1,-5.112
NTYICSDTCGMBQM-UHFFFAOYSA-N,CC(C)CN(C=O)CC(C)C,-0.967
USPJNXWHVJTDJW-UHFFFAOYSA-N,O=CC1CCC2C3CCC(C3)C12,-2.397
HFVMLYAGWXSTQI-UHFFFAOYSA-N,CC12C=CCC1C1CCC3CC(=O)CCC3(C)C1CC2,-5.059
VIROVYVQCGLCII-UHFFFAOYSA-N,CCC1(CCC(C)C)C(=O)NC(=O)NC1=O,-2.176
DKMROQRQHGEIOW-UHFFFAOYSA-N,CCOC(=O)CCC(=O)OCC,-0.894
ULLWVDKMTKASGV-UHFFFAOYSA-N,OCNC(=S)c1ccccc1,-1.532
KRLBLPBPZSSIGH-CSKARUKUSA-N,C=CC(C)(O)CC/C=C(\C)CC,-2.374
YNVOMSDITJMNET-UHFFFAOYSA-N,O=C(O)c1ccsc1,-1.019
VPKMGDRERYMTJX-CMDGGOBGSA-N,CCC(=O)/C=C/C1C(C)=CCCC1(C)C,-3.571
ISLYQRQYGGXHBQ-RCCKNPSSSA-N,CC1=Nn2c(nc3ccccc3c2=O)/C1=N/Nc1ccc(Cl)cc1[N+](=O)[O-],-7.415
BMXRLHMJGHJGLR-UHFFFAOYSA-N,Clc1ccccc1-c1c(Cl)c(Cl)cc(Cl)c1Cl,-7.886
KQIGMPWTAHJUMN-UHFFFAOYSA-N,NCC(O)CO,1.221
KXDAEFPNCMNJSK-UHFFFAOYSA-N,NC(=O)c1ccccc1,-0.935
DOBMPNYZJYQDGZ-UHFFFAOYSA-N,O=c1oc2ccccc2c(O)c1Cc1c(O)c2ccccc2oc1=O,-5.575
HMBNQNDUEFFFNZ-UHFFFAOYSA-N,C=COCCCCO,0.228
PTOPHPNCDGAXGC-UHFFFAOYSA-N,c1ccc2c3c(ccc2c1)Nc1ccc2ccccc2c1S3,-7.213
BGLZECVIKIGPIF-UHFFFAOYSA-N,O=C(Nc1ccccc1)Nc1ccccc1NS(=O)(=O)c1ccccc1,-5.682
JHOHXJYRVSLQCB-UHFFFAOYSA-N,CN(C)C1C(=O)C(C(N)=O)C(=O)C2(O)C(=O)C3C(=O)c4c(O)ccc(Cl)c4C(O)C3CC12,-3.051
LLBKEUTWJFQRJU-UHFFFAOYSA-N,Nc1ccc(S(=O)(=O)c2ccc(NCCO)cc2)cc1,-2.619
WGVWLKXZBUVUAM-UHFFFAOYSA-N,CCCC(C)C(=O)Nc1ccc(C)c(Cl)c1,-4.659
RXFPBLZANMSMKQ-UHFFFAOYSA-N,CC(=O)NC(COC(=O)c1ccccc1)C(=O)O,-1.803
OJUGVDODNPJEEC-UHFFFAOYSA-N,O=CC(=O)c1ccccc1,-1.065
IUJDSEJGGMCXSG-UHFFFAOYSA-N,CCCC(C)C1(CC)C(=O)NC(=S)NC1=O,-2.948
YPZUZOLGGMJZJO-UHFFFAOYSA-N,CC1(C)CCCC2(C)C1CCC1(C)OCCC12,-4.855
BSBSWABWGCAPFU-UHFFFAOYSA-N,CC(C)(C)c1ccc(S(=O)(=O)Nc2ccc3cc(S(=O)(=O)c4cc5c(c(S(=O)(=O)O)c4N)Oc4c(Cl)c6c(c(Cl)c4=N5)Oc4c(ccc(N)c4S(=O)(=O)O)N=6)ccc3c2)cc1,-6.737
UBLWASUIZDSYFN-UHFFFAOYSA-N,O=C(O)C1CCNCC1C(=O)O,-0.232
WVZTUUIUEUVJGM-UHFFFAOYSA-N,COc1ccc2cc(C(C)C(=O)OC(C)OC(=O)CN)ccc2c1,-3.232
VILCJCGEZXAXTO-UHFFFAOYSA-N,NCCNCCNCCN,1.118
JSIDBRSPTZXMGO-UHFFFAOYSA-N,CCCCCCCCNC(=O)c1cccnc1,-2.725
OFMBSIAKTAZWIE-UHFFFAOYSA-N,O=CC(=O)Cc1ccccc1,-1.249
GWOWBISZHLPYEK-UHFFFAOYSA-N,Clc1cc(-c2cccc(Cl)c2Cl)cc(Cl)c1Cl,-7.943
HNSUDSIHCJEYQG-UHFFFAOYSA-N,Nc1ccn(C2CC(F)C(CO)O2)c(=O)n1,-1.206
ZOCHHNOQQHDWHG-UHFFFAOYSA-N,CCCC(O)CC,-0.319
FMXDVBRYDYFVGS-UHFFFAOYSA-N,COc1c([N+](=O)[O-])cc([N+](=O)[O-])cc1[N+](=O)[O-],-3.3
RJKGJBPXVHTNJL-UHFFFAOYSA-N,O=[N+]([O-])c1cccc2ccccc12,-3.451
BRWIZMBXBAOCCF-UHFFFAOYSA-N,NNC(N)=S,-0.369
WUBBRNOQWQTFEX-UHFFFAOYSA-N,Nc1ccc(C(=O)O)c(O)c1,-1.559
NDAUXUAQIAJITI-UHFFFAOYSA-N,CC(C)(C)NCC(O)c1ccc(O)c(CO)c1,-0.915
DIQMPQMYFZXDAX-UHFFFAOYSA-N,CCCCCOC=O,-0.304
XCKRRIQXHFBKKB-UHFFFAOYSA-N,CC(C)OC(=O)C(O)(c1ccc(Cl)cc1)c1cccc(Cl)c1,-5.022
WOYWLLHHWAMFCB-UHFFFAOYSA-N,CCCCC(CC)COC(C)=O,-2.839
BFSMULOSYIQCGJ-UHFFFAOYSA-N,O=C(O)c1ccc(P(=O)(O)c2ccccc2)cc1,-2.449
FXNYSZHYMGWWEZ-UHFFFAOYSA-N,C=C(C)Cn1c(N)cc(=O)n(C)c1=O,-1.499
RYAUSSKQMZRMAI-UHFFFAOYSA-N,CC(Cc1ccc(C(C)(C)C)cc1)CN1CC(C)OC(C)C1,-3.657
NBJDNCGUUVZUIB-UHFFFAOYSA-N,CCCCCCCCCc1cccc(Nc2cccc(CCCCCCCCC)c2)c1,-7.675
ZCRNIIJXDRYWDU-UHFFFAOYSA-N,COC(=O)c1cc(C(=O)O)cc([N+](=O)[O-])c1,-2.624
CMDIDTNMHQUVPE-UHFFFAOYSA-N,CC(=O)CCCCCl,-1.454
WMHHXYOPEQARIN-UHFFFAOYSA-N,CC(=O)Nc1ccc(Cl)cc1C,-3.003
UWHCKJMYHZGTIT-UHFFFAOYSA-N,OCCOCCOCCOCCO,0.569
AVGQTJUPLKNPQP-UHFFFAOYSA-N,CCC(Cl)(Cl)Cl,-1.942
MTXSIJUGVMTTMU-JTQLQIEISA-N,c1cncc([C@@H]2CCCCN2)c1,-0.657
UBNYRXMKIIGMKK-RMKNXTFCSA-N,COc1ccc(/C=C/C(=O)OCCC(C)C)cc1,-3.782
AGDYNDJUZRMYRG-UHFFFAOYSA-N,CCCCCCO[N+](=O)[O-],-2.049
SUOAMBOBSWRMNQ-UHFFFAOYSA-N,Clc1ccc(-c2cc(Cl)cc(Cl)c2Cl)c(Cl)c1,-8.009
CDXFIRXEAJABAZ-UHFFFAOYSA-N,C=C(C)C(=O)OCCC(F)(F)C(F)(F)C(F)(F)C(F)(F)C(F)(F)C(F)(F)F,-6.69
PYGSKMBEVAICCR-UHFFFAOYSA-N,C=CCCC=C,-2.703
MTZBBNMLMNBNJL-UHFFFAOYSA-N,Cc1cccc(C)c1NC(=O)c1cc(S(N)(=O)=O)c(Cl)cc1O,-3.474
OMFXVFTZEKFJBZ-HJTSIMOOSA-N,C[C@]12C[C@H](O)[C@H]3[C@@H](CCC4=CC(=O)CC[C@@]43C)[C@@H]1CC[C@@H]2C(=O)CO,-3.486
YBUGOACXDPDUIR-UHFFFAOYSA-N,COc1ccc(O)c([N+](=O)[O-])c1,-2.293
VEZUQRBDRNJBJY-UHFFFAOYSA-N,ON=C1CCCCC1,-0.45
WMGRASJOZJGTSP-UHFFFAOYSA-N,CN(C)C(=O)n1cc(F)c(=O)[nH]c1=O,-1.518
OLVCFLKTBJRLHI-UHFFFAOYSA-N,Cn1nnnc1SCC1=C(C(=O)O)N2C(=O)C(NC(=O)C(O)c3ccccc3)C2SC1,-3.07
UDMZPLROONOSEF-UHFFFAOYSA-N,Clc1cc(Cl)c(-c2c(Cl)c(Cl)cc(Cl)c2Cl)cc1Cl,-9.391
PXRROZVNOOEPPZ-UHFFFAOYSA-N,O=C(O)C(F)(F)C(F)F,-0.46
IHEAINLLXOBUEW-UHFFFAOYSA-N,Cc1cnc(NS(=O)(=O)c2ccc(N)cc2)nc1C,-3.211
GYSSRZJIHXQEHQ-UHFFFAOYSA-N,CC1=C(C(=O)Nc2ccccc2)SCCO1,-2.992
BUBMNUKMCHTIRR-UHFFFAOYSA-N,O=C(O)CNc1c([N+](=O)[O-])cc([N+](=O)[O-])cc1[N+](=O)[O-],-2.919
XYXJKPCGSGVSBO-UHFFFAOYSA-N,Cc1cc(C(C)(C)C)c(O)c(C)c1Cn1c(=O)n(Cc2c(C)cc(C(C)(C)C)c(O)c2C)c(=O)n(Cc2c(C)cc(C(C)(C)C)c(O)c2C)c1=O,-8.2
AAPVQEMYVNZIOO-UHFFFAOYSA-N,O=S1(=O)OCC2C(CO1)C1(Cl)C(Cl)=C(Cl)C2(Cl)C1(Cl)Cl,-5.135
IYYPLFUVXTVBLD-UHFFFAOYSA-N,CN1C(=O)CCC(N2C(=O)c3ccccc3C2=O)C1=O,-2.565
TXQWFIVRZNOPCK-UHFFFAOYSA-N,NCc1ccncc1,0.164
XLDBTRJKXLKYTC-UHFFFAOYSA-N,Clc1ccc(-c2ccc(Cl)c(Cl)c2Cl)cc1,-7.034
DNRJTBAOUJJKDY-UHFFFAOYSA-N,CC(=O)c1cc2c(cc1C)C(C)(C)C(C)CC2(C)C,-5.469
JIVPVXMEBJLZRO-UHFFFAOYSA-N,NS(=O)(=O)c1cc(C2(O)NC(=O)c3ccccc32)ccc1Cl,-3.362
AJMJPGWUPHIMKQ-UHFFFAOYSA-N,CCCC(=O)OCCOCCOCCOC(=O)CCC,-1.779
KRZUZYJEQBXUIN-UHFFFAOYSA-N,O=C1OCCC1N(C(=O)C1CC1)c1cccc(Cl)c1,-3.799
OVUWGANMOQIFHZ-UHFFFAOYSA-N,CCC(C)(C)NC(N)=O,-0.348
YLFBFPXKTIQSSY-UHFFFAOYSA-N,CO[P+](=O)OC,0.322
PEZADNLTLSQNPI-UHFFFAOYSA-N,C#CC1(OC(=O)c2ccc(-c3ccccc3)cc2)CCC2C3CCC4=CC(=O)CCC4C3CCC21C,-7.717
ROSDSFDQCJNGOL-UHFFFAOYSA-N,CNC,1.733
ZJNVFBLZPCRQOR-UHFFFAOYSA-N,NS(=O)(=O)c1cc2cc(CNCc3ccccn3)sc2o1,-2.647
MJQIARGPQMNBGT-ZCXUNETKSA-N,CCCCCCCC/C=C\CCCCCCCC(=O)NC(CO)C(O)CCCCCCCCCCCCCCC,-7.092
PGJBQBDNXAZHBP-UHFFFAOYSA-N,CN(C)P(=O)(F)N(C)C,0.524
YPZMPEPLWKRVLD-UHFFFAOYSA-N,O=CC(O)C(O)C(O)C(O)C(O)CO,0.329
DEKWZWCFHUABHE-UHFFFAOYSA-N,CC(=O)CC(c1ccc(Cl)cc1)c1c(O)c2ccccc2oc1=O,-5.875
RQVGAIADHNPSME-UHFFFAOYSA-N,CCOP(=S)(OCC)SCn1nnc2ccccc2c1=O,-4.372
IWYDHOAUDWTVEP-SSDOTTSWSA-N,O=C(O)[C@H](O)c1ccccc1,-0.772
RZTAMFZIAATZDJ-UHFFFAOYSA-N,CCOC(=O)C1=C(C)NC(C)=C(C(=O)OC)C1c1cccc(Cl)c1Cl,-6.032
WEBQKRLKWNIYKK-UHFFFAOYSA-N,CCSCCSP(=O)(OC)OC,-0.922
JQVXMIPNQMYRPE-UHFFFAOYSA-N,CCOP(=O)(OC)OC,0.703
XQNAUQUKWRBODG-UHFFFAOYSA-N,O=[N+]([O-])c1ccc(Oc2c(Cl)cc(Cl)cc2Cl)cc1,-6.968
LNVGTRNKWNAINT-UHFFFAOYSA-N,NS(=O)(=O)c1cc2c(s1)C(O)CCS2(=O)=O,-1.488
YNARWAUTTJJADX-UHFFFAOYSA-N,CCN1c2ncccc2C(=S)N(C)c2cccnc21,-4.11
CVUGPAFCQJIYDT-UHFFFAOYSA-N,Clc1ccc(C(c2ccccc2Cl)C(Cl)(Cl)Cl)cc1,-6.945
ZQVKTHRQIXSMGY-UHFFFAOYSA-N,CCc1ccc(C(=O)O)cc1,-1.677
PODSUMUEKRUDEI-UHFFFAOYSA-N,NCCN1CCNC1=O,0.24
IHTGGLAKTYJQIY-UHFFFAOYSA-N,OCC(O)C(O)C(O)C=NN(c1ccccc1)c1ccccc1,-1.372
PZXAQHCWXLHKAY-UHFFFAOYSA-N,C#CC1(OC(=O)C(C)(C)C)CCC2C3CCC4=CC(=O)CCC4C3CCC21C,-6.572
CTMHWPIWNRWQEG-UHFFFAOYSA-N,CC1=CCCCC1,-2.556
OUPZKGBUJRBPGC-UHFFFAOYSA-N,O=c1n(CC2CO2)c(=O)n(CC2CO2)c(=O)n1CC1CO1,-1.134
OFPHVMUTNZBKLX-UHFFFAOYSA-N,CC(C(=O)N(C)C)S(=O)(=O)c1ccccc1,-2.09
PTTPXKJBFFKCEK-UHFFFAOYSA-N,CC(C)CC(=O)CC(C)C,-2.16
WQOXQRCZOLPYPM-UHFFFAOYSA-N,CSSC,-0.546
NQRRVGBUZRSXRF-QWWZWVQMSA-N,O=C(O)[C@H]1CC[C@H](C(=O)O)SS1,-1.005
USIUVYZYUHIAEV-UHFFFAOYSA-N,c1ccc(Oc2ccccc2)cc1,-3.664
OPKOKAMJFNKNAS-UHFFFAOYSA-N,CNCCO,1.452
FBQTWGHLMQUOQL-UHFFFAOYSA-N,CCC(=O)OCN1C(=O)NC(c2ccccc2)(c2ccccc2)C1=O,-4.466
FSCPTWHCVYVMGT-UHFFFAOYSA-N,O=c1oc2ccc(Cl)cc2n1CO,-2.049
DGTCYQZOIKAZMK-UHFFFAOYSA-N,CCC(CC)(C(=O)NC(N)=O)C(=O)OC(C)C,-1.851
TXJUTRJFNRYTHH-UHFFFAOYSA-N,O=c1[nH]c2ccccc2c(=O)o1,-2.581
DDVNRFNDOPPVQJ-HQJQHLMTSA-N,CC1(C)[C@H](C=C(Cl)Cl)[C@H]1C(=O)OCc1c(F)c(F)cc(F)c1F,-7.139
LQNUZADURLCDLV-UHFFFAOYSA-N,O=[N+]([O-])c1ccccc1,-1.725
PWYIUEFFPNVCMW-UHFFFAOYSA-N,CCCOP(=O)(OCCC)Oc1ccc(SC)cc1,-3.122
OWRXWSVBJIIORE-UHFFFAOYSA-N,C#CC(C)(O)CCCC(C)CCCC(C)C,-4.172
IPWLQQBKTBBLID-UHFFFAOYSA-N,O=[N+]([O-])c1cc(CCO)ccc1O,-1.672
MKIKJJUYURBXJT-UHFFFAOYSA-N,CN(C)C(=O)c1ccc(C(=O)N(C)C)cc1,-1.551
CFJYNSNXFXLKNS-UHFFFAOYSA-N,CC1CCC(C(C)C)CC1,-4.43
MUMQYXACQUZOFP-UHFFFAOYSA-N,CCOP(=S)(OCC)SC(CCl)N1C(=O)c2ccccc2C1=O,-5.743
XIURVHNZVLADCM-UHFFFAOYSA-N,CC(=O)OCC1=C(C(=O)O)N2C(=O)C(NC(=O)Cc3cccs3)C2SC1,-3.343
MTHSVFCYNBDYFN-UHFFFAOYSA-N,OCCOCCO,1.156
VOWAEIGWURALJQ-UHFFFAOYSA-N,O=C(OC1CCCCC1)c1ccccc1C(=O)OC1CCCCC1,-5.636
IDXLLBBFRBQZFE-UHFFFAOYSA-N,CC(C)Cc1nnc(NS(=O)(=O)c2ccc(N)cc2)s1,-3.259
YPFYOAJCSYWUGO-UHFFFAOYSA-N,CC(NC(=O)Cc1ccccc1)c1ccccc1,-3.438
FPZWZCWUIYYYBU-UHFFFAOYSA-N,CCOCCOCCOC(C)=O,-0.163
WNTGYJSOUMFZEP-UHFFFAOYSA-N,Cc1cc(Cl)ccc1OC(C)C(=O)O,-2.803
SVWDHNLFFDIWHM-UHFFFAOYSA-N,CN(C)C(=O)c1cccc(C(=O)N(C)C)c1,-1.556
ZLVJUFHIMOUPMS-UHFFFAOYSA-N,CCN1c2cc(N(C)C)cc(C)c2NC(=O)c2cccnc21,-3.964
KIOURYUVFMVQEI-UHFFFAOYSA-N,CCOC(=O)C(CC)(CC)C(=O)NC(N)=O,-1.552
OVZUMYVWPIEZMH-UHFFFAOYSA-N,O=C(O)C1=CC(=NNc2ccccc2[N+](=O)[O-])C=CC1=O,-3.944
BGFBWRWYROQISE-UHFFFAOYSA-N,CCC1(CO)COCOC1,0.129
SSTLCMOZTCLOLQ-UHFFFAOYSA-N,Cc1cc(C)c[n+]([O-])c1,-0.304
RQDJADAKIFFEKQ-UHFFFAOYSA-N,N#CC(CCc1ccc(Cl)cc1)(Cn1cncn1)c1ccccc1,-5.032
LGURYBCSJPXHTF-UHFFFAOYSA-N,O=C(OCCOc1ccc(Cl)cc1Cl)c1ccccc1,-5.547
ZCGZBWMAQSDEHU-UHFFFAOYSA-N,Cc1cc(Cl)c(Cl)c(Cl)c1Cc1ccc(Cl)cc1,-7.349
IMIDOCRTMDIQIJ-UHFFFAOYSA-N,CNC(=O)Oc1ccc(N(C)C)c(C)c1,-1.953
UPRXAKRITNJEII-UHFFFAOYSA-N,CCc1nnc(NS(=O)(=O)c2ccc(NC(C)=O)cc2)s1,-3.561
FOXFZRUHNHCZPX-UHFFFAOYSA-N,CSc1nnc(C(C)(C)C)c(=O)n1N,-1.957
AJZKMDAYNXJZOR-UHFFFAOYSA-N,CC1OC(=O)c2cc(N)ccc21,-2.099
RCOUWKSZRXJXLA-UHFFFAOYSA-N,CCCC1(CCC)C(=O)NC(=O)NC1=O,-1.879
RUFPHBVGCFYCNW-UHFFFAOYSA-N,Nc1cccc2ccccc12,-1.898
DSVOTYIOPGIVPP-UHFFFAOYSA-N,CNC(=O)OCc1ccc(Cl)c(Cl)c1,-3.13
RQFUZUMFPRMVDX-UHFFFAOYSA-N,OCCCBr,0.822
BUKLLCIUMZELOH-UHFFFAOYSA-N,Clc1cccc(Oc2ccc(Cl)c(Cl)c2)c1,-6.65
RVCTZJVBWNFYRU-UHFFFAOYSA-N,O=C(O)c1ccc(Br)c([N+](=O)[O-])c1,-2.598
KLIDCXVFHGNTTM-UHFFFAOYSA-N,COc1cccc(OC)c1O,-1.369
NRPKURNSADTHLJ-UHFFFAOYSA-N,CCCCCCCCOC(=O)c1cc(O)c(O)c(O)c1,-3.65
PJVJTCIRVMBVIA-UHFFFAOYSA-N,CCOP(=O)(C#N)N(C)C,0.28
GHFMMRFMDHDOBP-BJMVGYQFSA-N,CNC(=O)O/N=C/C1(C)SCC(C)S1,-1.845
BIKACRYIQSLICJ-UHFFFAOYSA-N,CCOc1nc(F)cc2nc(S(=O)(=O)Nc3c(Cl)cccc3C(=O)OC)nn12,-5.622
PQLMXFQTAMDXIZ-UHFFFAOYSA-N,CCCC(=O)OCCC(C)C,-2.304
ZSCDBOWYZJWBIY-UHFFFAOYSA-N,CC(CN(C)C)CN1c2ccccc2CCc2ccccc21,-3.876
OUWSNHWQZPEFEX-UHFFFAOYSA-N,CCOC(=O)CCCC(=O)OCC,-1.306
XFYQEBBUVNLYBR-UHFFFAOYSA-N,O=C1c2ccccc2C2=Nc3cccc4cccc(c34)N12,-6.323
YKGCBLWILMDSAV-UHFFFAOYSA-N,COc1cc(O)c(CC=C(C)C)c2c1C(=O)CC(c1ccc(O)cc1)O2,-5.749
FDGQSTZJBFJUBT-UHFFFAOYSA-N,O=c1[nH]cnc2nc[nH]c12,-2.13
SIDLZWOQUZRBRU-UHFFFAOYSA-N,CCC1(CC)C(=O)NCC(C)C1=O,-1.377
CRIGTVCBMUKRSL-FNORWQNLSA-N,C/C=C/C(=O)C1C(C)=CCCC1(C)C,-3.093
NVMAYDSQOSXSJU-UHFFFAOYSA-N,CC1(C)SCC(COC(N)=O)S1,-1.589
UZSOKKLFJFYROF-UHFFFAOYSA-N,CN(c1ccccc1)S(=O)(=O)C1=CC(=O)C2=C(NNc3ccc(NC(=O)CCl)cc3S(=O)(=O)O)C(=N)C=CC2=C1,-5.129
LGYTZKPVOAIUKX-UHFFFAOYSA-N,CC(=O)CCC1C(=O)N(c2ccccc2)N(c2ccccc2)C1=O,-4.118
FRCCEHPWNOQAEU-UHFFFAOYSA-N,ClC1=C(Cl)C2(Cl)C3C(Cl)C=CC3C1(Cl)C2(Cl)Cl,-6.569
SWSQBOPZIKWTGO-UHFFFAOYSA-N,CN(C)C(=N)N,0.549
NCEXYHBECQHGNR-QZQOTICOSA-N,O=C(O)c1cc(/N=N/c2ccc(S(=O)(=O)Nc3ccccn3)cc2)ccc1O,-4.819
XYIWQQBZKLUEND-UPHRSURJSA-N,N/C(N=O)=C(\N)NO,-1.213
BCXKOIICQXXQJZ-UHFFFAOYSA-N,CCCC(=O)OCn1cnc2c1c(=O)n(C)c(=O)n2C,-1.833
MBNGWHIJMBWFHU-UHFFFAOYSA-N,COc1ccc(-c2cc(=O)c3c(O)cc(O)cc3o2)cc1O,-4.781
XIUCEANTZSXBQQ-UHFFFAOYSA-N,C[N+](C)(C)CC(O)CCl,0.762
ULGAVXUJJBOWOD-UHFFFAOYSA-N,CC(C)(C)c1ccc(OP(=O)(Oc2ccccc2)Oc2ccccc2)cc1,-6.047
OTTZHAVKAVGASB-UHFFFAOYSA-N,CC=CCCCC,-3.335
DZIHTWJGPDVSGE-UHFFFAOYSA-N,NC1CCC(CC2CCC(N)CC2)CC1,-1.535
NKJOXAZJBOMXID-UHFFFAOYSA-N,CCCCCCCCOCCCCCCCC,-5.549
MWMBCXXTFFHALK-UHFFFAOYSA-N,Cc1cccc2ccc3cc4ccccc4cc3c12,-6.788
IIVOEPVKDWTLJB-UHFFFAOYSA-N,CCCC(=O)OCn1ncc2c(=O)[nH]cnc21,-2.127
FCTDXVQYLPZTNX-UHFFFAOYSA-N,c1ccc2c3c(ccc2c1)Sc1ccc2ccccc2c1N3,-7.182
IEQIEDJGQAUEQZ-UHFFFAOYSA-N,c1ccc2c(c1)-c1nc3nc(nc4[nH]c(nc5[nH]c(nc-2n1)c1ccccc51)c1ccccc41)-c1ccccc1-3,-8.673
BSVGCJGACKDNDR-JYRVWZFOSA-N,CCN(CC)C(=O)/C(C#N)=C\c1cc(OC(=O)NC(C)(C)C)c(O)c([N+](=O)[O-])c1,-4.093
JHEFOJNPLXSWNZ-UHFFFAOYSA-N,CC(=O)Nc1ccc(F)cc1,-2.041
NHDODQWIKUYWMW-UHFFFAOYSA-N,Clc1ccc(Br)cc1,-2.918
WOTSYQVYXBEKOX-UHFFFAOYSA-N,CC(CC(=O)Nc1ccccc1)C(=O)O,-1.873
OPJYIWMGTSMLKB-UHFFFAOYSA-N,NNC(=O)c1nccs1,-0.997
HLVFKOKELQSXIQ-UHFFFAOYSA-N,CC(C)CBr,-1.668
ULULAZKOCFNOIM-UHFFFAOYSA-N,CCCCCCOC(=O)c1ccc(O)cc1,-3.325
XLOMZPUITCYLMJ-UHFFFAOYSA-N,C=CCC1(C(C)CCC)C(=O)NC(=S)NC1=O,-3.245
QMLVECGLEOSESV-UHFFFAOYSA-N,CN1CC2CC1CN2c1cc2c(cc1F)c(=O)c(C(=O)O)cn2C1CC1,-3.029
PJHKBYALYHRYSK-UHFFFAOYSA-N,CCCCCCC(=O)OCC(COC(=O)CCCCCC)OC(=O)CCCCCC,-6.514
KZJRKRQSDZGHEC-UHFFFAOYSA-N,O=C(c1ccccc1)C(F)(F)F,-2.094
JIMMILCKVYOFET-UHFFFAOYSA-N,CCCCCCCCCCCCC(O)CCC,-5.371
SJJISKLXUJVZOA-UHFFFAOYSA-N,CCN(CC)c1ccc(N=Nc2ccccc2)cc1,-4.089
MDKCFLQDBWCQCV-UHFFFAOYSA-N,S=C=NCc1ccccc1,-3.023
VURKRJGMSKJIQX-UHFFFAOYSA-N,Nc1nc2ncc(=O)[nH]c2c(=O)[nH]1,-3.31
IUJLOAKJZQBENM-UHFFFAOYSA-N,CC(C)(C)NSc1nc2ccccc2s1,-3.741
GULNIHOSWFYMRN-UHFFFAOYSA-N,COc1ccc(CN(CCN(C)C)c2ncccn2)cc1,-2.188
RTMXPNYHPHIDHX-UHFFFAOYSA-N,S=C=Nc1ccc2ccccc2c1,-4.843
RDMOROXKXONCAL-UHFFFAOYSA-N,COC1=C(C(=O)O)N2C(=O)C(NC(=O)C(N)C3=CCC=CC3)C2SC1,-2.324
LHQIJBMDNUYRAM-UHFFFAOYSA-N,CC(O)C(O)c1cnc2nc(N)[nH]c(=O)c2n1,-1.539
RIMXLXBUOQMDHV-UHFFFAOYSA-N,Clc1ccc(-c2ccccc2Cl)cc1Cl,-6.099
HLCYDXRGEPUIOB-UHFFFAOYSA-N,Nc1ccc(S(=O)(=O)Nc2ccn(Cc3ccccc3)c(=O)n2)cc1,-4.188
RAXBGBHBUFGWPG-UHFFFAOYSA-N,NNC(=O)c1ccc2c(c1)OCO2,-1.678
WURBFLDFSFBTLW-UHFFFAOYSA-N,O=C(C(=O)c1ccccc1)c1ccccc1,-3.34
ODHCTXKNWHHXJC-UHFFFAOYSA-N,O=C1CCC(C(=O)O)N1,-0.076
RELMFMZEBKVZJC-UHFFFAOYSA-N,Clc1cccc(Cl)c1Cl,-3.77
PHXLONCQBNATSL-UHFFFAOYSA-N,Cc1cc(Cc2cc(C)cc(C3(C)CCCCC3)c2O)c(O)c(C2(C)CCCCC2)c1,-7.5
BMIPMKQAAJKBKP-UHFFFAOYSA-N,Cc1cc(C)c(N)cc1C,-1.792
QUXFOKCUIZCKGS-UHFFFAOYSA-N,CC(CC(C)(C)C)CP(=O)(O)CC(C)CC(C)(C)C,-3.34
LBGDJUYHCRTMQV-UHFFFAOYSA-N,O=C(Nc1ccccc1)C(O)(O)C(=O)Nc1ccccc1,-2.471
NMEZJSDUZQOPFE-UHFFFAOYSA-N,O=C(O)C1=CCCCC1,-0.521
XZIBWWMTMXSPOO-UHFFFAOYSA-N,CCN(CC)C(=O)COC(=O)c1cn(CC)c2nc(C)ccc2c1=O,-3.359
ZQCCHNBMSHOJAT-UHFFFAOYSA-N,Clc1cc(Oc2ccccc2)cc(Cl)c1Cl,-6.658
VPGYQOPHCDIWSQ-UHFFFAOYSA-N,CCOC(=O)CN(C)C(=O)COC(=O)c1ccccc1,-2.0
PJBQWWHYTVYMLO-UHFFFAOYSA-N,O=C1OC(C(O)CO)C(=O)C1O,-0.294
IQYWPSFHLGGWJB-UHFFFAOYSA-N,O=C1c2ccccc2C(=O)C1S(=O)(=O)O,-1.828
BMKDZUISNHGIBY-UHFFFAOYSA-N,CC(CN1CC(=O)NC(=O)C1)N1CC(=O)NC(=O)C1,-0.837
DMXUBGVVJLVCPB-UHFFFAOYSA-N,CC1=CC(C)C(CO)C(C)C1,-1.238
MYSWGUAQZAJSOK-UHFFFAOYSA-N,O=C(O)c1cn(C2CC2)c2cc(N3CCNCC3)c(F)cc2c1=O,-2.844
UAQVHNZEONHPQG-UHFFFAOYSA-N,CC(NC(=O)c1ccccc1)C(=O)O,-1.538
ABYZYVAIOYICJQ-UHFFFAOYSA-N,Clc1cc(Cl)c(Oc2cccc(Cl)c2Cl)cc1Cl,-8.543
NGFPWHGISWUQOI-UHFFFAOYSA-N,CCC(C)c1ccccc1O,-2.004
XTCHLXABLZQNNN-UHFFFAOYSA-N,CCc1cc(C)cc(O)c1,-1.823
SZQWZNOMEWDZLR-UHFFFAOYSA-N,CC(C)CC(=O)Oc1ccc([N+](=O)[O-])cc1,-3.74
UIPDOEPZZQRQKQ-UHFFFAOYSA-N,Nc1cccc(Nc2ccccc2C(=O)O)c1,-3.266
CZZZABOKJQXEBO-UHFFFAOYSA-N,Cc1ccc(N)c(C)c1,-1.27
LMQJBFRGXHMNOX-UHFFFAOYSA-N,Clc1ccc(-c2cc(Cl)c(Cl)cc2Cl)c(Cl)c1,-8.015
DOALOUQODWWGEZ-UHFFFAOYSA-N,CCCC1CCC(c2ccc(-c3ccc(CC)cc3)cc2)CC1,-7.328
IYOLBFFHPZOQGW-UHFFFAOYSA-N,Cc1cc(O)c(Cl)c(C)c1Cl,-2.841
SVIKNKPDPGCMAE-UHFFFAOYSA-N,CS(=O)(=O)N(SC(Cl)(Cl)C(F)(Cl)Cl)c1ccccc1,-4.822
DSSOAANULUSBGQ-UHFFFAOYSA-N,NNC(=O)C(O)C(O)C(O)C(O)CO,0.157
QPLJYAKLSCXZSF-UHFFFAOYSA-N,NC(=O)OCC(Cl)(Cl)Cl,-0.999
BASMANVIUSSIIM-UHFFFAOYSA-N,ClCc1ccccc1Cl,-3.024
RNJVAUBBYGWVBF-UHFFFAOYSA-N,C=CC(=O)OC(C)COCC(C)OC(=O)C=C,-1.854
QULYNCCPRWKEMF-UHFFFAOYSA-N,FC(F)(F)c1ccc(Cl)cc1,-3.352
MFYSYFVPBJMHGN-UHFFFAOYSA-N,CC12CCC(=O)C=C1CCC1C2C(=O)CC2(C)C1CCC2(O)C(=O)CO,-3.135
NJEMMCIKSMMBDM-UHFFFAOYSA-N,CCOCCOC(=O)CCCCC(=O)OCCOCC,-1.768
LHRCREOYAASXPZ-UHFFFAOYSA-N,c1ccc2c(c1)ccc1cc3c(ccc4ccccc43)cc12,-7.728
GBROPGWFBFCKAG-UHFFFAOYSA-N,c1ccc2c(c1)ccc1c2ccc2c3ccccc3ccc21,-7.664
LNNXFUZKZLXPOF-UHFFFAOYSA-N,CC(C)CO[N+](=O)[O-],-1.042
HJHUXWBTVVFLQI-UHFFFAOYSA-N,CCCC[N+](C)(CCCC)CCCC,-2.217
NPBDWXMKLFBNIW-UHFFFAOYSA-N,CCN(CCC#N)c1ccc(N=Nc2ccc([N+](=O)[O-])cc2Cl)cc1,-6.567
LPTITAGPBXDDGR-UHFFFAOYSA-N,CC(=O)OCC1OC(OC(C)=O)C(OC(C)=O)C(OC(C)=O)C1OC(C)=O,-1.752
PDNYHBVQDYRJOT-UHFFFAOYSA-N,COc1cc(OC)cc(C(=O)N(O)c2cccc(C)c2)c1,-4.02
HGBOYTHUEUWSSQ-UHFFFAOYSA-N,CCCCC=O,-0.017
VOUGEZYPVGAPBB-UHFFFAOYSA-N,C=C(C)C(=O)C(=CC(=O)O)OC,-0.817
JLGHCFNZJKVXAE-UHFFFAOYSA-N,NS(=O)(=O)c1ccc(NO)cc1,-1.046
WUZSFIKFFXBHMB-UHFFFAOYSA-N,O=C(CBr)Nc1ccc(Cl)cc1C(=O)c1ccccc1F,-6.246
OPQYFNRLWBWCST-UHFFFAOYSA-N,O=C(O)COc1ccccc1Cl,-2.107
MVQVNTPHUGQQHK-UHFFFAOYSA-N,OCc1cccnc1,0.094
BRLQWZUYTZBJKN-UHFFFAOYSA-N,ClCC1CO1,0.541
ZTMADXFOCUXMJE-UHFFFAOYSA-N,Cc1c(O)cccc1O,-0.827
VBNJGYOQZAENPO-UHFFFAOYSA-N,Clc1ccc(Oc2ccccc2Cl)cc1Cl,-6.664
GZMAAYIALGURDQ-UHFFFAOYSA-N,CCCCCCOCCOCCO,-0.768
JQMAWYRGSOSWNJ-UHFFFAOYSA-N,O=C(CBr)Nc1ccc(Cl)cc1C(=O)c1ccccc1Cl,-6.56
JHQVCQDWGSXTFE-UHFFFAOYSA-N,C=CCOC(=O)OCCOCCOC(=O)OCC=C,-1.534
MXLMTQWGSQIYOW-UHFFFAOYSA-N,CC(C)C(C)O,0.378
DVTKTUMRXCKEEG-UHFFFAOYSA-N,ClC(Br)CBr,-1.489
TVWGHFVGFWIHFN-UHFFFAOYSA-N,CCCCCCCCCCCCCCC(C)c1cc(C)cc(C)c1O,-7.599
BRUZQRBVNRKLJG-UHFFFAOYSA-N,CC(C)COC(N)=O,-0.071
YOOYVODKUBZAPO-UHFFFAOYSA-N,O=P(O)(O)c1cccc2ccccc12,-1.487
ZKVMMSGRDBQIOQ-UHFFFAOYSA-N,FC(Cl)(Cl)CCl,-1.842
DNOBQSKPOIGIIX-NFFVHWSESA-N,Cc1cc([N+](=O)[O-])ccc1N/N=C1\C(=O)C(C(=O)Nc2ccccc2C)=Cc2ccccc21,-8.364
GZPHSAQLYPIAIN-UHFFFAOYSA-N,N#Cc1cccnc1,-0.691
JXAOTICXQLILTC-UHFFFAOYSA-N,NC1C(O)C(O)C(O)C(O)C1O,0.153
CBFIWURGLMUIDN-UHFFFAOYSA-N,O=C(O)Cn1ccc2cc3c(Nc4cccc(Br)c4)ncnc3cc21,-4.997
ZJCCRDAZUWHFQH-UHFFFAOYSA-N,CCC(CO)(CO)CO,0.79
BQFCCUSDZLKBJG-UHFFFAOYSA-N,Clc1cc(-c2c(Cl)cc(Cl)c(Cl)c2Cl)c(Cl)c(Cl)c1Cl,-9.792
CTSLXHKWHWQRSH-UHFFFAOYSA-N,O=C(Cl)C(=O)Cl,-0.182
YPDSIEMYVQERLJ-UHFFFAOYSA-N,O=c1[nH]c2cncnc2[nH]1,-1.98
LCPDWSOZIOUXRV-UHFFFAOYSA-N,O=C(O)COc1ccccc1,-1.232
DQKWXTIYGWPGOO-UHFFFAOYSA-N,CCCCCCCC(=O)Oc1c(Br)cc(C#N)cc1Br,-6.245
ZJNLYGOUHDJHMG-UHFFFAOYSA-N,CC(C)CCC(C)Nc1ccc(NC(C)CCC(C)C)cc1,-4.646
SDXAWLJRERMRKF-UHFFFAOYSA-N,Cc1cc(C)[nH]n1,-0.242
OIRDTQYFTABQOQ-UHFFFAOYSA-N,Nc1ncnc2c1ncn2C1OC(CO)C(O)C1O,-1.222
HFVPPHLKEKRGHI-UHFFFAOYSA-N,CCC(=O)Oc1ccc(NC(C)=O)cc1,-2.605
QGLZXHRNAYXIBU-WEVVVXLNSA-N,CNC(=O)O/N=C/C(C)(C)SC,-1.174
UKVLTPAGJIYSGN-UHFFFAOYSA-N,OC(Cn1ccnc1)c1ccc(Cl)cc1Cl,-2.389
UIDWQGRXEVDFCA-XCVCLJGOSA-N,O=C1CN(/N=C/c2ccc([N+](=O)[O-])o2)C(=O)N1CO,-2.267
SFXAJOVEEUKUPY-UHFFFAOYSA-N,CCCC(=O)OCSc1ncnc2c1ncn2COC(=O)CCC,-3.221
DZLFLBLQUQXARW-UHFFFAOYSA-N,CCCC[N+](CCCC)(CCCC)CCCC,-3.147
YDLYQMBWCWFRAI-UHFFFAOYSA-N,CCCCCCCCCCCCCCCCCCCCCCCCCCCCCCCCCCCC,-7.209
WKRLQDKEXYKHJB-HFTRVMKXSA-N,C[C@]12CC[C@H]3C(=CCc4cc(O)ccc43)[C@@H]1CCC2=O,-4.747
CNRNYORZJGVOSY-UHFFFAOYSA-N,c1ccc(-c2cnc(-c3ccccc3)o2)cc1,-4.062
VQKFNUFAXTZWDK-UHFFFAOYSA-N,Cc1ccco1,0.238
PHOQVHQSTUBQQK-UHFFFAOYSA-N,O=C1OC(CO)C(O)C(O)C1O,-0.156
ULBXWWGWDPVHAO-UHFFFAOYSA-N,C#CC(C)OC(=O)Nc1cccc(Cl)c1,-3.68
QQVIHTHCMHWDBS-UHFFFAOYSA-N,O=C(O)c1cccc(C(=O)O)c1,-1.635
SSGODMHQNTWPOX-UHFFFAOYSA-N,N#CNC(N)=S,-0.623
LVVXLDUCGFTWHJ-UHFFFAOYSA-N,O=C(O)CC(C(=O)O)(c1ccccc1)c1ccccc1,-2.871
GSLVKBRGRSHUAU-UHFFFAOYSA-N,CCONC(=O)c1cn(C)c(=O)c(F)c1Nc1ccc(Br)cc1F,-5.554
KSPQDMRTZZYQLM-UHFFFAOYSA-N,O=C(O)CNC(=O)c1ccco1,-0.98
HTXPRECVNAFGMW-UHFFFAOYSA-N,CCCC(CCC)(C(=O)NO)c1ccccc1,-2.896
XKVUYEYANWFIJX-UHFFFAOYSA-N,Cc1ccn[nH]1,0.435
SHSQCPXGYRPQDR-UHFFFAOYSA-N,CCCC(=O)n1c(=O)[nH]cc(F)c1=O,-1.944
QUSNBJAOOMFDIB-UHFFFAOYSA-N,CCN,2.381
AZQWKYJCGOJGHM-UHFFFAOYSA-N,O=C1C=CC(=O)C=C1,-0.179
CJFLBOQMPJCWLR-UHFFFAOYSA-N,CC(C)CCCCCOC(=O)CCCCC(=O)OCCCCCC(C)C,-6.794
VYKSRLDHXQURKA-UHFFFAOYSA-N,COCCCCC(=O)c1ccc(C(F)(F)F)cc1,-3.658
HXCILVUBKWANLN-UHFFFAOYSA-N,CCN(CC)c1ccc([C+](c2ccccc2)c2ccc(N(CC)CC)cc2)cc1,-5.953
RCRHKXGEYNVPDK-UHFFFAOYSA-N,CCOP(=O)(OCC)SC[S+]([O-])CC,-0.241
KHNYNFUTFKJLDD-UHFFFAOYSA-N,c1ccc2c3c(ccc2c1)-c1cccc2cccc-3c12,-7.349
OVGDAVVFKDPXIC-UHFFFAOYSA-N,CC(=O)n1cc(F)c(=O)[nH]c1=O,-1.546
YPXOPAFVVHXQDP-ZZEZOPTASA-N,Cc1ccc(N/N=C2\C(=O)C=Cc3ccccc32)c(C)c1,-5.685
SQZCZXRYOJJCDU-UHFFFAOYSA-N,CC(C)c1nc([N+](=O)[O-])c[nH]1,-1.857
QGRPVMLBTFGQDQ-UHFFFAOYSA-N,COc1ccccc1Cl,-2.062
SBLPWPLKGFWLKK-UHFFFAOYSA-N,CCOP(=S)(OCC)Oc1cc(Cl)c(Cl)c(SC)c1,-6.543
UVJHQYIOXKWHFD-UHFFFAOYSA-N,C1=CCC=CC1,-2.076
TZXATTMVGZDPHM-UHFFFAOYSA-N,CCN(CC[N+](C)(C)C)c1ccc(N=Nc2ccc([N+](=O)[O-])cc2Cl)cc1,-2.915
CAWSVYYOUZEMHA-UHFFFAOYSA-N,Clc1ccc(Oc2ccc(Cl)c(Cl)c2)c(Cl)c1,-7.698
HCTFEPDEGBYVHP-UHFFFAOYSA-N,COc1ccc(CC2NC(=O)N(C(C)C(=O)O)C2=O)cc1,-2.439
CERQOIWHTDAKMF-UHFFFAOYSA-N,C=C(C)C(=O)O,0.629
ITMRQGQCULJEJR-UHFFFAOYSA-N,CC(C)(C)OC(=O)c1cccc([N+](=O)[O-])c1C(=O)O,-3.285
JSRLURSZEMLAFO-UHFFFAOYSA-N,Brc1cccc(Br)c1,-3.019
ZKHQWZAMYRWXGA-KQYNXXCUSA-N,Nc1ncnc2c1ncn2[C@@H]1O[C@H](COP(=O)(O)OP(=O)(O)OP(=O)(O)O)[C@@H](O)[C@H]1O,-1.159
SUIIPPMGDURFRE-UHFFFAOYSA-N,ON=C1CCCCCCCCC1=NO,-1.812
XTFNPKDYCLFGPV-OMCISZLKSA-N,O=[N+]([O-])c1ccc(O/N=C/c2cc(Br)c(O)c(Br)c2)c([N+](=O)[O-])c1,-5.893
GZSOSUNBTXMUFQ-YFAPSIMESA-N,COc1ccc(-c2cc(=O)c3c(O)cc(O[C@@H]4O[C@H](CO[C@@H]5O[C@@H](C)[C@H](O)[C@@H](O)[C@H]5O)[C@@H](O)[C@H](O)[C@H]4O)cc3o2)cc1O,-2.979
JEWIAYIESCUSKQ-UHFFFAOYSA-N,Brc1ccc2c(c1)Sc1ccccc1N2,-4.972
QIHKTBRNOLQDGQ-UHFFFAOYSA-N,COc1cc(NC(=O)c2cc3ccccc3cc2O)c(OC)cc1Cl,-6.547
GOMAEJQBTWAPAN-UHFFFAOYSA-N,CC1C(=O)NC(=O)NC1=O,-0.499
WVMBPWMAQDVZCM-UHFFFAOYSA-N,CNc1ccccc1C(=O)O,-1.349
VGHPMIFEKOFHHQ-UHFFFAOYSA-N,COc1cc(OC)n2nc(S(=O)(=O)Nc3c(Cl)ccc(C)c3Cl)nc2n1,-5.797
HHLXJTDUHFBYAU-UHFFFAOYSA-N,CCC1(C(C)C)C(=O)NC(=O)NC1=O,-1.505
AMEKQAFGQBKLKX-UHFFFAOYSA-N,CC1=C(C(=O)Nc2ccccc2)S(=O)(=O)CCO1,-2.955
QAQCUBLNHBKTRM-UHFFFAOYSA-N,CC1=CCC(C)C(C)C1=O,-1.267
VBHLKZHSCMQLTI-UHFFFAOYSA-N,CC(=O)Nc1nc2c(ncn2COCCOC(C)=O)c(=O)[nH]1,-2.36
NIXOWILDQLNWCW-UHFFFAOYSA-N,C=CC(=O)O,0.981
ZFSLODLOARCGLH-UHFFFAOYSA-N,O=c1[nH]c(=O)[nH]c(=O)[nH]1,-3.867
IJMWOMHMDSDKGK-UHFFFAOYSA-N,CCC(=O)OC(C)C,-0.553
DRAVOWXCEBXPTN-UHFFFAOYSA-N,Nc1nc(=O)[nH]c2[nH]cnc12,-2.874
BDJSOPWXYLFTNW-UHFFFAOYSA-N,COCCC(=O)OC,0.481
KQXKVJAGOJTNJS-UHFFFAOYSA-N,CC(C)(C)NCC(O)COc1ccccc1C1CCCC1,-2.85
MJJXVEPFHAODSG-UHFFFAOYSA-N,COc1ccc2cc(C(C)C(=O)OCCN3CCNCC3)ccc2c1,-2.694
YOVRNJUIHVNXCB-UHFFFAOYSA-N,O=C1CCCCCN1C(=O)NCCCCCCNC(=O)N1CCCCCC1=O,-3.345
SWUIQEBPZIHZQS-UHFFFAOYSA-N,Cc1ccc2c(c1)OCC(=O)CO2,-2.062
NAQMVNRVTILPCV-UHFFFAOYSA-N,NCCCCCCN,0.581
LMUMOFOWZKACOU-UHFFFAOYSA-N,CC12CCC(=O)C=C1CCC1C2CCC2(C)C(OC=O)CCC12,-5.264
TZFWDZFKRBELIQ-UHFFFAOYSA-N,O=c1[nH]c2cc(Cl)ccc2o1,-2.897
BVQVLAIMHVDZEL-UHFFFAOYSA-N,CC(=O)C(=O)c1ccccc1,-1.43
YKBZOVFACRVRJN-UHFFFAOYSA-N,CN=C(NCC1CCOC1)N[N+](=O)[O-],-2.011
RKWGIWYCVPQPMF-UHFFFAOYSA-N,CCCNC(=O)NS(=O)(=O)c1ccc(Cl)cc1,-3.338
LSPHULWDVZXLIL-UHFFFAOYSA-N,CC1(C(=O)O)CCC(C(=O)O)C1(C)C,-1.319
HTAUUADKDLLMRU-UHFFFAOYSA-N,CCOP(=O)(Cc1ccc(-c2nc3ccccc3s2)cc1)N1CCCC1=O,-5.183
ZSFUDSWIVAQKEN-UHFFFAOYSA-N,CCN1c2cc(Cl)ccc2NC(=O)c2cccnc21,-4.489
HHMCAJWVGYGUEF-UHFFFAOYSA-N,O=[N+]([O-])c1ccc(Oc2ccc(C(F)(F)F)cc2[N+](=O)[O-])cc1,-5.374
YQPCHPBGAALCRT-UHFFFAOYSA-N,O=C(O)CC1(CC(=O)O)CCCCC1,-1.334
PUJJZGFFAQHYEX-UHFFFAOYSA-N,CC(Br)CCl,-1.483
DMHAXLGAKQREIL-UHFFFAOYSA-N,CC(=O)OCCOCn1cnc2c(=O)[nH]c(N)nc21,-2.033
NAOAIXJLSONHSA-UHFFFAOYSA-N,O=C(N=NNc1cc(Cl)c(-c2ccc(-c3cc(Cl)c(NN=NC(=O)c4cc5ccccc5cc4O)cc3Cl)cc2)cc1Cl)c1cc2ccccc2cc1O,-8.636
NWJVKSITTJQWCG-UHFFFAOYSA-N,O=C(c1ccc(Oc2ccccc2)cc1)c1ccc(C(=O)c2ccc(Oc3ccccc3)cc2)cc1,-8.509
BMFYCFSWWDXEPB-UHFFFAOYSA-N,O=C(c1ccccc1)C1CCCCC1,-3.051
AXISYYRBXTVTFY-UHFFFAOYSA-N,CCCCCCCCCCCCCC(=O)OC(C)C,-6.433
VKQOHFHGWCXKOA-UHFFFAOYSA-N,Nc1cc([N+](=O)[O-])ccc1I,-2.594
ZPEFPSJMGSVLKW-UHFFFAOYSA-N,COc1cc([N+](=O)[O-])c2c(c1OC)C(=O)OC2,-3.678
FMJSMJQBSVNSBF-UHFFFAOYSA-N,CCCCC(CC)COC(=O)C(C#N)=C(c1ccccc1)c1ccccc1,-7.127
PTJQVJQAZSLKJO-UHFFFAOYSA-N,Brc1ccc(-c2ccc(Br)c(Br)c2Br)c(Br)c1Br,-8.794
HHHVICDYYBLIAG-UHFFFAOYSA-N,C=C(Br)C(=O)Nc1ccc(N=Nc2c(N)ccc3cc(S(=O)(=O)O)ccc23)c(S(=O)(=O)c2ccc(C)c(S(=O)(=O)O)c2)c1,-5.292
AVOQDBLSHMVAMW-UHFFFAOYSA-N,CCC1=C(C2(CC)C(=O)NC(=O)NC2=O)CCCC1,-2.917
STGXUBIZGYMIRM-UHFFFAOYSA-N,C=CC(=O)OCC1(CC)COCOC1,-1.08
BQNWWHFSEXYHKU-UHFFFAOYSA-N,NC(=O)NCCCCCC(=O)O,-0.476
NPTQTLMUAAVGNU-UHFFFAOYSA-N,CCCCCCCCCCOC(=O)C(CC)CCCC,-6.796
ISBHMJZRKAFTGE-ARJAWSKDSA-N,CC/C=C\C#N,0.021
WBCCOWHDSAVXAO-AATRIKPKSA-N,CC/C=C/CCCCCCCCCCCCCCOCC,-6.604
YGYNBBAUIYTWBF-UHFFFAOYSA-N,Cc1ccc2cc(C)ccc2c1,-3.907
JRIATCFPZFOVNP-UHFFFAOYSA-N,C=C1CCOC(C=C(C)C)C1,-2.115
JQUIGGQYRQVIIE-UHFFFAOYSA-N,CC(=O)N(C)C(=O)COC(=O)c1ccccc1,-1.91
RZJSCADWIWNGKI-UHFFFAOYSA-N,CC12CCC(=O)C=C1CCC1C2CCC2(C)C(OC(=O)c3ccccc3)CCC12,-6.921
FNUXIDAXTMVGMS-UHFFFAOYSA-N,O=C1OC(c2ccc(Br)cc2)C(Br)C1=O,-3.483
UWVKRNOCDUPIDM-UHFFFAOYSA-N,CCOc1ccccc1OS(=O)(=O)NC(=O)Nc1nc(OC)cc(OC)n1,-4.49
IAZDPXIOMUYVGZ-UHFFFAOYSA-N,C[S+](C)[O-],1.028
RNVVYVPDHMKDTL-UHFFFAOYSA-N,COC(=O)COCO,0.483
IZMJMCDDWKSTTK-UHFFFAOYSA-N,O=C1c2ccccc2C(=O)C1c1ccc2ccccc2n1,-5.419
LNCZLEZOTUBASE-UHFFFAOYSA-N,Cn1cc(C(N)=O)c(Nc2ccc(Br)cc2F)c(F)c1=O,-4.319
FKNQCJSGGFJEIZ-UHFFFAOYSA-N,Cc1ccncc1,0.025
NMJJFJNHVMGPGM-UHFFFAOYSA-N,CCCCOC=O,0.233
VDTNNGKXZGSZIP-UHFFFAOYSA-N,CCCCNC(=O)NS(=O)(=O)c1ccc(N)cc1,-2.306
CZZYITDELCSZES-UHFFFAOYSA-N,c1ccc(Cc2ccccc2)cc1,-3.912
LKKOGZVQGQUVHF-UHFFFAOYSA-N,CCOC(=O)CCCCCC(=O)OCC,-2.204
HJJVPARKXDDIQD-UHFFFAOYSA-N,Clc1ccc(C2(Cn3cncn3)CC(Br)CO2)c(Cl)c1,-4.223
VPGRYOFKCNULNK-ACXQXYJUSA-N,CC(=O)OCC(=O)[C@H]1CC[C@H]2[C@@H]3CCC4=CC(=O)CC[C@]4(C)[C@H]3CC[C@]12C,-5.759
KJRMGWZKDHKBCY-UHFFFAOYSA-N,CC1(C#N)CCCC1=O,-0.508
DUEPRVBVGDRKAG-UHFFFAOYSA-N,CNC(=O)Oc1cccc2c1OC(C)(C)C2,-2.684
GBXSMTUPTTWBMN-XIRDDKMYSA-N,CCOC(=O)[C@H](CCc1ccccc1)N[C@@H](C)C(=O)N1CCC[C@H]1C(=O)O,-2.524
AGJOAIMUXIQLCN-UHFFFAOYSA-N,Cc1ccc(NO)cc1,-0.739
BBFRYSKTTHYWQZ-UHFFFAOYSA-N,O=[N+]([O-])c1cc(S(=O)(=O)Nc2ccccc2)ccc1Nc1ccccc1,-5.337
YRLXBWHNSONKOH-UHFFFAOYSA-N,C=CS(=O)(=O)Nc1ccccc1,-1.73
MXBNEEHQIDLPLQ-UHFFFAOYSA-N,O=C1Nc2ccccc2C(=O)N2CCCC12,-2.419
RFMMMVDNIPUKGG-UHFFFAOYSA-N,CC(=O)NC(CCC(=O)O)C(=O)O,-0.394
NKKMVIVFRUYPLQ-NSCUHMNNSA-N,C/C=C/C#N,0.594
RHTVQEPJVKUMPI-UHFFFAOYSA-N,O=[N+]([O-])c1ccc(Nc2ccccc2)c([N+](=O)[O-])c1,-4.768
HGKOWIQVWAQWDS-UHFFFAOYSA-N,CC(C)CCCCCCCCCCCCCCCOC(=O)CC(O)C(=O)OCCCCCCCCCCCCCCCC(C)C,-7.574
WNDULEJVCPEASN-UHFFFAOYSA-N,CN(C)c1ccc(C(O)(c2ccc(N(C)C)cc2)c2ccc(Nc3ccccc3)c3ccccc23)cc1,-6.259
SAFRSRKBLQVPQW-UHFFFAOYSA-N,CC(C)OC(=O)C1(S(=O)(=O)c2ccc(Cl)cc2)CC1,-4.077
ZTOMUSMDRMJOTH-UHFFFAOYSA-N,N#CCCCC#N,-0.019
NHSPPJFIJJWVTN-UHFFFAOYSA-N,O=C(O)C(Cl)=C(Br)Br,-1.04
OBZIQQJJIKNWNO-UHFFFAOYSA-N,COP(=S)(OC)Oc1c(Cl)cc(C)cc1Cl,-5.424
POOXVKSDWCXIBU-UHFFFAOYSA-N,Clc1cc(Cl)c(Oc2ccc(Cl)c(Cl)c2)c(Cl)c1,-8.591
OBETXYAYXDNJHR-UHFFFAOYSA-N,CCCCC(CC)C(=O)O,-1.584
LHIJANUOQQMGNT-UHFFFAOYSA-N,NCCNCCO,1.282
FRFQXYOWMSJIJR-UHFFFAOYSA-N,O=C1c2ccccc2C(=O)c2c(NCCCOCCOCCO)ccc(NCCCOCCOCCO)c21,-2.453
KKKDZZRICRFGSD-UHFFFAOYSA-N,c1ccc(Cn2ccnc2)cc1,-1.151
UUAVCCWBNUITBB-UHFFFAOYSA-N,CCCOc1ccc2c(c1)C(c1ccc(OC)cc1OCC(=O)O)C(C(=O)O)C2c1ccc2c(c1)OCO2,-6.617
PHMBVCPLDPDESM-UHFFFAOYSA-N,CN1C2CCC1C(C(=O)O)C(O)C2,-0.175
XTPAWBLSROWDBU-UHFFFAOYSA-N,CCOc1cccc2c1C(=O)c1c(NC3CCCCC3)ccc(Nc3ccccc3S(=O)(=O)O)c1C2=O,-6.129
VIUDTWATMPPKEL-UHFFFAOYSA-N,Nc1cccc(C(F)(F)F)c1,-1.86
JUVIOZPCNVVQFO-UHFFFAOYSA-N,C=C(C)C1Cc2c(ccc3c2OC2COc4cc(OC)c(OC)cc4C2C3=O)O1,-5.817
NBJRFLIUYUFOIR-UHFFFAOYSA-N,O=C(O)c1ccccc1Nc1cccc([N+](=O)[O-])c1,-3.97
RPLDGRKYEITQNQ-UHFFFAOYSA-N,Cc1ccc2c(c1)C=CS2(=O)=O,-2.433
CDOZDBSBBXSXLB-UHFFFAOYSA-N,CCN(CC)C(C)CN1c2ccccc2Sc2ccccc21,-4.277
WQAQPCDUOCURKW-UHFFFAOYSA-N,CCCCS,-1.683
KORNHGGSVGTRLI-UHFFFAOYSA-N,CCCC(Br)(CCC)C(N)=O,-1.999
KCJPXMHUFVFEGM-UHFFFAOYSA-N,CCCOP(=O)(OC)OCCC,-0.258
QZKDRLZSJSWQPS-RMPHRYRLSA-N,CC(=O)O[C@@H]1[C@H]2OC(C)(C)O[C@H]2O[C@@H]1[C@H]1COC(C)(C)O1,-1.07
XFDUHJPVQKIXHO-UHFFFAOYSA-N,Nc1cccc(C(=O)O)c1,-1.33
SVTDYSXXLJYUTM-UHFFFAOYSA-N,CNc1cccc2c1C(=O)c1ccccc1C2=O,-4.61
IPMQSLPLJDKUPI-UHFFFAOYSA-N,N#CC1CCCC1=O,-0.138
UMFJAHHVKNCGLG-UHFFFAOYSA-N,CN(C)N=O,0.892
XMLYCEVDHLAQEL-UHFFFAOYSA-N,CC(C)(O)C(=O)c1ccccc1,-1.268
QANVQYKQPMHTAM-UHFFFAOYSA-N,CC(C)CCCCCCCOC(=O)CC(C(=O)OCCCCCCCC(C)C)S(=O)(=O)O,-4.809
PRKRQUUATBDWTL-UHFFFAOYSA-N,NC(=O)c1cc(Cl)cc(Cl)c1N,-2.629
RLLPVAHGXHCWKJ-HKUYNNGSSA-N,CC1(C)[C@H](C(=O)OCc2cccc(Oc3ccccc3)c2)[C@@H]1C=C(Cl)Cl,-7.355
WRGWFXXPBRCSIH-UHFFFAOYSA-N,CC(=O)Oc1ccccc1C(=O)OCC(=O)N(C(C)C)C(C)C,-3.134
ARSRBNBHOADGJU-UHFFFAOYSA-N,Cc1c2ccccc2c(C)c2c1ccc1ccccc12,-7.13
NMRPBPVERJPACX-UHFFFAOYSA-N,CCCCCC(O)CC,-1.486
WOZVHXUHUFLZGK-UHFFFAOYSA-N,COC(=O)c1ccc(C(=O)OC)cc1,-1.9
XDPYXPRALQKAHS-UHFFFAOYSA-N,O=C(O)C1CN2CCC1CC2C(O)c1ccnc2ccccc12,-2.369
IIGMITQLXAGZTL-UHFFFAOYSA-N,CCCCCCCCCCCCCCCCCC(=O)OCCCCCCCC,-8.045
INYDMNPNDHRJQJ-UHFFFAOYSA-N,Cc1ccc([N+](=O)[O-])c([N+](=O)[O-])c1,-2.673
LNTHITQWFMADLM-UHFFFAOYSA-N,O=C(O)c1cc(O)c(O)c(O)c1,-1.734
NPNUFJAVOOONJE-GFUGXAQUSA-N,C=C1CC/C=C(\C)CC[C@@H]2[C@@H]1CC2(C)C,-5.799
HRVUKLBFRPWXPJ-UHFFFAOYSA-N,Clc1cc(Cl)c2c(c1Cl)Oc1ccccc1O2,-7.354
MVGJRISPEUZYAQ-UHFFFAOYSA-N,CC(C)(CO)[N+](=O)[O-],-0.264
GMBNNHLANOGOAU-UHFFFAOYSA-N,Nc1c(S(=O)(=O)O)cc(NC2CCCCC2)c2c1C(=O)c1ccccc1C2=O,-3.983
NZNMSOFKMUBTKW-UHFFFAOYSA-N,O=C(O)C1CCCCC1,-0.611
PYHXGXCGESYPCW-UHFFFAOYSA-N,O=C(O)C(c1ccccc1)c1ccccc1,-2.767
ROKSAUSPJGWCSM-UWVGGRQHSA-N,CC1(C)[C@H]2CC=C(CCO)[C@@H]1C2,-1.557
ANFHKXSOSRDDRQ-UHFFFAOYSA-N,CC(Oc1ccc(Oc2ncc(Cl)cc2Cl)cc1)C(=O)N1CCCO1,-5.614
VIKNJXKGJWUCNN-UHFFFAOYSA-N,C#CC1(O)CCC2C3CCC4=CC(=O)CCC4C3CCC21C,-4.412
RKLQLYBJAZBSEU-UHFFFAOYSA-N,NS(=O)(=O)c1ccc(Cl)s1,-1.521
HSUGRBWQSSZJOP-UHFFFAOYSA-N,COc1ccc(C2Sc3ccccc3N(CCN(C)C)C(=O)C2OC(C)=O)cc1,-3.998
JEZJSNULLBSYHV-UHFFFAOYSA-N,Nc1c(I)c(C(=O)O)c(I)c(C(=O)O)c1I,-2.721
BNQYXFAVUMPZFG-UHFFFAOYSA-N,CC(=O)C(=Cc1ccccc1)CC(=O)O,-2.05
WJQZZLQMLJPKQH-UHFFFAOYSA-N,Cc1cc(Cl)cc(Cl)c1O,-2.44
QMVPMAAFGQKVCJ-SNVBAGLBSA-N,CC(C)=CCC[C@@H](C)CCO,-1.982
ATDCVWYXPQZTCI-UHFFFAOYSA-N,CCCCC(CC)C(=O)OCC(COCC(COC(=O)CCCCCC(C)C)(COC(=O)C(CC)CCCC)COC(=O)C(CC)CCCC)(COC(=O)CCCCCC(C)C)COC(=O)CCCCCC(C)C,-7.432
AZKRMADMLBGMOJ-UHFFFAOYSA-N,COc1ccc(NCC(O)CO)cc1,-0.683
HYDYEUKNONPEFM-UHFFFAOYSA-N,CC(=O)Oc1ccc(NC(=O)Nc2ccccc2)cc1,-4.448
QZYHIOPPLUPUJF-UHFFFAOYSA-N,Cc1cccc([N+](=O)[O-])c1,-2.165
DRLFMBDRBRZALE-UHFFFAOYSA-N,COc1ccc2[nH]cc(CCNC(C)=O)c2c1,-2.881
XTAZYLNFDRKIHJ-UHFFFAOYSA-N,CCCCCCCCN(CCCCCCCC)CCCCCCCC,-6.349
QBDSZLJBMIMQRS-UHFFFAOYSA-N,CC(C)(c1ccccc1)c1ccc(O)cc1,-3.418
NURQLCJSMXZBPC-UHFFFAOYSA-N,Cc1ccncc1C,-0.625
PKQYSCBUFZOAPE-UHFFFAOYSA-N,Cc1cccc(Cc2ccccc2)c1Cc1ccccc1,-6.693
DBABZHXKTCFAPX-UHFFFAOYSA-N,CCCN(CCC)S(=O)(=O)c1ccc(C(=O)O)cc1,-2.334
SUBDBMMJDZJVOS-UHFFFAOYSA-N,COc1ccc2[nH]c([S+]([O-])Cc3ncc(C)c(OC)c3C)nc2c1,-2.873
STUSTWKEFDQFFZ-UHFFFAOYSA-N,Cc1cc(Cl)ccc1N=CN(C)C,-2.113
XHXUANMFYXWVNG-ADEWGFFLSA-N,CC(=O)O[C@@H]1C[C@H](C)CC[C@H]1C(C)C,-3.459
BBKDWPHJZANJGB-UHFFFAOYSA-N,CC(Oc1ccc(Oc2cnc3cc(Cl)ccc3n2)cc1)C(=O)OCC1CCCO1,-5.966
KGEKLUUHTZCSIP-HOSYDEDBSA-N,CC(=O)O[C@@H]1C[C@@H]2CC[C@@]1(C)C2(C)C,-3.121
TWSRVQVEYJNFKQ-UHFFFAOYSA-N,CCCCCOC(=O)CC,-1.751
IAHJVNSZPMIREM-UHFFFAOYSA-N,CCCCCCCOC(=O)c1ccc(N)cc1,-3.814
DCUJJWWUNKIJPH-UHFFFAOYSA-N,Clc1cccc(C(Cl)(Cl)Cl)n1,-3.371
VMXUWOKSQNHOCA-UKTHLTGXSA-N,CN/C(=C\[N+](=O)[O-])NCCSCc1ccc(CN(C)C)o1,-2.439
GRJRKPMIRMSBNK-UHFFFAOYSA-N,OCCC(F)(F)C(F)(F)C(F)(F)C(F)(F)C(F)(F)C(F)(F)F,-3.479
LPOUIKBMWDULCN-UHFFFAOYSA-N,CC(=O)Nc1ncc2ncn(COCCO)c2n1,-1.429
FUSGACRLAFQQRL-UHFFFAOYSA-N,CCN(N=O)C(N)=O,0.213
XRKJBJLXKLOLKS-UHFFFAOYSA-N,CCC(CC)CC1(C(=O)O)CCCCC1,-3.717
ACWBQPMHZXGDFX-UHFFFAOYSA-N,CCCCC(=O)N(Cc1ccc(-c2ccccc2-c2nnn[nH]2)cc1)C(C(=O)O)C(C)C,-5.277
FZQDEMTVDJJBKY-UHFFFAOYSA-N,Cc1noc(C)c1N=C1CC(=O)C(=O)c2ccccc21,-4.187
CKAPSXZOOQJIBF-UHFFFAOYSA-N,Clc1c(Cl)c(Cl)c(Cl)c(Cl)c1Cl,-6.404
RUDATBOHQWOJDD-UZVSRGJWSA-N,C[C@H](CCC(=O)O)[C@H]1CC[C@H]2[C@@H]3[C@@H](O)C[C@@H]4C[C@H](O)CC[C@]4(C)[C@H]3CC[C@]12C,-4.869
ZGUGWUXLJSTTMA-UHFFFAOYSA-N,CN(C)CCCN1c2ccccc2Sc2ccccc21,-3.662
AAQWYJPJRWOQEV-UHFFFAOYSA-N,CCC(C(=O)O)C(C(=O)O)c1ccccc1,-1.855
YFGYUFNIOHWBOB-UHFFFAOYSA-N,Cc1nc(N(C)C)nc(OC(=O)N(C)C)c1C,-1.689
CPKMYVLHYLGADM-UHFFFAOYSA-N,C=CCOC(=O)C(C)OC(=O)C(C)O,-0.823
FYZBOYWSHKHDMT-UHFFFAOYSA-N,CCOC(=O)CCN(SN(C)C(=O)Oc1cccc2c1OC(C)(C)C2)C(C)C,-4.152
HZKCDBKRNMDOJB-UHFFFAOYSA-N,Cc1cc(N)ccc1S(=O)(=O)Nc1ccccc1[N+](=O)[O-],-3.531
DOGJSOZYUGJVKS-UHFFFAOYSA-N,O=C(CS)OCC(O)CO,0.12
RYMZZMVNJRMUDD-UHFFFAOYSA-N,CCC(C)(C)C(=O)OC1CC(C)C=C2C=CC(C)C(CCC3CC(O)CC(=O)O3)C21,-5.859
XXZATAXHOSMHKY-UHFFFAOYSA-N,N#CC1(N2CCCCC2)CCN(Cc2ccccc2)CC1,-2.467
TXDBDYPHJXUHEO-UHFFFAOYSA-N,CSc1cc(SC)c(N)c(C)c1N,-2.525
QSJHBAVMLXTTKL-RRWXOEAGSA-N,Nc1ccc2c(c1)C=C(S(=O)(=O)O)/C(=N\Nc1ccc3c(c1)C=C(S(=O)(=O)O)/C(=N/Nc1ccccc1)C3=O)C2=O,-4.928
NGENVFQAIKEQNS-UHFFFAOYSA-N,C=CCCCCCCCCC(=O)N(CCO)CCO,-2.048
WYEMCZZCZXKDNC-UHFFFAOYSA-N,COc1ccc(Cl)c(OC)c1O,-2.213
DOOTYTYQINUNNV-UHFFFAOYSA-N,CCOC(=O)CC(O)(CC(=O)OCC)C(=O)OCC,-1.372
NQGWSPZQESAHBV-UHFFFAOYSA-N,COc1ccc2cc(C(C)C(=O)OCC(O)CO)ccc2c1,-2.695
KXOJXWNARBQHNX-UHFFFAOYSA-N,Clc1ccc(Oc2cc(Cl)c(Cl)cc2Cl)cc1,-7.697
ZHUWXKIPGGZNJW-UHFFFAOYSA-N,CC(C)CCCCCOC(=O)CCS,-4.225
LINPIYWFGCPVIE-UHFFFAOYSA-N,Oc1c(Cl)cc(Cl)cc1Cl,-2.733
JVYNLQQSMKTICB-UHFFFAOYSA-N,CC(=O)OCC(S)CS,-1.261
IWYRWIUNAVNFPE-UHFFFAOYSA-N,O=CC1CO1,1.159
QPCDCPDFJACHGM-UHFFFAOYSA-N,O=C(O)CN(CCN(CC(=O)O)CC(=O)O)CCN(CC(=O)O)CC(=O)O,-0.477
YXZFFTJAHVMMLF-UHFFFAOYSA-N,CC(C)CCBr,-2.368
YTWXDQVNPCIEOX-UHFFFAOYSA-N,Clc1cc(-c2ccc(Cl)c(Cl)c2Cl)cc(Cl)c1Cl,-8.745
RSBUDFTVQYJNHK-UHFFFAOYSA-N,Clc1ccc(Oc2ccc(Cl)c(Cl)c2Cl)c(Cl)c1,-8.538
WCNGAVKBHXZVJO-UHFFFAOYSA-N,CCC(C)C1NC(=O)C(Cc2c[nH]c3ccccc23)NC(=O)C2CCCN2C(=O)C(Cc2c[nH]cn2)NC(=O)C2CCCCN2C(=O)C2CCCCN2C1=O,-5.166
PUPZLCDOIYMWBV-UHFFFAOYSA-N,CC(O)CCO,1.283
PBAYDYUZOSNJGU-UHFFFAOYSA-N,O=C(O)c1cc(=O)cc(C(=O)O)o1,-1.873
CADHELUGADNHSF-UHFFFAOYSA-N,ICC1CCC(CI)CC1,-3.973
KDTZBYPBMTXCSO-UHFFFAOYSA-N,Oc1ccccc1Oc1ccccc1,-3.038
BAWFJGJZGIEFAR-UHFFFAOYSA-N,NC(=O)c1ccc[n+](C2OC(COP(=O)([O-])OP(=O)(O)OCC3OC(n4cnc5c(N)ncnc54)C(O)C3O)C(O)C2O)c1,-1.028
MQWCXKGKQLNYQG-UHFFFAOYSA-N,CC1CCC(O)CC1,-0.366
SDKQRNRRDYRQKY-UHFFFAOYSA-N,CNC(=O)Oc1ccccc1C1OCCO1,-1.634
VBCIDRUAFSBLGA-UHFFFAOYSA-N,CC1N(c2cc3c(cc2F)c(=O)c(C(=O)O)cn3C2CC2)CC1(C)N,-3.265
OUADDINWGRXMJO-UHFFFAOYSA-N,OC(=S)CCCCCCCCC(O)=S,-2.345
CYKFQSXTIVGYDT-XFXZXTDPSA-N,CCCCCCC(C/C=C\CCCCCCCC(=O)O)OS(=O)(=O)O,-3.021
OSWPMRLSEDHDFF-UHFFFAOYSA-N,COC(=O)c1ccccc1O,-1.535
NSQYIEOSFPLTJA-UHFFFAOYSA-N,CC(C)C1(C(C)C)C(=O)NC(=O)NC1=O,-1.786
PUKTVFNQVGOXPI-UHFFFAOYSA-N,CC1CCC2(CCC(C)O2)O1,-1.164
RQEUFEKYXDPUSK-UHFFFAOYSA-N,CC(N)c1ccccc1,-0.364
QCLKBJKESKISHE-ZRFMCYSTSA-N,O=C(Nc1ccc(NC(=O)C2=Cc3ccccc3/C(=N\Nc3cc(Cl)ccc3Cl)C2=O)c(Cl)c1)C1=Cc2ccccc2/C(=N\Nc2cc(Cl)ccc2Cl)C1=O,-8.522
VGRKMGBGMTUWFI-UHFFFAOYSA-N,Cc1cc(Oc2cc(C)cc(S(=O)(=O)O)c2)cc(S(=O)(=O)O)c1,-2.683
LCDGAYYHFKVEAR-UHFFFAOYSA-N,CCN1CC(=O)N=C1N,-0.053
KKUMBCQWVRPGMH-UHFFFAOYSA-N,CCSC(=S)NC(CC(=O)O)C(=O)O,-1.287
CWRKZMLUDFBPAO-VOTSOKGWSA-N,CCCCC/C=C/CCC=O,-2.848
DSBMOVYUOIIPDK-UHFFFAOYSA-N,CC1(C)NC(=O)N(Cc2ccccc2)C1=O,-2.155
UWEYRJFJVCLAGH-UHFFFAOYSA-N,FC1(F)C(F)(F)C(F)(F)C2(F)C(F)(F)C(F)(F)C(F)(F)C(F)(F)C2(F)C1(F)F,-7.683
WXNXCEHXYPACJF-UHFFFAOYSA-N,CC(=O)NC(CC(C)C)C(=O)O,-0.706
WBNQDOYYEUMPFS-UHFFFAOYSA-N,CCN(CC)N=O,0.58
FMWLUWPQPKEARP-UHFFFAOYSA-N,ClC(Cl)Br,-0.791
ROPPTGKKZZDFJN-UHFFFAOYSA-N,CCCCCCCCCOC(=O)c1ccc(C(=O)OCCCCCCCCC)c(C(=O)OCCCCCCCCC)c1,-7.883
KWAKSEGGFHCMJS-UHFFFAOYSA-N,CC(C)CCCCCC(=O)NCCCCCC(=O)O,-3.262
JCUZDQXWVYNXHD-UHFFFAOYSA-N,CC(CCN)CC(C)(C)CN,-0.467
CFBYEGUGFPZCNF-UHFFFAOYSA-N,COc1ccccc1[N+](=O)[O-],-2.38
HOLHYSJJBXSLMV-UHFFFAOYSA-N,Oc1c(Cl)cccc1Cl,-1.979
SGXPOLBQSKXTKY-UHFFFAOYSA-N,O=C(Nc1ccc(Cc2ccc(NC(=O)NC3CCCCC3)cc2)cc1)NC1CCCCC1,-6.961
NFZTXJKXCFQRGN-UHFFFAOYSA-N,OCc1nc2ncncc2[nH]1,-0.968
HWWYDZCSSYKIAD-UHFFFAOYSA-N,Cc1cncc(C)c1,-0.681
WQGWDDDVZFFDIG-UHFFFAOYSA-N,Oc1cccc(O)c1O,-0.822
OLYIDXAKNMPQMJ-UHFFFAOYSA-N,COc1cccc(OCC(O)CO)c1OC,-1.021
KHLCTMQBMINUNT-UHFFFAOYSA-N,CCCCCCC(O)CCCCCCCCCCCO,-4.667
FQDIANVAWVHZIR-UPHRSURJSA-N,ClC/C=C\CCl,-2.038
BOKGTLAJQHTOKE-UHFFFAOYSA-N,Oc1cccc2c(O)cccc12,-1.955
VEIQMIFGPISKCW-UHFFFAOYSA-N,Cn1c(-c2ccccc2)c(C=CC2=[N+](C)c3ccccc3C2(C)C)c2ccccc21,-7.287
YRIZYWQGELRKNT-UHFFFAOYSA-N,O=c1n(Cl)c(=O)n(Cl)c(=O)n1Cl,-2.089
HTMQZWFSTJVJEQ-UHFFFAOYSA-N,[O-][S+](Cc1ccccc1)Cc1ccccc1,-1.53
QIGBRXMKCJKVMJ-UHFFFAOYSA-N,Oc1ccc(O)cc1,-0.548
CLJDUFMUISGSEC-UHFFFAOYSA-N,CC(C)CC(C)OC(=O)CC(C(=O)OC(C)CC(C)C)S(=O)(=O)O,-2.468
UHLVINFHJXUXCW-UHFFFAOYSA-N,Cc1cc(Nc2nc(NCCO)nc(Nc3ccc(N=Nc4cc(S(=O)(=O)O)c5cccc(S(=O)(=O)O)c5c4)c(C)c3)n2)ccc1N=Nc1cc(S(=O)(=O)O)c2cccc(S(=O)(=O)O)c2c1,-4.771
RZFZBHKDGHISSH-UHFFFAOYSA-N,Clc1ccc(-c2c(Cl)cc(Cl)cc2Cl)cc1,-7.078
WEBRDDDJKLAXTO-UHFFFAOYSA-N,CCC1OCCO1,0.6
ODNZLRLWXRXPOH-UHFFFAOYSA-N,Nc1cnn(-c2ccccc2)c(=O)c1Br,-3.376
QQODLKZGRKWIFG-UHFFFAOYSA-N,CC1(C)C(C=C(Cl)Cl)C1C(=O)OC(C#N)c1ccc(F)c(Oc2ccccc2)c1,-7.903
IBUVVTIRLMVASK-UHFFFAOYSA-N,COc1ccc2cc(C(C)C(=O)OCC(=O)N(C)C)ccc2c1,-3.519
LKCWBDHBTVXHDL-UHFFFAOYSA-N,NCCC(O)C(=O)NC1CC(N)C(OC2OC(CN)C(O)C(O)C2O)C(O)C1OC1OC(CO)C(O)C(N)C1O,-0.498
CUVLMZNMSPJDON-UHFFFAOYSA-N,CCCCOCC(C)OCC(C)O,-0.788
NNYRZQHKCHEXSD-UHFFFAOYSA-N,Cc1ccc(NC(=O)NC(C)(C)c2ccccc2)cc1,-4.532
CPEPWESLFZVUEP-UHFFFAOYSA-N,CCCCCCc1ccc(C(=O)O)cc1,-3.109
MUKSMBAVCDPKRC-UHFFFAOYSA-N,Cc1ccc2c(c1)Oc1ncc(N)cc1C(=O)N2C,-3.745
MQJKPEGWNLWLTK-UHFFFAOYSA-N,Nc1ccc(S(=O)(=O)c2ccc(N)cc2)cc1,-3.274
AFBPFSWMIHJQDM-UHFFFAOYSA-N,CNc1ccccc1,-0.47
KGNQDBQYEBMPFZ-UHFFFAOYSA-N,Fc1ccc(I)cc1,-2.508
HQLKZWRSOHTERR-UHFFFAOYSA-N,CCC(CC)COC(C)=O,-1.683
UXGUHQNYRZMSQI-UHFFFAOYSA-N,CCCCCS[S+]([O-])CCCCC,-2.527
MWCDMTCWMZHVAQ-UHFFFAOYSA-N,O=C(NC(CO)C(=O)O)c1ccccc1,-1.129
WHFQWQIDXMOZBD-UHFFFAOYSA-N,Oc1cncc2cccnc12,-1.405
CXOYNJAHPUASHN-UHFFFAOYSA-N,Clc1ccc(-c2c(Cl)c(Cl)cc(Cl)c2Cl)c(Cl)c1Cl,-9.303
QTRAXZHIRXYYPP-UHFFFAOYSA-N,CC(N)C(O)C(=O)O,0.557
MFGQUMAXNNHCNG-UHFFFAOYSA-N,CC1=CCCN1C,0.356
GTLACDSXYULKMZ-UHFFFAOYSA-N,FC(F)C(F)(F)F,-1.419
SATCULPHIDQDRE-UHFFFAOYSA-N,O=Cc1ccc2c(c1)OCO2,-1.558
XSPWINZRSAKTKX-UHFFFAOYSA-N,N#Cc1ccc(C=Cc2ccc(C=Cc3cccc(C#N)c3)cc2)cc1,-7.332
CTJBHIROCMPUKL-WEVVVXLNSA-N,CNC(=O)O/N=C(\C)C(C)S(C)(=O)=O,-1.31
FQMZVFJYMPNUCT-YRNVUSSQSA-N,CC(C)=CCC/C(C)=C/COC=O,-2.474
ZMDGUPJAPMSCIZ-UHFFFAOYSA-N,O=c1ccn(CCO)c(C(O)c2ccccc2)c1O,-1.665
BOLANQNHTGVOMY-UHFFFAOYSA-N,S=C=Nc1cccc(N=C=S)c1,-4.708
IPVBROHEYXPTBX-UHFFFAOYSA-N,CCS(=O)(=O)NS(=O)(=O)CC,-0.321
ZGRYQDHDZGJMNF-UHFFFAOYSA-N,NS(=O)(=O)c1cc2c(s1)CC(O)CS2(=O)=O,-1.494
VGGSQFUCUMXWEO-UHFFFAOYSA-N,C=C,0.625
SPEUIVXLLWOEMJ-UHFFFAOYSA-N,COC(C)OC,1.187
UOCUDGZQFFDOMM-UHFFFAOYSA-N,CCOC(=O)N1CCN(CN2CCN(C(=O)OCC)CC2)CC1,-0.587
GNCOVOVCHIHPHP-UHFFFAOYSA-N,CC(=O)C(N=Nc1ccc(-c2ccc(N=NC(C(C)=O)C(=O)Nc3ccccc3)c(Cl)c2)cc1Cl)C(=O)Nc1ccccc1,-8.585
LXOFYPKXCSULTL-UHFFFAOYSA-N,CC(C)CC(C)(O)C#CC(C)(O)CC(C)C,-2.353
CVSVTCORWBXHQV-UHFFFAOYSA-N,CN(CC(=O)O)C(=N)N,0.034
FOANIXZHAMJWOI-UHFFFAOYSA-N,CC(C)OC(=O)C(O)(c1ccc(Br)cc1)c1ccc(Br)cc1,-4.99
QQWGVQWAEANRTK-UHFFFAOYSA-N,O=C(O)CC(Br)C(=O)O,-0.222
JSJWCHRYRHKBBW-UHFFFAOYSA-N,NC(=O)NCCC(=O)O,0.036
HJNRIUAWUKVWOI-UHFFFAOYSA-N,CCN(CC)CCCNc1nc(Nc2ccc(N=Nc3c(S(=O)(=O)O)cc4cc(S(=O)(=O)O)cc(Nc5nc(NCC(C)N)nc(NCC(C)N)n5)c4c3O)cc2)nc(Nc2ccc(N=Nc3c(S(=O)(=O)O)cc4cc(S(=O)(=O)O)cc(Nc5nc(NCC(C)N)nc(NCC(C)N)n5)c4c3O)cc2)n1,-4.491
MGFYIUFZLHCRTH-UHFFFAOYSA-N,O=C(O)CN(CC(=O)O)CC(=O)O,-0.29
HSSBORCLYSCBJR-UHFFFAOYSA-N,Nc1cc(Cl)cc(C(=O)O)c1Cl,-2.584
VTGOHKSTWXHQJK-UHFFFAOYSA-N,O=c1nccc[nH]1,-0.523
XOUQAVYLRNOXDO-UHFFFAOYSA-N,Cc1ccc(C(C)(C)C)c(O)c1,-2.475
UUQHKWMIDYRWHH-UHFFFAOYSA-N,COC(=O)c1c(C)cc(O)c(C)c1O,-2.335
ZYLMCRLXTUAWGM-UHFFFAOYSA-N,Nc1nc(=O)[nH]c2nccnc12,-2.516
KMTDMTZBNYGUNX-UHFFFAOYSA-N,Cc1ccc(CO)cc1,-0.696
JHIVVAPYMSGYDF-UHFFFAOYSA-N,O=C1CCCCC1,-0.073
RBFOFWDEFDASDA-UHFFFAOYSA-N,COC(C)C(C)Cl,-0.637
SNPLKNRPJHDVJA-ZETCQYMHSA-N,CC(C)(CO)[C@@H](O)C(=O)NCCCO,0.021
UWBICEKKOYXZRG-WNHSNXHDSA-N,C[C@]12CCC(=O)C=C1CC[C@@H]1[C@@H]2CC[C@@]2(C)[C@H]1CC[C@@]21CCC(=O)O1,-5.398
UEMLYRZWLVXWRU-UHFFFAOYSA-N,NC(=S)NS(=O)(=O)c1ccc(N)cc1,-2.203
HWSSEYVMGDIFMH-UHFFFAOYSA-N,C=C(C)C(=O)OCCOCCOCCOC(=O)C(=C)C,-1.671
OSSQSXOTMIGBCF-UHFFFAOYSA-N,C#CCCCCCCC,-4.155
PSQWZQGQIUGIRU-UHFFFAOYSA-N,CC(=O)Nc1ccc(OP(=O)(O)O)cc1,-1.192
DLEGDLSLRSOURQ-UHFFFAOYSA-N,C=COCC(F)(F)F,-0.858
NWBJYWHLCVSVIJ-UHFFFAOYSA-N,c1ccc(CNc2ncnc3[nH]cnc23)cc1,-2.5
