key,input,predicted_solubility,Solubility_degree,actual_solubility
IHRACTUONPFMSI-UHFFFAOYSA-N,COC(=O)c1cc(N=NC(C(C)=O)C(=O)Nc2ccc3[nH]c(=O)[nH]c3c2)cc(C(=O)OC)c1,-6.123,Insoluble,-6.3777384512
CPJSUEIXXCENMM-UHFFFAOYSA-N,CCOc1ccc(NC(C)=O)cc1,-2.316,Slightly Soluble,-2.3
JVAZJLFFSJARQM-OZRWLHRGSA-N,CCCCCCOC1O[C@H](CO)[C@@H](O)[C@H](O)[C@H]1O,-0.484,Soluble,-0.6586987459
OQMBBFQZGJFLBU-UHFFFAOYSA-N,CCOc1cc(Oc2ccc(C(F)(F)F)cc2Cl)ccc1[N+](=O)[O-],-6.831,Insoluble,-6.4939
JJCKHVUTVOPLBV-UHFFFAOYSA-N,Cc1cccc(CO)c1,-0.709,Soluble,-0.3879999999999999
LFKDJXLFVYVEFG-UHFFFAOYSA-N,CC(C)(C)OC(N)=O,-0.073,Soluble,0.1
VHGHHZZTMJLTJX-UHFFFAOYSA-N,Clc1ccccc1-c1c(Cl)ccc(Cl)c1Cl,-7.001,Insoluble,-6.3001
UCSIFMPORANABL-UHFFFAOYSA-N,CC(C)CCCC(C)CC=O,-3.053,Slightly Soluble,-3.8064830067
XGDAODQNSVFBGM-UHFFFAOYSA-N,O=C(O)c1cccc2cccc(-c3cccc4cccc(C(=O)O)c34)c12,-6.137,Insoluble,-2.2334403365
SFNPDDSJBGRXLW-UITAMQMPSA-N,CNC(=O)O/N=C(/C)C(C)SC,-1.211,Soluble,-0.7353
UVTNFZQICZKOEM-UHFFFAOYSA-N,CC(C)N(CCC(C(N)=O)(c1ccccc1)c1ccccn1)C(C)C,-3.141,Slightly Soluble,-1.7
RGLYKWWBQGJZGM-UHFFFAOYSA-N,CCC(=C(CC)c1ccc(O)cc1)c1ccc(O)cc1,-4.306,Insoluble,-4.35
DMDRBXCDTZRMHZ-UHFFFAOYSA-N,Cc1cc(C)c(Nc2ccc(Nc3c(C)cc(C)cc3C)c3c2C(=O)c2ccccc2C3=O)c(C)c1,-9.099,Insoluble,-7.8250730454
HOVVFNPKGWZRTE-UHFFFAOYSA-N,Nc1c2ccccc2nc2ccc(F)cc12,-3.991,Slightly Soluble,-2.4
QORAVNMWUNPXAO-UHFFFAOYSA-N,Clc1ccc(-c2ccc(Cl)cc2Cl)c(Cl)c1,-7.085,Insoluble,-6.51
LOVQGUOGVLKMQT-UHFFFAOYSA-N,NC(=O)C1CCCC(C(N)=O)N1,-0.275,Soluble,0.2893
KZVRXPPUJQRGFN-UHFFFAOYSA-N,NC(=O)NCC(=O)O,-0.074,Soluble,-0.5809
YHQRYZGDQCSHFO-UHFFFAOYSA-N,Clc1ccc(Oc2cc(Cl)cc(Cl)c2Cl)cc1,-7.689,Insoluble,-7.14
GQKRUMZWUHSLJF-NTCAYCPXSA-N,CCOP(=S)(OCC)O/N=C(\C#N)c1ccccc1Cl,-5.817,Insoluble,-5.2917
URNBQFPUGNNQRC-UHFFFAOYSA-N,CC(=O)c1cccc(Nc2ccccc2C(=O)O)c1,-3.755,Slightly Soluble,-4.86
MJVAVZPDRWSRRC-UHFFFAOYSA-N,CC1=CC(=O)c2ccccc2C1=O,-2.431,Slightly Soluble,-3.0319
HBZVNWNSRNTWPS-UHFFFAOYSA-N,Nc1ccc2cc(S(=O)(=O)O)cc(O)c2c1,-2.221,Slightly Soluble,-2.8833112394
JRKICGRDRMAZLK-UHFFFAOYSA-N,O=S(=O)(O)OOS(=O)(=O)O,-1.94,Soluble,-0.6537301416
JRKICGRDRMAZLK-UHFFFAOYSA-N,O=S(=O)(O)OOS(=O)(=O)O,-1.94,Soluble,0.5710956732
NQAJBKZEQYYFGK-UHFFFAOYSA-N,CCN(CCOc1ccc(C2CCCCC2)cc1)c1ccc(C=C(C#N)C#N)c(C)c1,-7.389,Insoluble,-8.3860948559
MXXWOMGUGJBKIW-YPCIICBESA-N,O=C(/C=C/C=C/c1ccc2c(c1)OCO2)N1CCCCC1,-3.316,Slightly Soluble,-3.853
JXQNEJRKTHOCGQ-UHFFFAOYSA-N,C=CC=C(C)C=CC=CC,-4.236,Insoluble,-2.09
AQHJGSVRTSBTKR-UHFFFAOYSA-N,O=S(=O)(c1cccc(O)c1)c1ccccc1O,-2.902,Slightly Soluble,-2.29
UMNZZEWMRNSNIH-UHFFFAOYSA-N,O=c1[nH]c(CN2CCCC2)c(Cl)c(=O)[nH]1,-2.327,Slightly Soluble,-1.54
UAFWZTUMPCUHHG-UHFFFAOYSA-N,O=C(O)C(SCCSC(C(=O)O)c1ccccc1)c1ccccc1,-3.919,Slightly Soluble,-3.41
MBYIBRUTNFFDFL-UHFFFAOYSA-N,Cn1c(=O)c2c(nc(-c3ccccc3)n2C)n(C)c1=O,-2.775,Slightly Soluble,-3.31
GPNZSHBQHQEFRS-UHFFFAOYSA-N,CC(C)(C)NC(=O)C1N(C(=O)C(O)C(Cc2ccccc2)NC(=O)COc2ccccc2)CSC1(C)C,-3.959,Slightly Soluble,-3.83
NCZPCONIKBICGS-UHFFFAOYSA-N,CCCCC(CC)COCC(O)CO,-1.226,Soluble,-2.0550171187
CWERGRDVMFNCDR-UHFFFAOYSA-N,O=C(O)CS,0.853,Highly Soluble,-0.3838981351
CWERGRDVMFNCDR-UHFFFAOYSA-N,O=C(O)CS,0.853,Highly Soluble,0.7273991488
OBJOZRVSMLPASY-UHFFFAOYSA-N,O=S(=O)(O)c1cc(O)c2ccc3c(S(=O)(=O)O)cc(S(=O)(=O)O)c4ccc1c2c34,-2.641,Slightly Soluble,-0.242535631
MDPYJIRMYGKJHU-UHFFFAOYSA-N,NCCNc1ccc(S(=O)(=O)c2ccc(N)cc2)cc1,-2.598,Slightly Soluble,-2.35
WIUUIGUJULBTKD-UHFFFAOYSA-N,CCc1nc2nc[nH]c(=O)c2nc1CC,-2.42,Slightly Soluble,-1.9122
RFDAIACWWDREDC-FRVQLJSFSA-N,C[C@H](CCC(=O)NCC(=O)O)[C@H]1CC[C@H]2[C@@H]3[C@H](O)C[C@@H]4C[C@H](O)CC[C@]4(C)[C@H]3C[C@H](O)[C@]12C,-3.707,Slightly Soluble,-5.1495
IXJOSTZEBSTPAG-UHFFFAOYSA-N,CNC(=O)Sc1ccc(OS(C)(=O)=O)cc1,-2.765,Slightly Soluble,-2.7359
WGQKYBSKWIADBV-UHFFFAOYSA-N,NCc1ccccc1,-0.021,Soluble,-1.53
ULQISTXYYBZJSJ-UHFFFAOYSA-N,CCCCCCC(O)CCCCCCCCCCC(=O)O,-5.166,Insoluble,-6.8235536072
DWPCPZJAHOETAG-UHFFFAOYSA-N,NC(CSCC(N)C(=O)O)C(=O)O,-0.203,Soluble,-2.56
RQZAXGRLVPAYTJ-UHFFFAOYSA-N,CC(=O)OC1(C(C)=O)CCC2C3C=C(C)C4=CC(=O)CCC4(C)C3CCC21C,-5.893,Insoluble,-5.35
KVLORZFYGDNPIQ-UHFFFAOYSA-N,O=C1Cc2c(ccc3ccccc23)O1,-3.485,Slightly Soluble,-2.7078
FQFSHLBWRUOCPX-UHFFFAOYSA-N,CCOC(=O)c1c[nH]c(=S)[nH]c1=O,-2.578,Slightly Soluble,-2.0985
CEOILGDNBOGUIQ-UHFFFAOYSA-N,Cn1nc(S(N)(=O)=O)sc1=NS(=O)(=O)Cc1ccccc1,-2.289,Slightly Soluble,-2.48
NLHHRLWOUZZQLW-UHFFFAOYSA-N,C=CC#N,1.161,Highly Soluble,0.1474
FFAQILVGBAELHN-UHFFFAOYSA-N,CCC(C)n1ncn(-c2ccc(N3CCN(c4ccc(O)cc4)CC3)cc2)c1=O,-4.07,Insoluble,-4.8285219564
KLOBVOJCYFKUOI-UHFFFAOYSA-N,Nc1ccc(N=Nc2ccc(NS(=O)(=O)c3ccc(N=Nc4c(S(=O)(=O)O)cc5cc(S(=O)(=O)O)c(N=Nc6ccc([N+](=O)[O-])cc6)c(N)c5c4O)cc3)cc2)c(N)c1,-5.406,Insoluble,-0.5256786207
JYFHYPJRHGVZDY-UHFFFAOYSA-N,CCCCOP(=O)(O)OCCCC,-0.802,Soluble,-1.0872511921
FVJLCPJDDAGIJE-UHFFFAOYSA-N,C[N+](CCO)(CCO)CCO,0.907,Highly Soluble,0.3926664196
HRPVXLWXLXDGHG-UHFFFAOYSA-N,C=CC(N)=O,0.968,Highly Soluble,0.9544
SAIKULLUBZKPDA-UHFFFAOYSA-N,CCCCC(CC)CNCC(CC)CCCC,-4.012,Insoluble,-4.2367225564
SSRGDXQQJKAWKX-UHFFFAOYSA-N,COc1cccc(Nc2ccccc2C(=O)O)c1,-3.626,Slightly Soluble,-4.8
YWAKXRMUMFPDSH-UHFFFAOYSA-N,C=CCCC,-2.099,Slightly Soluble,-2.6756730859
ORTVZLZNOYNASJ-UPHRSURJSA-N,OC/C=C\CO,1.234,Highly Soluble,0.8466851642000001
WOINBLKRRRAPGG-UHFFFAOYSA-N,C=CCSC(CCC(SCC=C)C(=O)O)C(=O)O,-2.671,Slightly Soluble,-2.2
UJVLDDZCTMKXJK-UHFFFAOYSA-N,CC12CCC(=O)C=C1C=CC1C2CCC2(C)C1CCC21CCC(=O)O1,-5.289,Insoluble,-4.1007061575
SEPQTYODOKLVSB-UHFFFAOYSA-N,CC(C)=CC=O,0.358,Highly Soluble,0.1165037469
JFZRRXGXEHUJCI-UHFFFAOYSA-N,COC(=O)C1CC(=O)N(C)C1,-0.17,Soluble,0.804
ATGUVEKSASEFFO-UHFFFAOYSA-N,Nc1ccc(Nc2ccccc2)cc1,-2.522,Slightly Soluble,-2.5631304762
IJCWFDPJFXGQBN-BIFNRIDTSA-N,CCCCCCCCCCCCCCCCCC(=O)OCC(OC(=O)CCCCCCCCCCCCCCCCC)[C@H]1OC[C@@H](O)[C@@H]1OC(=O)CCCCCCCCCCCCCCCCC,-7.7,Insoluble,-7.284910561499999
WMWJCKBJUQDYLM-UHFFFAOYSA-N,Clc1ccc2c(c1)Oc1cc(Cl)ccc1O2,-6.198,Insoluble,-7.1806
RJKFOVLPORLFTN-UHFFFAOYSA-N,CC(=O)C1CCC2C3CCC4=CC(=O)CCC4(C)C3CCC12C,-5.133,Insoluble,-4.43
FNZDMJUSJBQBQL-UHFFFAOYSA-N,CCN(CC)c1cc2[o+]c3cc(N(CC)CC)c(C)cc3c(-c3ccc(S(=O)(=O)[O-])cc3S(=O)(=O)O)c2cc1C,-2.459,Slightly Soluble,-0.8053203897
UPIJOAFHOIWPLT-UHFFFAOYSA-N,COC(=O)c1ccc(C(C)(C)C)cc1,-3.011,Slightly Soluble,-3.7398163758
ZMISODWVFHHWNR-UHFFFAOYSA-N,OC(c1ccccc1)(c1ccccc1)C1CCNCC1,-2.402,Slightly Soluble,-1.39
YCLZBYQDXVJFII-UHFFFAOYSA-N,Brc1cc(Br)c(-c2ccccc2)c(Br)c1,-6.263,Insoluble,-7.3
LJCFRMUKLSCNKV-UHFFFAOYSA-N,COCCN(CCOC)C(=O)COC(=O)c1ccccc1,-1.456,Soluble,-1.57
MTCPZNVSDFCBBE-UHFFFAOYSA-N,Clc1cc(Cl)c(-c2c(Cl)cccc2Cl)c(Cl)c1,-7.941,Insoluble,-7.316
TXLJHCHWQDGXMM-UHFFFAOYSA-N,CC(=O)Nc1cccc(Nc2cc(S(=O)(=O)O)c(N)c3c2C(=O)c2ccccc2C3=O)c1,-4.946,Insoluble,-4.3079108614
CTJMNBROBOZHAP-UHFFFAOYSA-N,NC1CN(c2cc3c(cc2F)c(=O)c(C(=O)O)cn3C2CC2)C1,-2.961,Slightly Soluble,-5.32
OHYNEUHOSWPWLZ-UHFFFAOYSA-N,C=CCCC(=O)C1CCCC(C)(C)C1,-3.652,Slightly Soluble,-4.7793105096
GGCSSNBKKAUURC-UHFFFAOYSA-N,CCC(=O)N(c1ccccc1)C1(COC)CCN(CCc2cccs2)CC1,-4.206,Insoluble,-3.7064
QPQKUYVSJWQSDY-UHFFFAOYSA-N,Nc1ccc(N=Nc2ccccc2)cc1,-3.227,Slightly Soluble,-3.7597030757
LXEJRKJRKIFVNY-UHFFFAOYSA-N,O=C(Cl)c1ccc(C(=O)Cl)cc1,-2.945,Slightly Soluble,-4.0287937791
RSLYDUZZJLDOKH-UHFFFAOYSA-N,Nc1c(S(=O)(=O)O)ccc2ncccc12,-2.074,Slightly Soluble,-2.5
DHZBEENLJMYSHQ-UHFFFAOYSA-N,CC12C(=O)OC(=O)C1(C)C1CCC2O1,-1.127,Soluble,-3.82
CTLJHLYIILERNX-UHFFFAOYSA-N,NS(=O)(=O)c1nnc(NS(=O)(=O)c2ccccc2[N+](=O)[O-])s1,-2.212,Slightly Soluble,-1.82
LRTFPLFDLJYEKT-UHFFFAOYSA-N,CC(C)c1ccc(N)cc1,-1.501,Soluble,-1.7858311962
FALCMQXTWHPRIH-UHFFFAOYSA-N,C=C(Cl)CCl,-1.37,Soluble,-1.7128
WIKYUJGCLQQFNW-UHFFFAOYSA-N,CN1CCN(CCCN2c3ccccc3Sc3ccc(Cl)cc32)CC1,-3.635,Slightly Soluble,-4.3979
XBQBUJRJLAOQHD-UHFFFAOYSA-N,COC(=O)C1(S(=O)(=O)c2ccc(C)cc2)CCCCC1,-3.717,Slightly Soluble,-4.61
UGFAIRIUMAVXCW-UHFFFAOYSA-N,[C-]#[O+],1.41,Highly Soluble,-2.9287991689
KVTFEOAKFFQCCX-UHFFFAOYSA-N,CCCCCCCCCCCCCCCC(=O)NCC(=O)O,-4.609,Insoluble,-5.593122621900001
GWYFCOCPABKNJV-UHFFFAOYSA-N,CC(C)CC(=O)O,0.085,Highly Soluble,-0.3279248515
RDYMFSUJUZBWLH-GDSHQCHSSA-N,[O-][S+]1OC[C@@H]2[C@H](CO1)C1(Cl)C(Cl)=C(Cl)[C@@]2(Cl)C1(Cl)Cl,-5.336,Insoluble,-5.9019
YCPMGOBLONVZFZ-UHFFFAOYSA-N,CCCC(=O)OCOC(=O)c1cn(CC)c2nc(C)ccc2c1=O,-3.775,Slightly Soluble,-2.95
QWCKQJZIFLGMSD-UHFFFAOYSA-N,CCC(N)C(=O)O,0.714,Highly Soluble,0.2868
IPDKSGJFMBIZJI-UHFFFAOYSA-N,Nc1ccc(S(=O)(=O)Nc2ncc3c(n2)CCCC3)cc1,-3.688,Slightly Soluble,-3.65
TWDJIKFUVRYBJF-UHFFFAOYSA-N,CCOP(=O)(OCC)SCC(=O)NC(C)(C)C#N,-1.566,Soluble,-0.6237
HQYMUNCIMNFLDT-UHFFFAOYSA-N,NC(=O)CNC(=O)OCc1ccccc1,-1.566,Soluble,-1.88
ZZXDRXVIRVJQBT-UHFFFAOYSA-N,Cc1cccc(S(=O)(=O)O)c1C,-1.306,Soluble,0.7779988658
YLWQQYRYYZPZLJ-UHFFFAOYSA-N,CCCCCCC(O)CCCCCCCCCCC(=O)NCCNC(=O)CCCCCCCCCCC(O)CCCCCC,-6.584,Insoluble,-6.7352071916
RHIROFAGUQOFLU-UHFFFAOYSA-N,Clc1c(Cl)c(Cl)c2c(oc3c(Cl)c(Cl)c(Cl)c(Cl)c32)c1Cl,-10.284,Insoluble,-11.5827
NDNUANOUGZGEPO-QMMMGPOBSA-N,CCC[C@H]1CCCCN1,-0.689,Soluble,-0.8493
ATIMVMORQPKRPC-UHFFFAOYSA-N,Clc1ccc(Oc2ccc(Cl)c(Cl)c2Cl)c(Cl)c1Cl,-9.131,Insoluble,-8.14
DTGKSKDOIYIVQL-UHFFFAOYSA-N,CC1(C)C2CCC1(C)C(O)C2,-1.544,Soluble,-2.3202
NZNPHIKNHGRVLZ-UHFFFAOYSA-N,CC(C)(C)NC(=O)COC(=O)c1ccccc1,-2.466,Slightly Soluble,-2.8665
DNXHEGUUPJUMQT-UHFFFAOYSA-N,CC12CCC3c4ccc(O)cc4CCC3C1CCC2=O,-4.824,Insoluble,-5.11
QSNYNWOQOIJCFV-UHFFFAOYSA-N,CNC1CN(c2c(F)cc3c(=O)c(C(=O)O)cn(C4CC4)c3c2F)C1,-3.234,Slightly Soluble,-5.31
ZWLPBLYKEWSWPD-UHFFFAOYSA-N,Cc1ccccc1C(=O)O,-1.297,Soluble,-2.0621
CIWBQSYVNNPZIQ-UHFFFAOYSA-N,CCC(=O)OCC(=O)C1(OC(=O)CC)C(C)CC2C3CCC4=CC(=O)C=CC4(C)C3(F)C(O)CC21C,-5.849,Insoluble,-3.77
MJTPMXWJHPOWGH-UHFFFAOYSA-N,CC(C)C(=O)OCCOc1ccccc1,-2.508,Slightly Soluble,-3.0263435366
GTCAXTIRRLKXRU-UHFFFAOYSA-N,COC(N)=O,0.523,Highly Soluble,0.964
SOYBSGQXDYYMDH-UHFFFAOYSA-N,COCCOCCCn1c(=O)c2c(N)c3c(=O)c4ccccc4c(=O)c3c(N)c2c1=O,-5.21,Insoluble,-8.2650486602
YLAYOOJLJKJGCF-UHFFFAOYSA-N,Clc1ccc(Oc2c(Cl)c(Cl)cc(Cl)c2Cl)cc1Cl,-9.202,Insoluble,-8.3
ZURZPPULRFXVLF-UHFFFAOYSA-N,CC(O)C(C)C=O,0.625,Highly Soluble,-0.4906
CATSNJVOTSVZJV-UHFFFAOYSA-N,CCCCCC(C)=O,-1.068,Soluble,-1.4333383705
ZRRFZADKYTXPJU-UHFFFAOYSA-N,COC(C)C(NC(=O)c1ccccc1)C(=O)O,-1.606,Soluble,-1.74
LAUBAKJLUNBTEP-UHFFFAOYSA-N,CCCCCCOC(=O)n1cc(F)c(=O)[nH]c1=O,-2.907,Slightly Soluble,-2.24
QZYNWJQFTJXIRN-UHFFFAOYSA-N,Clc1cc(Cl)c(Cl)c(Cl)c1,-4.849,Insoluble,-4.68
JRLUWLIIVKSPPT-UHFFFAOYSA-N,CCNc1c([N+](=O)[O-])cc([N+](=O)[O-])cc1[N+](=O)[O-],-3.449,Slightly Soluble,-3.4085
YTHJCZRFJGXPTL-UHFFFAOYSA-N,O=Cc1ccc(O)c([N+](=O)[O-])c1,-2.185,Slightly Soluble,-2.9512
FLKHVLRENDBIDB-UHFFFAOYSA-N,C=CC(=O)OCCOC(=O)NCCCC,-1.445,Soluble,-1.6348405969
UQIKOYWGLUXMNE-UHFFFAOYSA-N,COC(=O)C1CCCN1C(=O)COC(=O)c1ccccc1,-2.29,Slightly Soluble,-2.08
NDRKXFLZSRHAJE-UHFFFAOYSA-N,Brc1ccc(-c2c(Br)c(Br)c(Br)c(Br)c2Br)c(Br)c1Br,-9.771,Insoluble,-9.351
BIIVYFLTOXDAOV-UHFFFAOYSA-N,CN1CCC(c2c(O)cc(O)c3c(=O)cc(-c4ccccc4Cl)oc23)C(O)C1,-4.153,Insoluble,-4.26
ZXQYGBMAQZUVMI-UHFFFAOYSA-N,CC1(C)C(C=C(Cl)C(F)(F)F)C1C(=O)OC(C#N)c1cccc(Oc2ccccc2)c1,-7.87,Insoluble,-8.176
OVTBMKVBBHTERH-UHFFFAOYSA-N,COc1cc(Br)c2c(c1OC)C(=O)OC2,-3.096,Slightly Soluble,-3.9311
HXXFSFRBOHSIMQ-UHFFFAOYSA-N,O=P(O)(O)OC1OC(CO)C(O)C(O)C1O,-0.035,Soluble,0.5848
UIIIBRHUICCMAI-UHFFFAOYSA-N,C=CCS(=O)(=O)O,0.6,Highly Soluble,0.6949528649
WZJZMXBKUWKXTQ-UHFFFAOYSA-N,CCOC(=O)Nc1cccc(OC(=O)Nc2ccccc2)c1,-4.745,Insoluble,-4.52
YVSCOIUNVKGTND-UHFFFAOYSA-N,C1COC2(C1)CCCO2,-0.229,Soluble,-0.1078
HBAIZGPCSAAFSU-UHFFFAOYSA-N,O=C1NCCN1CCO,0.237,Highly Soluble,0.8776773261
VQTUBCCKSQIDNK-UHFFFAOYSA-N,C=C(C)C,-0.827,Soluble,-2.3290690398
HUWXDEQWWKGHRV-UHFFFAOYSA-N,Nc1ccc(-c2ccc(N)c(Cl)c2)cc1Cl,-3.678,Slightly Soluble,-4.912
AWJUIBRHMBBTKR-UHFFFAOYSA-N,c1ccc2cnccc2c1,-1.373,Soluble,-1.456
BUZKILZDXOORCH-UHFFFAOYSA-N,CCc1nc2nc(N)nc(N)c2nc1CC,-2.608,Slightly Soluble,-3.2671
WPYSJFXXQNITBC-UHFFFAOYSA-N,S=C=Nc1ccc(-c2ccccc2)cc1,-5.386,Insoluble,-4.85
MOUVJGIRLPZEES-UHFFFAOYSA-N,COc1cc(NC(=O)CC(C)=O)c(OC)cc1Cl,-3.624,Slightly Soluble,-2.9792447784
WRLAXUYIDLSRHV-UHFFFAOYSA-N,NC(=O)CCNCCO,0.585,Highly Soluble,-0.1211098882
IZNWACYOILBFEG-UHFFFAOYSA-N,Cc1ccc2ccccc2c1[N+](=O)[O-],-3.755,Slightly Soluble,-4.27
NWINIEGDLHHNLH-UHFFFAOYSA-N,Cc1cc(=O)c2ccccc2[nH]1,-2.725,Slightly Soluble,-1.2019
VBVXPLDOYIOZGP-UHFFFAOYSA-N,CC(O)C1C(=O)N2C(C(=O)O)=C(SCC(=N)N(C)C)C(C)C12,-1.551,Soluble,-0.28
RONFGUROBZGJKP-UHFFFAOYSA-N,NC(N)=NCCCCCCCCNCCCCCCCCN=C(N)N,-2.299,Slightly Soluble,0.3322
JCLHQFUTFHUXNN-UHFFFAOYSA-N,CCOC(=O)C(c1c(O)c2ccccc2oc1=O)c1c(O)c2ccccc2oc1=O,-6.014,Insoluble,-3.66
QPJVMBTYPHYUOC-UHFFFAOYSA-N,COC(=O)c1ccccc1,-1.304,Soluble,-1.8117983509
HNDVDQJCIGZPNO-UHFFFAOYSA-N,NC(Cc1cnc[nH]1)C(=O)O,-0.389,Soluble,-0.5314
AQYMRQUYPFCXDM-UHFFFAOYSA-N,COc1ccccc1NC(=O)c1cc2ccccc2cc1O,-5.523,Insoluble,-5.1765101856
DBCUYSCFFFBUJG-UHFFFAOYSA-N,CC(C)OC(=O)CS(=O)(=O)c1ccc(Cl)cc1,-3.522,Slightly Soluble,-2.41
ISXSCDLOGDJUNJ-UHFFFAOYSA-N,C=CC(=O)OC(C)(C)C,-1.1,Soluble,-1.8045937153
IPVTTYAHKXZGCQ-ZBJSNUHESA-N,O=C1C(S(=O)(=O)O)=Cc2cc(S(=O)(=O)O)ccc2/C1=N\Nc1ccc(S(=O)(=O)O)c2ccccc12,-3.281,Slightly Soluble,-1.0824140873
QTNAUUGQZYCWGQ-UHFFFAOYSA-N,Cn1c(=O)cc2c3c(c(Br)ccc31)C(=O)c1ccccc1-2,-6.038,Insoluble,-6.6804453214
FQLZTPSAVDHUKS-UHFFFAOYSA-N,Cc1ccc(N2C(=O)c3cccc4c(N)ccc(c34)C2=O)c(C)c1,-6.243,Insoluble,-4.8916555333
XEFMFJLRXHQLEM-UHFFFAOYSA-N,Brc1ccc(Br)c(-c2cc(Br)ccc2Br)c1,-7.267,Insoluble,-8.06
WRZOMWDJOLIVQP-UHFFFAOYSA-N,Cc1ccc(Cl)cc1N,-1.691,Soluble,-2.0718850743
PXMJCECEFTYEKE-UHFFFAOYSA-N,COC(=O)CCc1cc(C(C)(C)C)c(O)c(C(C)(C)C)c1,-5.337,Insoluble,-5.1235829068
IOOIOUOLXVONAC-UHFFFAOYSA-N,COS(=O)(=O)c1ccc(C(=O)O)cc1,-1.917,Soluble,-3.05
LFFIEVAMVPCZNA-UHFFFAOYSA-N,N#Cc1ccccc1-c1ccc(CBr)cc1,-4.713,Insoluble,-6.6566491092
BIQOEDQVNIYWPQ-UHFFFAOYSA-N,Cc1cccc(C)c1N(COCC(C)C)C(=O)CCl,-4.223,Insoluble,-3.6822
RWXKUYSKUSXRGL-UHFFFAOYSA-N,CCN(CC)C(=O)C(Cl)=CCOP(=O)(OC)OC,-1.077,Soluble,0.523
IWYYIZOHWPCALJ-UHFFFAOYSA-N,Cc1cc[n+]([O-])cc1,0.13,Highly Soluble,0.9621
WRASRGBFGDJYNN-UHFFFAOYSA-N,Cc1ccc(NS(=O)(=O)c2cc(NNC3=C4C(=O)C=C(S(=O)(=O)O)C=C4C=CC3=N)ccc2Cl)c(C)c1,-5.167,Insoluble,-0.6308713175
JJYPMNFTHPTTDI-UHFFFAOYSA-N,Cc1cccc(N)c1,-0.731,Soluble,-0.9508352475
HNURKXXMYARGAY-UHFFFAOYSA-N,CC(C)(C)c1cc(CO)cc(C(C)(C)C)c1O,-3.031,Slightly Soluble,-4.0127821042
QUKHPBOCBWDYMW-UHFFFAOYSA-N,CC(C)COC(=O)C1CCCCC1C(=O)OCC(C)C,-4.437,Insoluble,-4.1912351395
IAVREABSGIHHMO-UHFFFAOYSA-N,O=Cc1cccc(O)c1,-1.078,Soluble,-1.23
PIVQQUNOTICCSA-UHFFFAOYSA-N,NC(=S)Nc1cccc2ccccc12,-3.367,Slightly Soluble,-2.5278
HOZRMSVNIKYCMB-UHFFFAOYSA-N,COc1ccc(OC)c(NC(C)=O)c1,-2.228,Slightly Soluble,-1.5915498548
GWSQAGVGSHXRJK-UHFFFAOYSA-N,CNS(=O)(=O)c1cc(OC)c(N)cc1C,-2.086,Slightly Soluble,-2.5769433589
ZTILAOCGFRDHBH-UHFFFAOYSA-N,CC(C)Oc1ccc(S(=O)(=O)c2ccc(O)cc2)cc1,-3.865,Slightly Soluble,-4.1714457851
YIKYNHJUKRTCJL-UHFFFAOYSA-N,CCc1occc(=O)c1O,-1.181,Soluble,-1.1759580204
XYPACLZTPMHPLB-UHFFFAOYSA-N,Cc1ccc2c([N+](=O)[O-])ccc(O)c2n1,-3.288,Slightly Soluble,-3.9598
GAWKHTAHYFTCHE-UHFFFAOYSA-N,Nc1c2ccccc2nc2cccc(C(F)(F)F)c12,-4.718,Insoluble,-2.48
LRQKBLKVPFOOQJ-YFKPBYRVSA-N,CCCC[C@H](N)C(=O)O,0.011,Highly Soluble,-1.0387
RGHQKFQZGLKBCF-UHFFFAOYSA-N,CC(=O)OCCBr,-0.27,Soluble,-0.6737
LDCFNNYCIXKMNJ-UHFFFAOYSA-N,CC(O)CN(CC(C)O)C(=O)COC(=O)c1ccccc1,-1.424,Soluble,-1.18
BTQMNEKPMOZIDW-UHFFFAOYSA-N,CC(C)CC(CC(C)C)(CC(C)C)C(=O)NO,-3.968,Slightly Soluble,-4.0
IMYCVFRTNVMHAD-UHFFFAOYSA-N,CCC(C)(C)OOC1(OOC(C)(C)CC)CCCCC1,-5.125,Insoluble,-5.4600374185
UPHOPMSGKZNELG-UHFFFAOYSA-N,O=C(O)c1c(O)ccc2ccccc12,-2.625,Slightly Soluble,-3.1284
RUDATBOHQWOJDD-BSWAIDMHSA-N,C[C@H](CCC(=O)O)[C@H]1CC[C@H]2[C@@H]3[C@H](O)C[C@@H]4C[C@H](O)CC[C@]4(C)[C@H]3CC[C@]12C,-4.869,Insoluble,-3.6402
DXBHBZVCASKNBY-UHFFFAOYSA-N,c1ccc2cc3c(ccc4ccccc43)cc2c1,-6.392,Insoluble,-7.3854
UDPHJTAYHSSOQB-UHFFFAOYSA-N,ClCC(Cl)(Cl)CCl,-2.434,Slightly Soluble,-2.5785
NLBSQHGCGGFVJW-UHFFFAOYSA-N,O=C(O)CCP(=O)(O)O,0.579,Highly Soluble,0.5007
KNVQTRVKSOEHPU-UHFFFAOYSA-N,CC(=O)Nc1ccccc1Cl,-2.477,Slightly Soluble,-1.4001
CWERGRDVMFNCDR-UHFFFAOYSA-N,O=C(O)CS,0.853,Highly Soluble,-0.3838981351
CWERGRDVMFNCDR-UHFFFAOYSA-N,O=C(O)CS,0.853,Highly Soluble,0.7273991488
YICSVBJRVMLQNS-UHFFFAOYSA-N,CCCCOP(=O)(OCCCC)Oc1ccccc1,-2.93,Slightly Soluble,-3.4746
YYHQXKBKFKTDMP-UHFFFAOYSA-N,CC(Cl)C(C)(C)O,-0.3,Soluble,-0.2926
RPNUMPOLZDHAAY-UHFFFAOYSA-N,NCCNCCN,1.386,Highly Soluble,-4.4100874366000005
GATVIKZLVQHOMN-UHFFFAOYSA-N,ClC(Br)Br,-0.892,Soluble,-1.9
ANTSCNMPPGJYLG-UHFFFAOYSA-N,CNC1=Nc2ccc(Cl)cc2C(c2ccccc2)=[N+]([O-])C1,-3.612,Slightly Soluble,-4.48
FNYQALWNSAGHJV-UHFFFAOYSA-N,CC1N(c2c(F)cc3c(=O)c(C(=O)O)cn(C4CC4)c3c2F)CC1(C)N,-3.527,Slightly Soluble,-5.04
WXDXQSMFRITTEJ-UHFFFAOYSA-N,C=CCN(CC=C)c1cc(NC(C)=O)c(N=Nc2c(Br)cc([N+](=O)[O-])cc2[N+](=O)[O-])cc1OC,-7.666,Insoluble,-7.0093328393
KMBPCQSCMCEPMU-UHFFFAOYSA-N,CN(CCCN)CCCN,0.759,Highly Soluble,0.8378838589000001
PBGKNXWGYQPUJK-UHFFFAOYSA-N,Nc1ccc(Cl)cc1[N+](=O)[O-],-2.561,Slightly Soluble,-2.5380000000000003
QTSBFJRVBUIZJC-UHFFFAOYSA-N,COCC1COc2cc3ncnc(Nc4cccc(I)c4)c3cc2O1,-5.28,Insoluble,-3.52
UPQWMVAELITTGQ-UHFFFAOYSA-N,CCCC(=O)OCN1C(=O)NC(c2ccccc2)(c2ccccc2)C1=O,-4.69,Insoluble,-4.68
DMQQXDPCRUGSQB-UHFFFAOYSA-N,O=C(O)CN(CCCN(CC(=O)O)CC(=O)O)CC(=O)O,-0.353,Soluble,-1.4690725372
UFWIBTONFRDIAS-UHFFFAOYSA-N,c1ccc2ccccc2c1,-2.848,Slightly Soluble,-4.3112256046
PRLMFHYBTOQSLN-UHFFFAOYSA-N,CSc1nc(N(C)C)nc(N(C)C)n1,-1.279,Soluble,-2.676
QTANTQQOYSUMLC-UHFFFAOYSA-O,CC[n+]1c(-c2ccccc2)c2cc(N)ccc2c2ccc(N)cc21,-4.589,Insoluble,-1.2948
DHLVZXZRIZBPKG-UHFFFAOYSA-N,Clc1ccc(Oc2ccc(Cl)c(Cl)c2)cc1Cl,-7.692,Insoluble,-6.98
FBMQNRKSAWNXBT-UHFFFAOYSA-N,Nc1ccc(N)c2c1C(=O)c1ccccc1C2=O,-4.43,Insoluble,-5.859
FMGSKLZLMKYGDP-USOAJAOKSA-N,C[C@]12CC[C@H](O)CC1=CC[C@@H]1[C@@H]2CC[C@]2(C)C(=O)CC[C@@H]12,-4.137,Insoluble,-4.122
ZAVXXOXJXNKOFP-UHFFFAOYSA-N,Nc1cccc(S(=O)(=O)Nc2nnc(S(N)(=O)=O)s2)c1,-2.377,Slightly Soluble,-1.54
RQXTZKGDMNIWJF-UHFFFAOYSA-N,CCC(C)C1CCCCC1=O,-2.193,Slightly Soluble,-2.427057806
ULDHMXUKGWMISQ-VIFPVBQESA-N,C=C(C)[C@H]1CC=C(C)C(=O)C1,-1.685,Soluble,-1.9026536597
VHXBNOUUDLLFER-UHFFFAOYSA-N,CCOC1=CC(=O)CC(C)C12Oc1c(Cl)c(OC)cc(OC)c1C2=O,-5.26,Insoluble,-5.0
NRFNHVNHUCNPFW-UHFFFAOYSA-N,Cn1cnc2[nH]c(=O)nc(NCCO)c21,-1.309,Soluble,0.08
WGTDLPBPQKAPMN-KTKRTIGZSA-N,CCCCCCCC/C=C\CCCCCCCC1=NCCN1CCO,-5.007,Insoluble,-3.8458307588
SFSXNVBMAODLGN-UHFFFAOYSA-N,CCc1cccc(C)n1,-1.504,Soluble,-0.8234
YRNDGUSDBCARGC-UHFFFAOYSA-N,COCC(=O)c1ccccc1,-1.35,Soluble,-0.7616
YUTFQTAITWWGFH-UHFFFAOYSA-N,CC(=O)c1cc2ccccc2o1,-2.281,Slightly Soluble,-2.5484883965000003
SJDWIIRQOOJASM-XMHGGMMESA-N,Nc1ccc(N/N=C2\C=Cc3c(cccc3S(=O)(=O)O)C2=O)cc1,-3.774,Slightly Soluble,-1.2915600389
FKRCODPIKNYEAC-UHFFFAOYSA-N,CCOC(=O)CC,-0.017,Soluble,-0.66
PCCSBWNGDMYFCW-UHFFFAOYSA-N,CC1(c2ccc(Oc3ccccc3)cc2)OC(=O)N(Nc2ccccc2)C1=O,-6.741,Insoluble,-6.8573
MEEGGHJZTZFSBQ-UHFFFAOYSA-N,COC1=CCC2=C(CCC3C2CCC2(C)C3CCC2(O)C#N)C1,-4.793,Insoluble,-5.6832424476
WDCCXADRWCXXOR-UHFFFAOYSA-N,C=CC(C)C(=O)OCC,-1.104,Soluble,-1.5763108556999998
OEDGRBFONRSXRX-UHFFFAOYSA-N,CCCCCCCCCCCNC(=O)c1cccnc1,-3.822,Slightly Soluble,-3.0266
GXAMYUGOODKVRM-UHFFFAOYSA-N,O=C(O)C1(O)c2ccccc2-c2ccccc21,-2.916,Slightly Soluble,-1.9657
AKUJBENLRBOFTD-RPRRAYFGSA-N,CC(=O)OCC(=O)[C@@]1(O)[C@H](C)C[C@H]2[C@@H]3CCC4=CC(=O)C=C[C@]4(C)[C@@]3(F)[C@@H](O)C[C@@]21C,-4.472,Insoluble,-4.9
XXJWXESWEXIICW-UHFFFAOYSA-N,CCOCCOCCO,0.725,Highly Soluble,0.8723
HUPFGZXOMWLGNK-UHFFFAOYSA-N,O=C(O)c1cc(-c2ccc(F)cc2F)ccc1O,-3.897,Slightly Soluble,-4.61
MTCFGRXMJLQNBG-UHFFFAOYSA-N,NC(CO)C(=O)O,0.356,Highly Soluble,-0.02
KZTYYGOKRVBIMI-UHFFFAOYSA-N,O=S(=O)(c1ccccc1)c1ccccc1,-3.048,Slightly Soluble,-4.1928799405
BKCCAYLNRIRKDJ-UHFFFAOYSA-N,c1ccc(C2=NCCN2)cc1,-1.188,Soluble,-1.1265180752
IWCYXDKDGNKCFU-OWOJBTEDSA-N,O=S(=O)(O)c1ccc(S(=O)(=O)O)c(Nc2nc(Nc3ccc(/C=C/c4ccc(Nc5nc(Nc6cc(S(=O)(=O)O)ccc6S(=O)(=O)O)nc(N(CCO)CCO)n5)cc4S(=O)(=O)O)c(S(=O)(=O)O)c3)nc(N(CCO)CCO)n2)c1,-2.875,Slightly Soluble,-0.6924056004000001
WNUUEQSIAHJIGU-BUHFOSPRSA-N,CN(CCO)c1nc(Nc2ccccc2)nc(Nc2ccc(/C=C/c3ccc(Nc4nc(Nc5ccccc5)nc(N(C)CCO)n4)cc3S(=O)(=O)O)c(S(=O)(=O)O)c2)n1,-4.731,Insoluble,-3.0693211517
LELOWRISYMNNSU-UHFFFAOYSA-N,C#N,1.652,Highly Soluble,1.5682
YTJJPFRVBNFIBN-UHFFFAOYSA-N,CC(=O)Nc1ccc(S(=O)(=O)NC(C)=O)cc1,-2.518,Slightly Soluble,-2.78
IOQZSOCPFYNJIG-UHFFFAOYSA-N,Nc1c2ccccc2nc2cccc([N+](=O)[O-])c12,-4.556,Insoluble,-1.84
YNPNZTXNASCQKK-UHFFFAOYSA-N,c1ccc2c(c1)ccc1ccccc12,-4.613,Insoluble,-5.1903
CJNZAXGUTKBIHP-UHFFFAOYSA-N,O=C(O)c1ccccc1I,-1.84,Soluble,-2.7308
MWZGHIGOSHTXGY-UHFFFAOYSA-N,O=c1[nH]c(-c2ccccc2)ncc1Br,-3.524,Slightly Soluble,-3.4792
ODQWQRRAPPTVAG-GZTJUZNOSA-N,CN(C)CC/C=C1\c2ccccc2COc2ccccc21,-3.655,Slightly Soluble,-3.9469
LSXKDWGTSHCFPP-UHFFFAOYSA-N,CCCCCCCBr,-3.635,Slightly Soluble,-4.431
XBGGUPMXALFZOT-UHFFFAOYSA-N,NCC(=O)NC(Cc1ccc(O)cc1)C(=O)O,-1.317,Soluble,-0.73
PRUGQYWGIVNHEM-UHFFFAOYSA-N,O=c1ncc2[nH]c(=O)[nH]c2[nH]1,-2.956,Slightly Soluble,-3.6
UHZUKUTVMBPNLC-UHFFFAOYSA-N,O=C(NO)c1ccccc1N=Cc1ccccn1,-2.748,Slightly Soluble,-3.21
DMLHJLWUADABON-UHFFFAOYSA-N,CCCCCCCCC(=O)N(C)C,-2.212,Slightly Soluble,-2.1440495587
JGGWNGRBXJWAOC-HKJPBSJPSA-N,COc1cc([C@@H]2c3cc4c(c(O)c3C[C@H]3COC(=O)[C@@H]32)OCO4)cc(OC)c1O,-5.302,Insoluble,-4.1254
GCHPUFAZSONQIV-UHFFFAOYSA-N,CCC(C)(N)C(=O)O,0.375,Highly Soluble,0.38
ZDXPYRJPNDTMRX-VKHMYHEASA-N,NC(=O)CC[C@H](N)C(=O)O,0.197,Highly Soluble,-0.5483114193999999
HTQNYBBTZSBWKL-UHFFFAOYSA-N,O=C(c1ccccc1)c1ccc(O)c(O)c1O,-3.169,Slightly Soluble,-3.3451078238
MOEFFSWKSMRFRQ-UHFFFAOYSA-N,CCOc1ccccc1O,-1.413,Soluble,-1.1714515037
LECKQPWCSYMCDR-UHFFFAOYSA-N,COc1ccc(CCC#N)cc1OC,-2.746,Slightly Soluble,-1.9013447833
DJPZSBANTAQNFN-UHFFFAOYSA-N,CC(=O)OC1CCC2C3CCC4=CC(=O)CCC4(C)C3CCC12C,-5.715,Insoluble,-5.184
SHSGYHAHMQLYRB-UHFFFAOYSA-N,CCCC(=O)OC(C)(C)Cc1ccccc1,-3.84,Slightly Soluble,-4.1359426126
WHGYBXFWUBPSRW-UHFFFAOYSA-N,OCC1OC2OC3C(CO)OC(OC4C(CO)OC(OC5C(CO)OC(OC6C(CO)OC(OC7C(CO)OC(OC8C(CO)OC(OC1C(O)C2O)C(O)C8O)C(O)C7O)C(O)C6O)C(O)C5O)C(O)C4O)C(O)C3O,-0.678,Soluble,-1.84
GWHJZXXIDMPWGX-UHFFFAOYSA-N,Cc1ccc(C)c(C)c1,-2.901,Slightly Soluble,-3.31
XFNJYAKDBJUJAJ-UHFFFAOYSA-N,CC(Br)CBr,-1.536,Soluble,-2.1498
AXDLCFOOGCNDST-VIFPVBQESA-N,CN[C@@H](Cc1ccc(O)cc1)C(=O)O,-1.176,Soluble,-2.1325
LTMRJPIOLKBUKZ-UHFFFAOYSA-N,CCCN1Cn2c(nc3ccccc3c2=O)C1C,-2.475,Slightly Soluble,-2.67
KEMCLRGAIUJRAN-UHFFFAOYSA-N,C=CC(=O)OCCN(C)S(=O)(=O)C(F)(F)C(F)(F)C(F)(F)C(F)(F)F,-4.259,Insoluble,-5.3087460931
ZUAGUFSITPHNKC-UHFFFAOYSA-N,c1ccc2c(c1)-c1cccc3cc4c(ccc5ccccc54)c-2c13,-8.188,Insoluble,-8.4806
HNYOPLTXPVRDBG-UHFFFAOYSA-N,O=C1CC(=O)NC(=O)N1,-0.5,Soluble,-1.0486616392
SGDBTWWWUNNDEQ-UHFFFAOYSA-N,NC(Cc1ccc(N(CCCl)CCCl)cc1)C(=O)O,-2.459,Slightly Soluble,-3.49
CVYZVNVPQRKDLW-UHFFFAOYSA-N,COc1ccc([N+](=O)[O-])cc1[N+](=O)[O-],-2.905,Slightly Soluble,-3.107
LRHPLDYGYMQRHN-UHFFFAOYSA-N,CCCCO,0.933,Highly Soluble,-0.0504090528
OYYZSRVQTPSXRG-UHFFFAOYSA-N,Cc1c(Nc2nc(Cl)nc(Nc3cccc(S(=O)(=O)O)c3)n2)c(C)c(S(=O)(=O)O)c(C)c1Nc1cc(S(=O)(=O)O)c(N)c2c1C(=O)c1ccccc1C2=O,-5.252,Insoluble,-0.4244279852
ADRYPAGQXFMVFP-UHFFFAOYSA-N,Clc1cccc2cccc(Cl)c12,-4.602,Insoluble,-5.7963
BJQHLKABXJIVAM-UHFFFAOYSA-N,CCCCC(CC)COC(=O)c1ccccc1C(=O)OCC(CC)CCCC,-7.076,Insoluble,-6.9789083532000005
ZESRJSPZRDMNHY-UHFFFAOYSA-N,CC12CCC(=O)C=C1CCC1C2CCC2(C)C(C(=O)CO)CCC12,-4.352,Insoluble,-3.75
ICLCCFKUSALICQ-UHFFFAOYSA-N,Cc1cc(-c2ccc(N=C=O)c(C)c2)ccc1N=C=O,-5.227,Insoluble,-2.308127519
AFJWMGOTLUUGHF-UHFFFAOYSA-N,O=C1NC(=O)C2=C1CCCC2,-1.078,Soluble,-1.974517726
AHDSRXYHVZECER-UHFFFAOYSA-N,CN(C)Cc1cc(CN(C)C)c(O)c(CN(C)C)c1,-0.875,Soluble,0.5055163708
DLFVBJFMPXGRIB-UHFFFAOYSA-N,CC(N)=O,1.244,Highly Soluble,1.5808
XKNUVBQTZXGYHL-UHFFFAOYSA-N,O=C(Nc1ccc2c(O)c(N=Nc3ccccc3)c(S(=O)(=O)O)cc2c1)Nc1ccc2c(O)c(N=Nc3ccccc3)c(S(=O)(=O)O)cc2c1,-6.352,Insoluble,-1.8872466915
JLYXXMFPNIAWKQ-UHFFFAOYSA-N,ClC1C(Cl)C(Cl)C(Cl)C(Cl)C1Cl,-4.001,Insoluble,-4.64
OVRWUZYZECPJOB-UHFFFAOYSA-N,NCC(F)F,1.123,Highly Soluble,0.5225303771
PNMUAGGSDZXTHX-BYPYZUCNSA-N,NCC(=O)N[C@@H](CCC(N)=O)C(=O)O,-0.268,Soluble,-0.194310278
SFTBUGPDOJDENF-UHFFFAOYSA-N,Clc1cc(Cl)c(Cl)c(Oc2cc(Cl)c(Cl)cc2Cl)c1,-9.286,Insoluble,-8.41
SFPQFQUXAJOWNF-UHFFFAOYSA-N,Ic1cccc(I)c1,-3.341,Slightly Soluble,-4.518
LKVFCSWBKOVHAH-UHFFFAOYSA-N,CCOc1ccc(O)cc1,-1.468,Soluble,-1.29
VFGRNTYELNYSKJ-UHFFFAOYSA-N,Cn1c(N)cc(=O)n(C)c1=O,-0.904,Soluble,-1.4535787311
DDUIUBPJPOKOMV-UHFFFAOYSA-N,COCCCNc1nc(NC(C)C)nc(SC)n1,-3.003,Slightly Soluble,-2.9284
ATCRIUVQKHMXSH-UHFFFAOYSA-N,O=C(O)c1ccc(Cl)cc1Cl,-2.581,Slightly Soluble,-2.6003
CWLZDZVLPBXMKF-UHFFFAOYSA-N,CS(=O)(=O)NS(=O)(=O)C1CCCCC1,-0.953,Soluble,-0.33
CYNYIHKIEHGYOZ-UHFFFAOYSA-N,CCCBr,-0.922,Soluble,-1.7107562487
SKGXYFVQZVPEFP-UHFFFAOYSA-N,Clc1ccc2c(c1)Oc1cc(Cl)c(Cl)c(Cl)c1O2,-8.426,Insoluble,-8.8744
STNJBCKSHOAVAJ-UHFFFAOYSA-N,C=C(C)C=O,0.861,Highly Soluble,-0.0675110058
BBJPKBLYPSYKMT-UHFFFAOYSA-N,CNS#CNCO,0.265,Highly Soluble,-0.0798
CAUBWLYZCDDYEF-UHFFFAOYSA-N,CCOC(=O)N(C)N=O,0.197,Highly Soluble,-0.5528
RYAUSSKQMZRMAI-ALOPSCKCSA-N,CC(Cc1ccc(C(C)(C)C)cc1)CN1C[C@@H](C)O[C@@H](C)C1,-3.657,Slightly Soluble,-4.8487
HSUIVCLOAAJSRE-UHFFFAOYSA-N,COCCOC(=O)c1ccccc1C(=O)OCCOC,-1.768,Soluble,-1.5213
QUKGYYKBILRGFE-UHFFFAOYSA-N,CC(=O)OCc1ccccc1,-1.58,Soluble,-1.6853
ZJJXGWJIGJFDTL-UHFFFAOYSA-N,Cc1cnc(C(=O)NCCc2ccc(S(=O)(=O)NC(=O)NC3CCCCC3)cc2)cn1,-4.718,Insoluble,-5.49
PFFPKQRMYJXVMY-UHFFFAOYSA-N,O=C(O)c1cc(Cl)ccc1N=Nc1ccc(O)cc1,-4.467,Insoluble,-3.86
XPHDAEADNYTVAU-UHFFFAOYSA-N,CCOC(=O)CC1(C)CCC(=O)O1,-1.17,Soluble,-0.7472
RSWGJHLUYNHPMX-UHFFFAOYSA-N,CC(C)C1=CC2=CCC3C(C)(C(=O)O)CCCC3(C)C2CC1,-5.326,Insoluble,-3.8
KFZXVMNBUMVKLN-UHFFFAOYSA-N,Cc1cc(O)c(C(C)C)cc1Cl,-3.001,Slightly Soluble,-2.2664
UHIAOZUHJYDVBH-UHFFFAOYSA-N,O=C1C=C2CC3(O)COc4c(ccc(O)c4O)C3=C2CC1=O,-3.386,Slightly Soluble,-2.6994
ZZYXNRREDYWPLN-UHFFFAOYSA-N,Nc1cccnc1N,-0.613,Soluble,-1.75
IGDCJKDZZUALAO-UHFFFAOYSA-N,C=CCOC(CO)CO,0.649,Highly Soluble,0.481
QVEOSYKPYFNQAZ-XYOKQWHBSA-N,C=CC(C)CC/C=C(\C)CCC=O,-3.635,Slightly Soluble,-3.7935760497
JRKICGRDRMAZLK-UHFFFAOYSA-N,O=S(=O)(O)OOS(=O)(=O)O,-1.94,Soluble,-0.6537301416
JRKICGRDRMAZLK-UHFFFAOYSA-N,O=S(=O)(O)OOS(=O)(=O)O,-1.94,Soluble,0.5710956732
RDHHZPRHIKNBBI-UHFFFAOYSA-N,O=C1NC(=O)C2C=CC=CC12,-0.842,Soluble,-2.932
LAXBNTIAOJWAOP-UHFFFAOYSA-N,Clc1ccccc1-c1ccccc1,-4.349,Insoluble,-4.5917
GOYDNIKZWGIXJT-UHFFFAOYSA-N,Fc1ccccc1F,-1.858,Soluble,-2.0
IAXXETNIOYFMLW-UHFFFAOYSA-N,C=C(C)C(=O)OC1CC2CCC1(C)C2(C)C,-4.178,Insoluble,-4.5442204359
HMFKFHLTUCJZJO-UHFFFAOYSA-N,CCCCCCCCCCCC(=O)OCCOCC(OCCO)C1OCC(OCCO)C1OCCO,-2.35,Slightly Soluble,-6.417202563200001
XIICKRYAUAVEQS-UHFFFAOYSA-N,CC(=O)Nc1ccc(S(=O)(=O)CCO)cc1,-1.674,Soluble,-2.3069323017
MSSXOMSJDRHRMC-UHFFFAOYSA-N,Nc1nc(N)c2nc[nH]c2n1,-2.483,Slightly Soluble,-1.8
BDLSLORLEPSOGW-UHFFFAOYSA-N,Nc1ccc(S(=O)(=O)Nc2nnc(S(N)(=O)=O)s2)cc1,-2.377,Slightly Soluble,-1.5
QWTDNUCVQCZILF-UHFFFAOYSA-N,CCC(C)C,-2.17,Slightly Soluble,-3.1630000000000003
YRGAYAGBVIXNAQ-UHFFFAOYSA-N,COc1ccc(Cl)cc1,-2.077,Slightly Soluble,-2.779325494
DDMOUSALMHHKOS-UHFFFAOYSA-N,FC(F)(Cl)C(F)(F)Cl,-2.335,Slightly Soluble,-2.74
GLKCOBIIZKYKFN-UHFFFAOYSA-N,Nc1nc2[nH]c(=O)cnc2c(=O)[nH]1,-3.285,Slightly Soluble,-4.55
OPASCBHCTNRLRM-UHFFFAOYSA-N,CCSCCSP(=S)(OC)OC,-2.725,Slightly Soluble,-3.0905
AOQMRUTZEYVDIL-UHFFFAOYSA-N,NC(=O)c1nc(-c2ccccc2)n(-c2ccc(Cl)c(COCC(F)(F)C(F)(F)F)c2)n1,-6.412,Insoluble,-5.6635
DWEPFAMAQPVFBH-UHFFFAOYSA-N,NS(=O)(=O)c1cc2c(s1)[S+]([O-])CCC2O,-0.174,Soluble,-1.35
SGTNSNPWRIOYBX-UHFFFAOYSA-N,COc1ccc(CCN(C)CCCC(C#N)(c2ccc(OC)c(OC)c2)C(C)C)cc1OC,-5.378,Insoluble,-3.98
WZUZDBPJFHQVJC-UHFFFAOYSA-N,C=C(Cl)C(Cl)CCl,-2.384,Slightly Soluble,-2.4244542069
QTSNFLIDNYOATQ-UHFFFAOYSA-N,CC(=O)C(N=Nc1ccc(Cl)cc1[N+](=O)[O-])C(=O)Nc1ccccc1Cl,-7.151,Insoluble,-7.721757870399999
TUFGIGGYNZUDAL-UHFFFAOYSA-N,O=C(c1ccccc1O)N1CCOCC1,-1.517,Soluble,-1.7037
HDCICIWMRHHDMV-UHFFFAOYSA-N,NNP(=S)(NN)c1ccccc1,-1.051,Soluble,-1.425
RULKYXXCCZZKDZ-UHFFFAOYSA-N,Oc1cc(Cl)c(Cl)c(Cl)c1Cl,-3.307,Slightly Soluble,-3.15
BPLBGHOLXOTWMN-UHFFFAOYSA-N,CC1(C)SC2C(NC(=O)COc3ccccc3)C(=O)N2C1C(=O)O,-2.85,Slightly Soluble,-2.81
XAERLJMOUYEBAB-UHFFFAOYSA-N,O=C(Cc1ccc(-c2ccccc2)cc1)OCCF,-4.709,Insoluble,-5.01
YREQHYQNNWYQCJ-UHFFFAOYSA-N,CCOc1ccc(C(C)(C)COCc2cccc(Oc3ccccc3)c2)cc1,-6.601,Insoluble,-8.5758
FLTYACUMGDVPLP-UHFFFAOYSA-N,CN(C)c1ccc(N=NS(=O)(=O)O)cc1,-1.684,Soluble,-1.0991
XJGVXQDUIWGIRW-UHFFFAOYSA-N,CN1CCN(C2=Nc3ccccc3Oc3ccc(Cl)cc32)CC1,-3.55,Slightly Soluble,-4.42
WUOACPNHFRMFPN-VIFPVBQESA-N,CC1=CC[C@H](C(C)(C)O)CC1,-1.289,Soluble,-2.337
YDQLECBCTASDOZ-UHFFFAOYSA-N,CCCCCCCCCCCCCCCCCCn1c(=O)c2ccc3sc4ccccc4c4ccc(c1=O)c2c34,-8.274,Insoluble,-7.966789170299999
ZFIVKAOQEXOYFY-QWWZWVQMSA-N,C1O[C@H]1[C@H]1CO1,0.989,Highly Soluble,1.065
PUTUPQVEMBRCAG-UHFFFAOYSA-N,COC(=O)N(C)C(=O)CSP(C)(=S)OC,-2.349,Slightly Soluble,-1.9563
UGRWIGCKFYJTEL-UHFFFAOYSA-N,CCOC(=O)n1c(-c2cscn2)nc2ccccc21,-3.667,Slightly Soluble,-2.92
HHBBIOLEJRWIGU-UHFFFAOYSA-N,CCOC(F)(C(F)(F)C(F)(F)C(F)(F)F)C(F)(C(F)(F)F)C(F)(F)F,-6.922,Insoluble,-7.2887340171
HRQGCQVOJVTVLU-UHFFFAOYSA-N,ClCOCCl,0.362,Highly Soluble,-0.7181
JBKVHLHDHHXQEQ-UHFFFAOYSA-N,O=C1CCCCCN1,-0.076,Soluble,0.8601209136
LCGLNKUTAGEVQW-UHFFFAOYSA-N,COC,1.837,Highly Soluble,0.8843659201
KRCTVRKGIUYGJG-UHFFFAOYSA-N,CC(O)C([N+](=O)[O-])[N+](=O)[O-],-0.57,Soluble,0.0789
LINPVWIEWJTEEJ-UHFFFAOYSA-N,COC(=O)C1(O)c2ccccc2-c2ccc(Cl)cc21,-4.304,Insoluble,-4.1836
IZJDOKYDEWTZSO-UHFFFAOYSA-N,S=C=NCCc1ccccc1,-3.299,Slightly Soluble,-3.1714
QCQPGRMMDFIQMB-UHFFFAOYSA-N,CNC(=O)ON=C1C(Cl)C2CC(C#N)C1C2,-2.738,Slightly Soluble,-2.08
AHKZTVQIVOEVFO-UHFFFAOYSA-N,[O-2],-0.56,Soluble,-8.0625429623
NOYOIPQGXQUMJJ-UHFFFAOYSA-N,CCCCc1ccc2cc3ccc4ccccc4c3cc2c1,-7.7,Insoluble,-7.52
WFSMVVDJSNMRAR-UHFFFAOYSA-N,CCOCCOCCOCCO,0.479,Highly Soluble,0.7490000000000001
BYYMILHAKOURNM-UHFFFAOYSA-N,C#CC(C)N(C)C(=O)Nc1ccc(Cl)cc1,-3.441,Slightly Soluble,-3.8971
ILYSAKHOYBPSPC-UHFFFAOYSA-N,O=C(O)c1ccccc1-c1ccccc1,-2.991,Slightly Soluble,-2.73
YBSYYLRYPMFRNL-UHFFFAOYSA-N,CC(C)(S(C)(=O)=O)S(C)(=O)=O,-0.48,Soluble,-1.4504
QUQBHBRVKLEOEI-UHFFFAOYSA-N,CC12CCC(=O)C=C1CCC1C2C2CC3(C(O)O2)C(C(=O)CO)CCC13,-3.277,Slightly Soluble,-3.85
JWVYQQGERKEAHW-UHFFFAOYSA-N,O=c1ccc2cc3ccoc3c(O)c2o1,-3.421,Slightly Soluble,-3.22
FDTMXYKUFIZEMG-UHFFFAOYSA-N,CC(=O)Oc1ccccc1C(=O)OCC(=O)N(C)C,-1.982,Soluble,-1.55
NDDWQZYCAZDNEH-UHFFFAOYSA-N,CN=C(NC)N1Cc2cccc3cccc(c23)C1,-2.781,Slightly Soluble,-1.15
RXKJFZQQPQGTFL-UHFFFAOYSA-N,O=C(CO)CO,0.761,Highly Soluble,1.0138642136
PIZFEKJNYKNABG-UHFFFAOYSA-N,CCCCCCCOCC(COCCCCCCC)(COCCCCCCC)COCCCCCCC,-5.805,Insoluble,-7.94522478
WVRFNJXNBZHDGZ-UHFFFAOYSA-N,N=NN=NC1=CCc2c(cccc2S(=O)(=O)Oc2ccc(C(=O)c3ccc(O)c(O)c3O)cc2)C1=O,-6.018,Insoluble,-5.1052907305
VRQVVMDWGGWHTJ-CQSZACIVSA-N,COc1ccc2c(c1)N(C[C@H](C)CN(C)C)c1ccccc1S2,-4.181,Insoluble,-4.2155
UVKXJAUUKPDDNW-UHFFFAOYSA-N,CC=CCC#N,0.071,Highly Soluble,-0.96
KXIPYLZZJZMMPD-UHFFFAOYSA-N,Clc1ccc(Oc2ccccc2)c(Cl)c1,-5.633,Insoluble,-4.6304
OROGSEYTTFOCAN-UHFFFAOYSA-N,COc1ccc2c3c1OC1C(O)C=CC4C(C2)N(C)CCC341,-2.605,Slightly Soluble,-1.52
SKTCDJAMAYNROS-UHFFFAOYSA-N,COC1CCCC1,-0.343,Soluble,-0.9037886388
MLHOXUWWKVQEJB-UHFFFAOYSA-N,CC(=O)OCC(C)OC(C)=O,-0.441,Soluble,-0.2046
NMWSKOLWZZWHPL-UHFFFAOYSA-N,Clc1cccc(-c2ccccc2)c1,-4.336,Insoluble,-4.88
HNVIQLPOGUDBSU-UHFFFAOYSA-N,CC1CNCC(C)O1,0.587,Highly Soluble,0.9386380084
XTDQDBVBDLYELW-UHFFFAOYSA-N,CCC(C)C(C)(C)C,-3.86,Slightly Soluble,-4.6776
NPAGDVCDWIYMMC-UHFFFAOYSA-N,CC12CCC3C4CCC(=O)C=C4CCC3C1CCC2O,-3.817,Slightly Soluble,-3.02
WVHNUGRFECMVLQ-UHFFFAOYSA-N,Clc1ccc(-c2c(Cl)cccc2Cl)c(Cl)c1,-7.038,Insoluble,-6.65
BZTYNSQSZHARAZ-UHFFFAOYSA-N,Clc1ccc(-c2ccc(Cl)cc2Cl)cc1,-6.12,Insoluble,-6.0
CYVCVGQCHLVKKV-UHFFFAOYSA-N,O=S(=O)(O)c1cc(S(=O)(=O)O)c2cc(NS(=O)(=O)c3cccc(N=Nc4ccc(N=Nc5c(O)ccc6ccccc56)cc4)c3)ccc2c1,-6.01,Insoluble,-1.2096462437
CLEVULOKVPBHCU-VIFPVBQESA-N,O=S(=O)(O)C[C@@H](O)CNc1ccccc1,-0.872,Soluble,0.1187844902
ZDDZPDTVCZLFFC-UHFFFAOYSA-N,Clc1ccc(-c2c(Cl)c(Cl)cc(Cl)c2Cl)cc1,-7.941,Insoluble,-7.88
LRWNUFGVDBJUTF-UHFFFAOYSA-N,CCCCCCCCCCSC(=N)N,-2.649,Slightly Soluble,-2.71
UYUXSRADSPPKRZ-SKNVOMKLSA-N,O=C[C@H](O)[C@H]1OC(=O)[C@@H](O)[C@H]1O,-0.172,Soluble,0.1641
MRABAEUHTLLEML-UHFFFAOYSA-N,CCCCOC(=O)C(C)O,-0.488,Soluble,-0.5629
MBMANTPXLYUUGC-UHFFFAOYSA-N,CC(=O)Oc1ccc(NC(=O)c2ccccc2)cc1,-4.277,Insoluble,-4.14
VMXUWOKSQNHOCA-LCYFTJDESA-N,CN/C(=C/[N+](=O)[O-])NCCSCc1ccc(CN(C)C)o1,-2.439,Slightly Soluble,-2.5
YAMHXTCMCPHKLN-UHFFFAOYSA-N,O=C1NCCN1,0.369,Highly Soluble,0.8402733738
DUFKCOQISQKSAV-UHFFFAOYSA-N,CC(O)COC(C)CO,0.678,Highly Soluble,0.8723
ATXPWKWYLDEURI-UHFFFAOYSA-N,CCNc1cc(C#N)c(N)c2c1C(=O)c1ccccc1C2=O,-5.348,Insoluble,-7.6382805905
IWEDIXLBFLAXBO-UHFFFAOYSA-N,COc1c(Cl)ccc(Cl)c1C(=O)O,-2.932,Slightly Soluble,-1.7
DRUIESSIVFYOMK-UHFFFAOYSA-N,N#CC(Cl)(Cl)Cl,-1.092,Soluble,-2.168
UADWUILHKRXHMM-UHFFFAOYSA-N,CCCCC(CC)COC(=O)c1ccccc1,-4.549,Insoluble,-5.767784581
IOJUPLGTWVMSFF-UHFFFAOYSA-N,c1ccc2scnc2c1,-1.911,Soluble,-1.6538265258000002
SSADPHQCUURWSW-UHFFFAOYSA-N,Cc1cc(C(C)(C)C)c(OP2OCC3(CO2)COP(Oc2c(C(C)(C)C)cc(C)cc2C(C)(C)C)OC3)c(C(C)(C)C)c1,-7.816,Insoluble,-7.801238331
DZKXJUASMGQEMA-UHFFFAOYSA-N,CCCCCCCCCCCCCCOC(=O)CCCCCCCCCCCCC,-8.09,Insoluble,-7.3271074817
CYXIKYKBLDZZNW-UHFFFAOYSA-N,FC(F)(F)CCl,-1.346,Soluble,-1.1098
MHDYKXPQKDDFFZ-UHFFFAOYSA-N,Cc1c(NC(=O)Nc2ccccc2)c(=O)n(-c2ccccc2)n1C,-4.685,Insoluble,-2.3
ORAHATGHUWMRCM-UHFFFAOYSA-N,CCCCN(CCCC)C(=O)COC(=O)c1ccccc1,-3.474,Slightly Soluble,-3.5614
DBPWSSGDRRHUNT-UHFFFAOYSA-N,CC(=O)C1(O)CCC2C3CCC4=CC(=O)CCC4(C)C3CCC21C,-4.429,Insoluble,-4.71
DLKQHBOKULLWDQ-UHFFFAOYSA-N,Brc1cccc2ccccc12,-3.816,Slightly Soluble,-4.3468
ROASJEHPZNKHOF-UHFFFAOYSA-N,CCCCCCOC(N)=O,-1.036,Soluble,-1.92
PMZXKSSDXXNNIO-UHFFFAOYSA-N,COCCCN1C(=O)c2ccc3c(=O)n4c5ccc(C)cc5nc4c4ccc(c2c34)C1=O,-7.104,Insoluble,-6.7715099068
GLZPCOQZEFWAFX-JXMROGBWSA-N,CC(C)=CCC/C(C)=C/CO,-1.667,Soluble,-2.3519095035
MIUUNYUUEFHIHM-UHFFFAOYSA-N,CC(O)COc1ccc(C(C)(C)c2ccc(OCC(C)O)cc2)cc1,-3.665,Slightly Soluble,-3.499700952
IMSSROKUHAOUJS-UHFFFAOYSA-N,C#CC1(O)CCC2C3CCc4cc(OC)ccc4C3CCC21C,-5.423,Insoluble,-5.49
KWPQTIBXONETGA-UHFFFAOYSA-N,C=C(Br)C(=O)Nc1ccc(Nc2cc(S(=O)(=O)O)c(N)c3c2C(=O)c2ccccc2C3=O)c(S(=O)(=O)O)c1,-4.754,Insoluble,-1.0618038915
GEDIWDLJKRKBFT-UHFFFAOYSA-N,Cc1cc(OC(=O)N(C)C)n(-c2ccccc2)n1,-2.739,Slightly Soluble,-2.0886
WOWBFOBYOAGEEA-UHFFFAOYSA-N,CC(C)c1cc(Oc2ccccc2)cc(C(C)C)c1NC(=S)NC(C)(C)C,-7.066,Insoluble,-6.8068
GXVUZYLYWKWJIM-UHFFFAOYSA-N,NCCOCCN,1.188,Highly Soluble,0.9823282162
WZBKGWBHAPBSBF-UHFFFAOYSA-N,Cc1nc2c([nH]1)c(=O)n(C)c(=O)n2C,-1.547,Soluble,-0.7276
YBRVSVVVWCFQMG-UHFFFAOYSA-N,Nc1ccc(Cc2ccc(N)cc2)cc1,-2.58,Slightly Soluble,-2.2929334424000003
WRXCBRHBHGNNQA-UHFFFAOYSA-N,O=C(OOC(=O)c1ccc(Cl)cc1Cl)c1ccc(Cl)cc1Cl,-7.795,Insoluble,-8.2787650296
UHSJNNFEGHBUMV-UHFFFAOYSA-N,CCC(C)C(N)C(=O)OCCCCOC(=O)C(C)c1ccc2cc(OC)ccc2c1,-4.857,Insoluble,-4.52
XIOUPQUYEUYPAW-UHFFFAOYSA-N,O=C1NC(=S)NC(=O)C12CCCCC2,-2.412,Slightly Soluble,-3.46
RNABGKOKSBUFHW-UHFFFAOYSA-N,O=[N+]([O-])c1cc(Cl)cc(Cl)c1,-3.302,Slightly Soluble,-3.5843334863
IBCDULLCLULASH-UHFFFAOYSA-N,Cc1ccc(C(=O)N(O)c2ccc(Cl)cc2)cc1,-4.229,Insoluble,-4.42
TUFJPPAQOXUHRI-KTKRTIGZSA-N,CCCCCCCC/C=C\CCCCCCCCNCCCN,-3.915,Slightly Soluble,-8.2501920599
DKWHHTWSTXZKDW-UHFFFAOYSA-N,CCCCOCCOCCOCOCCOCCOCCCC,-0.946,Soluble,-1.3016357757
KCXZNSGUUQJJTR-UHFFFAOYSA-N,CCCCCCOC(=O)c1ccccc1C(=O)OCCCCCC,-5.838,Insoluble,-6.144
DKHJWWRYTONYHB-UHFFFAOYSA-N,CC(Oc1ccc(Cl)cc1)C(=O)O,-2.407,Slightly Soluble,-2.1351
LVYBAQIVPKCOEE-UHFFFAOYSA-N,Clc1cc2oc3c(Cl)c(Cl)c(Cl)c(Cl)c3c2cc1Cl,-9.437,Insoluble,-10.66
CGSLYBDCEGBZCG-UHFFFAOYSA-N,CCCCC(CC)COP(=O)(Oc1ccccc1)Oc1ccccc1,-4.989,Insoluble,-5.2804
RGCLLPNLLBQHPF-HJWRWDBZSA-N,CCN(CC)C(=O)/C(Cl)=C(\C)OP(=O)(OC)OC,-1.181,Soluble,0.5233
YMABTXMPJQRLCQ-UHFFFAOYSA-N,CCN(CC)CCOC(=O)c1ccc(NC(C)=O)cc1,-2.273,Slightly Soluble,-1.65
IAYPIBMASNFSPL-UHFFFAOYSA-N,C1CO1,2.051,Highly Soluble,1.356
QSSXJPIWXQTSIX-UHFFFAOYSA-N,Cc1ccccc1Br,-2.565,Slightly Soluble,-2.23
AIFRHYZBTHREPW-UHFFFAOYSA-N,c1ccc2c(c1)[nH]c1cnccc12,-2.566,Slightly Soluble,-3.73
RWZYAGGXGHYGMB-UHFFFAOYSA-N,Nc1ccccc1C(=O)O,-1.263,Soluble,-1.52
SEXIHYPFEOARHF-UHFFFAOYSA-N,Cc1cc(Nc2cc(S(=O)(=O)O)c(N)c3c2C(=O)c2ccccc2C3=O)cc(S(=O)(=O)NCCO)c1C,-3.787,Slightly Soluble,-2.6748435421
ASLWPAWFJZFCKF-UHFFFAOYSA-N,O=P(OC(CCl)CCl)(OC(CCl)CCl)OC(CCl)CCl,-3.813,Slightly Soluble,-4.3767049743
KQTIIICEAUMSDG-UHFFFAOYSA-N,O=C(O)CC(CC(=O)O)C(=O)O,-0.22,Soluble,0.275
BGJSXRVXTHVRSN-UHFFFAOYSA-N,C1OCOCO1,0.944,Highly Soluble,0.3717171259
UQKAOOAFEFCDGT-UHFFFAOYSA-N,CCCCCCCCN(C)C,-1.784,Soluble,-5.4653701933
LVYLCBNXHHHPSB-UHFFFAOYSA-N,O=C(OCCO)c1ccccc1O,-1.255,Soluble,-1.1567
RQEUFEKYXDPUSK-ZETCQYMHSA-N,C[C@H](N)c1ccccc1,-0.364,Soluble,-0.4601924093
WEXRUCMBJFQVBZ-UHFFFAOYSA-N,CCCC(C)C1(CC)C(=O)NC(=O)NC1=O,-2.192,Slightly Soluble,-2.39
UHJVLUYSDYOULM-UHFFFAOYSA-N,CC(C)CCC(C)Nc1ccc(Nc2ccccc2)cc1,-5.112,Insoluble,-5.6248375610000005
NTYICSDTCGMBQM-UHFFFAOYSA-N,CC(C)CN(C=O)CC(C)C,-0.967,Soluble,-1.082666634
USPJNXWHVJTDJW-UHFFFAOYSA-N,O=CC1CCC2C3CCC(C3)C12,-2.397,Slightly Soluble,-2.4199676473
HFVMLYAGWXSTQI-UHFFFAOYSA-N,CC12C=CCC1C1CCC3CC(=O)CCC3(C)C1CC2,-5.059,Insoluble,-6.07
VIROVYVQCGLCII-UHFFFAOYSA-N,CCC1(CCC(C)C)C(=O)NC(=O)NC1=O,-2.176,Slightly Soluble,-2.5743
DKMROQRQHGEIOW-UHFFFAOYSA-N,CCOC(=O)CCC(=O)OCC,-0.894,Soluble,-0.96
ULLWVDKMTKASGV-UHFFFAOYSA-N,OCNC(=S)c1ccccc1,-1.532,Soluble,-1.14
KRLBLPBPZSSIGH-CSKARUKUSA-N,C=CC(C)(O)CC/C=C(\C)CC,-2.374,Slightly Soluble,-2.4091286640000003
YNVOMSDITJMNET-UHFFFAOYSA-N,O=C(O)c1ccsc1,-1.019,Soluble,-1.4743
VPKMGDRERYMTJX-CMDGGOBGSA-N,CCC(=O)/C=C/C1C(C)=CCCC1(C)C,-3.571,Slightly Soluble,-3.9923409786
ISLYQRQYGGXHBQ-RCCKNPSSSA-N,CC1=Nn2c(nc3ccccc3c2=O)/C1=N/Nc1ccc(Cl)cc1[N+](=O)[O-],-7.415,Insoluble,-7.5829344883
BMXRLHMJGHJGLR-UHFFFAOYSA-N,Clc1ccccc1-c1c(Cl)c(Cl)cc(Cl)c1Cl,-7.886,Insoluble,-7.3999
KQIGMPWTAHJUMN-UHFFFAOYSA-N,NCC(O)CO,1.221,Highly Soluble,1.0404339534
KXDAEFPNCMNJSK-UHFFFAOYSA-N,NC(=O)c1ccccc1,-0.935,Soluble,-0.953
DOBMPNYZJYQDGZ-UHFFFAOYSA-N,O=c1oc2ccccc2c(O)c1Cc1c(O)c2ccccc2oc1=O,-5.575,Insoluble,-4.27
HMBNQNDUEFFFNZ-UHFFFAOYSA-N,C=COCCCCO,0.228,Highly Soluble,-0.18999534
PTOPHPNCDGAXGC-UHFFFAOYSA-N,c1ccc2c3c(ccc2c1)Nc1ccc2ccccc2c1S3,-7.213,Insoluble,-6.8786
BGLZECVIKIGPIF-UHFFFAOYSA-N,O=C(Nc1ccccc1)Nc1ccccc1NS(=O)(=O)c1ccccc1,-5.682,Insoluble,-4.5784028785
JHOHXJYRVSLQCB-UHFFFAOYSA-N,CN(C)C1C(=O)C(C(N)=O)C(=O)C2(O)C(=O)C3C(=O)c4c(O)ccc(Cl)c4C(O)C3CC12,-3.051,Slightly Soluble,-2.52
LLBKEUTWJFQRJU-UHFFFAOYSA-N,Nc1ccc(S(=O)(=O)c2ccc(NCCO)cc2)cc1,-2.619,Slightly Soluble,-2.597
WGVWLKXZBUVUAM-UHFFFAOYSA-N,CCCC(C)C(=O)Nc1ccc(C)c(Cl)c1,-4.659,Insoluble,-4.4503
RXFPBLZANMSMKQ-UHFFFAOYSA-N,CC(=O)NC(COC(=O)c1ccccc1)C(=O)O,-1.803,Soluble,-3.22
OJUGVDODNPJEEC-UHFFFAOYSA-N,O=CC(=O)c1ccccc1,-1.065,Soluble,-0.74
IUJDSEJGGMCXSG-UHFFFAOYSA-N,CCCC(C)C1(CC)C(=O)NC(=S)NC1=O,-2.948,Slightly Soluble,-3.6
YPZUZOLGGMJZJO-UHFFFAOYSA-N,CC1(C)CCCC2(C)C1CCC1(C)OCCC12,-4.855,Insoluble,-5.0994877858
BSBSWABWGCAPFU-UHFFFAOYSA-N,CC(C)(C)c1ccc(S(=O)(=O)Nc2ccc3cc(S(=O)(=O)c4cc5c(c(S(=O)(=O)O)c4N)Oc4c(Cl)c6c(c(Cl)c4=N5)Oc4c(ccc(N)c4S(=O)(=O)O)N=6)ccc3c2)cc1,-6.737,Insoluble,-2.1807658976
UBLWASUIZDSYFN-UHFFFAOYSA-N,O=C(O)C1CCNCC1C(=O)O,-0.232,Soluble,-0.5395
WVZTUUIUEUVJGM-UHFFFAOYSA-N,COc1ccc2cc(C(C)C(=O)OC(C)OC(=O)CN)ccc2c1,-3.232,Slightly Soluble,-2.44
VILCJCGEZXAXTO-UHFFFAOYSA-N,NCCNCCNCCN,1.118,Highly Soluble,0.835
JSIDBRSPTZXMGO-UHFFFAOYSA-N,CCCCCCCCNC(=O)c1cccnc1,-2.725,Slightly Soluble,-3.0081
OFMBSIAKTAZWIE-UHFFFAOYSA-N,O=CC(=O)Cc1ccccc1,-1.249,Soluble,-2.1707
GWOWBISZHLPYEK-UHFFFAOYSA-N,Clc1cc(-c2cccc(Cl)c2Cl)cc(Cl)c1Cl,-7.943,Insoluble,-7.4052
HNSUDSIHCJEYQG-UHFFFAOYSA-N,Nc1ccn(C2CC(F)C(CO)O2)c(=O)n1,-1.206,Soluble,-1.18
ZOCHHNOQQHDWHG-UHFFFAOYSA-N,CCCC(O)CC,-0.319,Soluble,-0.8025
FMXDVBRYDYFVGS-UHFFFAOYSA-N,COc1c([N+](=O)[O-])cc([N+](=O)[O-])cc1[N+](=O)[O-],-3.3,Slightly Soluble,-3.085
RJKGJBPXVHTNJL-UHFFFAOYSA-N,O=[N+]([O-])c1cccc2ccccc12,-3.451,Slightly Soluble,-3.71
BRWIZMBXBAOCCF-UHFFFAOYSA-N,NNC(N)=S,-0.369,Soluble,-0.8457609068
WUBBRNOQWQTFEX-UHFFFAOYSA-N,Nc1ccc(C(=O)O)c(O)c1,-1.559,Soluble,-1.9572
NDAUXUAQIAJITI-UHFFFAOYSA-N,CC(C)(C)NCC(O)c1ccc(O)c(CO)c1,-0.915,Soluble,-1.2298
DIQMPQMYFZXDAX-UHFFFAOYSA-N,CCCCCOC=O,-0.304,Soluble,-1.6020599913
XCKRRIQXHFBKKB-UHFFFAOYSA-N,CC(C)OC(=O)C(O)(c1ccc(Cl)cc1)c1cccc(Cl)c1,-5.022,Insoluble,-4.53
WOYWLLHHWAMFCB-UHFFFAOYSA-N,CCCCC(CC)COC(C)=O,-2.839,Slightly Soluble,-4.6451400046
BFSMULOSYIQCGJ-UHFFFAOYSA-N,O=C(O)c1ccc(P(=O)(O)c2ccccc2)cc1,-2.449,Slightly Soluble,-4.07
FXNYSZHYMGWWEZ-UHFFFAOYSA-N,C=C(C)Cn1c(N)cc(=O)n(C)c1=O,-1.499,Soluble,-0.9895
RYAUSSKQMZRMAI-UHFFFAOYSA-N,CC(Cc1ccc(C(C)(C)C)cc1)CN1CC(C)OC(C)C1,-3.657,Slightly Soluble,-2.4821
NBJDNCGUUVZUIB-UHFFFAOYSA-N,CCCCCCCCCc1cccc(Nc2cccc(CCCCCCCCC)c2)c1,-7.675,Insoluble,-7.9260469847
ZCRNIIJXDRYWDU-UHFFFAOYSA-N,COC(=O)c1cc(C(=O)O)cc([N+](=O)[O-])c1,-2.624,Slightly Soluble,-2.0737299237
CMDIDTNMHQUVPE-UHFFFAOYSA-N,CC(=O)CCCCCl,-1.454,Soluble,-1.4155738757
WMHHXYOPEQARIN-UHFFFAOYSA-N,CC(=O)Nc1ccc(Cl)cc1C,-3.003,Slightly Soluble,-2.3097
UWHCKJMYHZGTIT-UHFFFAOYSA-N,OCCOCCOCCOCCO,0.569,Highly Soluble,0.7116903978
AVGQTJUPLKNPQP-UHFFFAOYSA-N,CCC(Cl)(Cl)Cl,-1.942,Soluble,-1.8898
MTXSIJUGVMTTMU-JTQLQIEISA-N,c1cncc([C@@H]2CCCCN2)c1,-0.657,Soluble,0.7898
UBNYRXMKIIGMKK-RMKNXTFCSA-N,COc1ccc(/C=C/C(=O)OCCC(C)C)cc1,-3.782,Slightly Soluble,-5.4919252104
AGDYNDJUZRMYRG-UHFFFAOYSA-N,CCCCCCO[N+](=O)[O-],-2.049,Slightly Soluble,-3.1265
SUOAMBOBSWRMNQ-UHFFFAOYSA-N,Clc1ccc(-c2cc(Cl)cc(Cl)c2Cl)c(Cl)c1,-8.009,Insoluble,-7.82
CDXFIRXEAJABAZ-UHFFFAOYSA-N,C=C(C)C(=O)OCCC(F)(F)C(F)(F)C(F)(F)C(F)(F)C(F)(F)C(F)(F)F,-6.69,Insoluble,-6.058168845700001
PYGSKMBEVAICCR-UHFFFAOYSA-N,C=CCCC=C,-2.703,Slightly Soluble,-2.6867
MTZBBNMLMNBNJL-UHFFFAOYSA-N,Cc1cccc(C)c1NC(=O)c1cc(S(N)(=O)=O)c(Cl)cc1O,-3.474,Slightly Soluble,-3.9
OMFXVFTZEKFJBZ-HJTSIMOOSA-N,C[C@]12C[C@H](O)[C@H]3[C@@H](CCC4=CC(=O)CC[C@@]43C)[C@@H]1CC[C@@H]2C(=O)CO,-3.486,Slightly Soluble,-3.2408
YBUGOACXDPDUIR-UHFFFAOYSA-N,COc1ccc(O)c([N+](=O)[O-])c1,-2.293,Slightly Soluble,-2.8409
VEZUQRBDRNJBJY-UHFFFAOYSA-N,ON=C1CCCCC1,-0.45,Soluble,-0.8495729560999999
WMGRASJOZJGTSP-UHFFFAOYSA-N,CN(C)C(=O)n1cc(F)c(=O)[nH]c1=O,-1.518,Soluble,-1.53
OLVCFLKTBJRLHI-UHFFFAOYSA-N,Cn1nnnc1SCC1=C(C(=O)O)N2C(=O)C(NC(=O)C(O)c3ccccc3)C2SC1,-3.07,Slightly Soluble,-0.14
UDMZPLROONOSEF-UHFFFAOYSA-N,Clc1cc(Cl)c(-c2c(Cl)c(Cl)cc(Cl)c2Cl)cc1Cl,-9.391,Insoluble,-8.94
PXRROZVNOOEPPZ-UHFFFAOYSA-N,O=C(O)C(F)(F)C(F)F,-0.46,Soluble,-0.8829
IHEAINLLXOBUEW-UHFFFAOYSA-N,Cc1cnc(NS(=O)(=O)c2ccc(N)cc2)nc1C,-3.211,Slightly Soluble,-3.1435
GYSSRZJIHXQEHQ-UHFFFAOYSA-N,CC1=C(C(=O)Nc2ccccc2)SCCO1,-2.992,Slightly Soluble,-3.14
BUBMNUKMCHTIRR-UHFFFAOYSA-N,O=C(O)CNc1c([N+](=O)[O-])cc([N+](=O)[O-])cc1[N+](=O)[O-],-2.919,Slightly Soluble,-2.3922
XYXJKPCGSGVSBO-UHFFFAOYSA-N,Cc1cc(C(C)(C)C)c(O)c(C)c1Cn1c(=O)n(Cc2c(C)cc(C(C)(C)C)c(O)c2C)c(=O)n(Cc2c(C)cc(C(C)(C)C)c(O)c2C)c1=O,-8.2,Insoluble,-7.5440264742
AAPVQEMYVNZIOO-UHFFFAOYSA-N,O=S1(=O)OCC2C(CO1)C1(Cl)C(Cl)=C(Cl)C2(Cl)C1(Cl)Cl,-5.135,Insoluble,-5.945
IYYPLFUVXTVBLD-UHFFFAOYSA-N,CN1C(=O)CCC(N2C(=O)c3ccccc3C2=O)C1=O,-2.565,Slightly Soluble,-2.99
TXQWFIVRZNOPCK-UHFFFAOYSA-N,NCc1ccncc1,0.164,Highly Soluble,0.966
XLDBTRJKXLKYTC-UHFFFAOYSA-N,Clc1ccc(-c2ccc(Cl)c(Cl)c2Cl)cc1,-7.034,Insoluble,-6.8754
DNRJTBAOUJJKDY-UHFFFAOYSA-N,CC(=O)c1cc2c(cc1C)C(C)(C)C(C)CC2(C)C,-5.469,Insoluble,-5.3154
JIVPVXMEBJLZRO-UHFFFAOYSA-N,NS(=O)(=O)c1cc(C2(O)NC(=O)c3ccccc32)ccc1Cl,-3.362,Slightly Soluble,-3.4507
AJMJPGWUPHIMKQ-UHFFFAOYSA-N,CCCC(=O)OCCOCCOCCOC(=O)CCC,-1.779,Soluble,-1.5598
KRZUZYJEQBXUIN-UHFFFAOYSA-N,O=C1OCCC1N(C(=O)C1CC1)c1cccc(Cl)c1,-3.799,Slightly Soluble,-2.6878
OVUWGANMOQIFHZ-UHFFFAOYSA-N,CCC(C)(C)NC(N)=O,-0.348,Soluble,-1.0142
YLFBFPXKTIQSSY-UHFFFAOYSA-N,CO[P+](=O)OC,0.322,Highly Soluble,-0.0375898256999999
PEZADNLTLSQNPI-UHFFFAOYSA-N,C#CC1(OC(=O)c2ccc(-c3ccccc3)cc2)CCC2C3CCC4=CC(=O)CCC4C3CCC21C,-7.717,Insoluble,-8.11
ROSDSFDQCJNGOL-UHFFFAOYSA-N,CNC,1.733,Highly Soluble,1.558
ZJNVFBLZPCRQOR-UHFFFAOYSA-N,NS(=O)(=O)c1cc2cc(CNCc3ccccn3)sc2o1,-2.647,Slightly Soluble,-1.33
MJQIARGPQMNBGT-ZCXUNETKSA-N,CCCCCCCC/C=C\CCCCCCCC(=O)NC(CO)C(O)CCCCCCCCCCCCCCC,-7.092,Insoluble,-6.4517618811
PGJBQBDNXAZHBP-UHFFFAOYSA-N,CN(C)P(=O)(F)N(C)C,0.524,Highly Soluble,0.8121
YPZMPEPLWKRVLD-UHFFFAOYSA-N,O=CC(O)C(O)C(O)C(O)C(O)CO,0.329,Highly Soluble,-0.3226
DEKWZWCFHUABHE-UHFFFAOYSA-N,CC(=O)CC(c1ccc(Cl)cc1)c1c(O)c2ccccc2oc1=O,-5.875,Insoluble,-5.839
RQVGAIADHNPSME-UHFFFAOYSA-N,CCOP(=S)(OCC)SCn1nnc2ccccc2c1=O,-4.372,Insoluble,-4.5171
IWYDHOAUDWTVEP-SSDOTTSWSA-N,O=C(O)[C@H](O)c1ccccc1,-0.772,Soluble,-0.1416667622
RZTAMFZIAATZDJ-UHFFFAOYSA-N,CCOC(=O)C1=C(C)NC(C)=C(C(=O)OC)C1c1cccc(Cl)c1Cl,-6.032,Insoluble,-5.68
WEBQKRLKWNIYKK-UHFFFAOYSA-N,CCSCCSP(=O)(OC)OC,-0.922,Soluble,-1.8438
JQVXMIPNQMYRPE-UHFFFAOYSA-N,CCOP(=O)(OC)OC,0.703,Highly Soluble,0.5112
XQNAUQUKWRBODG-UHFFFAOYSA-N,O=[N+]([O-])c1ccc(Oc2c(Cl)cc(Cl)cc2Cl)cc1,-6.968,Insoluble,-5.6201
LNVGTRNKWNAINT-UHFFFAOYSA-N,NS(=O)(=O)c1cc2c(s1)C(O)CCS2(=O)=O,-1.488,Soluble,-1.28
YNARWAUTTJJADX-UHFFFAOYSA-N,CCN1c2ncccc2C(=S)N(C)c2cccnc21,-4.11,Insoluble,-4.634
CVUGPAFCQJIYDT-UHFFFAOYSA-N,Clc1ccc(C(c2ccccc2Cl)C(Cl)(Cl)Cl)cc1,-6.945,Insoluble,-7.13
ZQVKTHRQIXSMGY-UHFFFAOYSA-N,CCc1ccc(C(=O)O)cc1,-1.677,Soluble,-2.52
PODSUMUEKRUDEI-UHFFFAOYSA-N,NCCN1CCNC1=O,0.24,Highly Soluble,0.6335459397
IHTGGLAKTYJQIY-UHFFFAOYSA-N,OCC(O)C(O)C(O)C=NN(c1ccccc1)c1ccccc1,-1.372,Soluble,-3.1
PZXAQHCWXLHKAY-UHFFFAOYSA-N,C#CC1(OC(=O)C(C)(C)C)CCC2C3CCC4=CC(=O)CCC4C3CCC21C,-6.572,Insoluble,-7.16
CTMHWPIWNRWQEG-UHFFFAOYSA-N,CC1=CCCCC1,-2.556,Slightly Soluble,-3.2671
OUPZKGBUJRBPGC-UHFFFAOYSA-N,O=c1n(CC2CO2)c(=O)n(CC2CO2)c(=O)n1CC1CO1,-1.134,Soluble,-1.495423095
OFPHVMUTNZBKLX-UHFFFAOYSA-N,CC(C(=O)N(C)C)S(=O)(=O)c1ccccc1,-2.09,Slightly Soluble,-0.87
PTTPXKJBFFKCEK-UHFFFAOYSA-N,CC(C)CC(=O)CC(C)C,-2.16,Slightly Soluble,-2.4540578458
WQOXQRCZOLPYPM-UHFFFAOYSA-N,CSSC,-0.546,Soluble,-1.4969
NQRRVGBUZRSXRF-QWWZWVQMSA-N,O=C(O)[C@H]1CC[C@H](C(=O)O)SS1,-1.005,Soluble,-1.5241
USIUVYZYUHIAEV-UHFFFAOYSA-N,c1ccc(Oc2ccccc2)cc1,-3.664,Slightly Soluble,-3.96
OPKOKAMJFNKNAS-UHFFFAOYSA-N,CNCCO,1.452,Highly Soluble,1.1242964559
FBQTWGHLMQUOQL-UHFFFAOYSA-N,CCC(=O)OCN1C(=O)NC(c2ccccc2)(c2ccccc2)C1=O,-4.466,Insoluble,-4.91
FSCPTWHCVYVMGT-UHFFFAOYSA-N,O=c1oc2ccc(Cl)cc2n1CO,-2.049,Slightly Soluble,-2.7
DGTCYQZOIKAZMK-UHFFFAOYSA-N,CCC(CC)(C(=O)NC(N)=O)C(=O)OC(C)C,-1.851,Soluble,-2.77
TXJUTRJFNRYTHH-UHFFFAOYSA-N,O=c1[nH]c2ccccc2c(=O)o1,-2.581,Slightly Soluble,-2.7354179060000003
DDVNRFNDOPPVQJ-HQJQHLMTSA-N,CC1(C)[C@H](C=C(Cl)Cl)[C@H]1C(=O)OCc1c(F)c(F)cc(F)c1F,-7.139,Insoluble,-6.8137
LQNUZADURLCDLV-UHFFFAOYSA-N,O=[N+]([O-])c1ccccc1,-1.725,Soluble,-1.8
PWYIUEFFPNVCMW-UHFFFAOYSA-N,CCCOP(=O)(OCCC)Oc1ccc(SC)cc1,-3.122,Slightly Soluble,-3.3865
OWRXWSVBJIIORE-UHFFFAOYSA-N,C#CC(C)(O)CCCC(C)CCCC(C)C,-4.172,Insoluble,-4.953059618999999
IPWLQQBKTBBLID-UHFFFAOYSA-N,O=[N+]([O-])c1cc(CCO)ccc1O,-1.672,Soluble,-1.1556
MKIKJJUYURBXJT-UHFFFAOYSA-N,CN(C)C(=O)c1ccc(C(=O)N(C)C)cc1,-1.551,Soluble,0.2656
CFJYNSNXFXLKNS-UHFFFAOYSA-N,CC1CCC(C(C)C)CC1,-4.43,Insoluble,-5.3545731075
MUMQYXACQUZOFP-UHFFFAOYSA-N,CCOP(=S)(OCC)SC(CCl)N1C(=O)c2ccccc2C1=O,-5.743,Insoluble,-5.85
XIURVHNZVLADCM-UHFFFAOYSA-N,CC(=O)OCC1=C(C(=O)O)N2C(=O)C(NC(=O)Cc3cccs3)C2SC1,-3.343,Slightly Soluble,-2.94
MTHSVFCYNBDYFN-UHFFFAOYSA-N,OCCOCCO,1.156,Highly Soluble,0.9741986662
VOWAEIGWURALJQ-UHFFFAOYSA-N,O=C(OC1CCCCC1)c1ccccc1C(=O)OC1CCCCC1,-5.636,Insoluble,-5.5126055421
IDXLLBBFRBQZFE-UHFFFAOYSA-N,CC(C)Cc1nnc(NS(=O)(=O)c2ccc(N)cc2)s1,-3.259,Slightly Soluble,-3.8226
YPFYOAJCSYWUGO-UHFFFAOYSA-N,CC(NC(=O)Cc1ccccc1)c1ccccc1,-3.438,Slightly Soluble,-3.19
FPZWZCWUIYYYBU-UHFFFAOYSA-N,CCOCCOCCOC(C)=O,-0.163,Soluble,0.7539645195999999
WNTGYJSOUMFZEP-UHFFFAOYSA-N,Cc1cc(Cl)ccc1OC(C)C(=O)O,-2.803,Slightly Soluble,-2.4660307863
SVWDHNLFFDIWHM-UHFFFAOYSA-N,CN(C)C(=O)c1cccc(C(=O)N(C)C)c1,-1.556,Soluble,0.487
ZLVJUFHIMOUPMS-UHFFFAOYSA-N,CCN1c2cc(N(C)C)cc(C)c2NC(=O)c2cccnc21,-3.964,Slightly Soluble,-4.871
KIOURYUVFMVQEI-UHFFFAOYSA-N,CCOC(=O)C(CC)(CC)C(=O)NC(N)=O,-1.552,Soluble,-2.08
OVZUMYVWPIEZMH-UHFFFAOYSA-N,O=C(O)C1=CC(=NNc2ccccc2[N+](=O)[O-])C=CC1=O,-3.944,Slightly Soluble,-2.01
BGFBWRWYROQISE-UHFFFAOYSA-N,CCC1(CO)COCOC1,0.129,Highly Soluble,0.8350942171
SSTLCMOZTCLOLQ-UHFFFAOYSA-N,Cc1cc(C)c[n+]([O-])c1,-0.304,Soluble,0.9095
RQDJADAKIFFEKQ-UHFFFAOYSA-N,N#CC(CCc1ccc(Cl)cc1)(Cn1cncn1)c1ccccc1,-5.032,Insoluble,-6.2264
LGURYBCSJPXHTF-UHFFFAOYSA-N,O=C(OCCOc1ccc(Cl)cc1Cl)c1ccccc1,-5.547,Insoluble,-3.8118
ZCGZBWMAQSDEHU-UHFFFAOYSA-N,Cc1cc(Cl)c(Cl)c(Cl)c1Cc1ccc(Cl)cc1,-7.349,Insoluble,-7.44
IMIDOCRTMDIQIJ-UHFFFAOYSA-N,CNC(=O)Oc1ccc(N(C)C)c(C)c1,-1.953,Soluble,-2.3572
UPRXAKRITNJEII-UHFFFAOYSA-N,CCc1nnc(NS(=O)(=O)c2ccc(NC(C)=O)cc2)s1,-3.561,Slightly Soluble,-3.4
FOXFZRUHNHCZPX-UHFFFAOYSA-N,CSc1nnc(C(C)(C)C)c(=O)n1N,-1.957,Soluble,-2.245
AJZKMDAYNXJZOR-UHFFFAOYSA-N,CC1OC(=O)c2cc(N)ccc21,-2.099,Slightly Soluble,-1.7891
RCOUWKSZRXJXLA-UHFFFAOYSA-N,CCCC1(CCC)C(=O)NC(=O)NC1=O,-1.879,Soluble,-2.53
RUFPHBVGCFYCNW-UHFFFAOYSA-N,Nc1cccc2ccccc12,-1.898,Soluble,-1.9255
DSVOTYIOPGIVPP-UHFFFAOYSA-N,CNC(=O)OCc1ccc(Cl)c(Cl)c1,-3.13,Slightly Soluble,-3.1389
RQFUZUMFPRMVDX-UHFFFAOYSA-N,OCCCBr,0.822,Highly Soluble,0.0093
BUKLLCIUMZELOH-UHFFFAOYSA-N,Clc1cccc(Oc2ccc(Cl)c(Cl)c2)c1,-6.65,Insoluble,-5.437
RVCTZJVBWNFYRU-UHFFFAOYSA-N,O=C(O)c1ccc(Br)c([N+](=O)[O-])c1,-2.598,Slightly Soluble,-2.9677
KLIDCXVFHGNTTM-UHFFFAOYSA-N,COc1cccc(OC)c1O,-1.369,Soluble,-0.9525
NRPKURNSADTHLJ-UHFFFAOYSA-N,CCCCCCCCOC(=O)c1cc(O)c(O)c(O)c1,-3.65,Slightly Soluble,-3.8945
PJVJTCIRVMBVIA-UHFFFAOYSA-N,CCOP(=O)(C#N)N(C)C,0.28,Highly Soluble,-0.2186
GHFMMRFMDHDOBP-BJMVGYQFSA-N,CNC(=O)O/N=C/C1(C)SCC(C)S1,-1.845,Soluble,-2.3698
BIKACRYIQSLICJ-UHFFFAOYSA-N,CCOc1nc(F)cc2nc(S(=O)(=O)Nc3c(Cl)cccc3C(=O)OC)nn12,-5.622,Insoluble,-4.4292
PQLMXFQTAMDXIZ-UHFFFAOYSA-N,CCCC(=O)OCCC(C)C,-2.304,Slightly Soluble,-2.9328521233
ZSCDBOWYZJWBIY-UHFFFAOYSA-N,CC(CN(C)C)CN1c2ccccc2CCc2ccccc21,-3.876,Slightly Soluble,-4.79
OUWSNHWQZPEFEX-UHFFFAOYSA-N,CCOC(=O)CCCC(=O)OCC,-1.306,Soluble,-1.3297
XFYQEBBUVNLYBR-UHFFFAOYSA-N,O=C1c2ccccc2C2=Nc3cccc4cccc(c34)N12,-6.323,Insoluble,-7.255740326000001
YKGCBLWILMDSAV-UHFFFAOYSA-N,COc1cc(O)c(CC=C(C)C)c2c1C(=O)CC(c1ccc(O)cc1)O2,-5.749,Insoluble,-5.44
FDGQSTZJBFJUBT-UHFFFAOYSA-N,O=c1[nH]cnc2nc[nH]c12,-2.13,Slightly Soluble,-2.2888
SIDLZWOQUZRBRU-UHFFFAOYSA-N,CCC1(CC)C(=O)NCC(C)C1=O,-1.377,Soluble,-0.38
CRIGTVCBMUKRSL-FNORWQNLSA-N,C/C=C/C(=O)C1C(C)=CCCC1(C)C,-3.093,Slightly Soluble,-3.1378557654000003
NVMAYDSQOSXSJU-UHFFFAOYSA-N,CC1(C)SCC(COC(N)=O)S1,-1.589,Soluble,-2.22
UZSOKKLFJFYROF-UHFFFAOYSA-N,CN(c1ccccc1)S(=O)(=O)C1=CC(=O)C2=C(NNc3ccc(NC(=O)CCl)cc3S(=O)(=O)O)C(=N)C=CC2=C1,-5.129,Insoluble,-4.3588570696
LGYTZKPVOAIUKX-UHFFFAOYSA-N,CC(=O)CCC1C(=O)N(c2ccccc2)N(c2ccccc2)C1=O,-4.118,Insoluble,-3.2676
FRCCEHPWNOQAEU-UHFFFAOYSA-N,ClC1=C(Cl)C2(Cl)C3C(Cl)C=CC3C1(Cl)C2(Cl)Cl,-6.569,Insoluble,-6.3168
SWSQBOPZIKWTGO-UHFFFAOYSA-N,CN(C)C(=N)N,0.549,Highly Soluble,-1.7306
NCEXYHBECQHGNR-QZQOTICOSA-N,O=C(O)c1cc(/N=N/c2ccc(S(=O)(=O)Nc3ccccn3)cc2)ccc1O,-4.819,Insoluble,-6.14
XYIWQQBZKLUEND-UPHRSURJSA-N,N/C(N=O)=C(\N)NO,-1.213,Soluble,-0.7773
BCXKOIICQXXQJZ-UHFFFAOYSA-N,CCCC(=O)OCn1cnc2c1c(=O)n(C)c(=O)n2C,-1.833,Soluble,-1.86
MBNGWHIJMBWFHU-UHFFFAOYSA-N,COc1ccc(-c2cc(=O)c3c(O)cc(O)cc3o2)cc1O,-4.781,Insoluble,-6.1987525576
XIUCEANTZSXBQQ-UHFFFAOYSA-N,C[N+](C)(C)CC(O)CCl,0.762,Highly Soluble,0.6474063078
ULGAVXUJJBOWOD-UHFFFAOYSA-N,CC(C)(C)c1ccc(OP(=O)(Oc2ccccc2)Oc2ccccc2)cc1,-6.047,Insoluble,-5.0774
OTTZHAVKAVGASB-UHFFFAOYSA-N,CC=CCCCC,-3.335,Slightly Soluble,-3.82
DZIHTWJGPDVSGE-UHFFFAOYSA-N,NC1CCC(CC2CCC(N)CC2)CC1,-1.535,Soluble,-1.6240034803
NKJOXAZJBOMXID-UHFFFAOYSA-N,CCCCCCCCOCCCCCCCC,-5.549,Insoluble,-6.3846168146
MWMBCXXTFFHALK-UHFFFAOYSA-N,Cc1cccc2ccc3cc4ccccc4cc3c12,-6.788,Insoluble,-6.644
IIVOEPVKDWTLJB-UHFFFAOYSA-N,CCCC(=O)OCn1ncc2c(=O)[nH]cnc21,-2.127,Slightly Soluble,-2.83
FCTDXVQYLPZTNX-UHFFFAOYSA-N,c1ccc2c3c(ccc2c1)Sc1ccc2ccccc2c1N3,-7.182,Insoluble,-7.9081
IEQIEDJGQAUEQZ-UHFFFAOYSA-N,c1ccc2c(c1)-c1nc3nc(nc4[nH]c(nc5[nH]c(nc-2n1)c1ccccc51)c1ccccc41)-c1ccccc1-3,-8.673,Insoluble,-6.9837209828
BSVGCJGACKDNDR-JYRVWZFOSA-N,CCN(CC)C(=O)/C(C#N)=C\c1cc(OC(=O)NC(C)(C)C)c(O)c([N+](=O)[O-])c1,-4.093,Insoluble,-3.53
JHEFOJNPLXSWNZ-UHFFFAOYSA-N,CC(=O)Nc1ccc(F)cc1,-2.041,Slightly Soluble,-1.78
NHDODQWIKUYWMW-UHFFFAOYSA-N,Clc1ccc(Br)cc1,-2.918,Slightly Soluble,-3.6298
WOTSYQVYXBEKOX-UHFFFAOYSA-N,CC(CC(=O)Nc1ccccc1)C(=O)O,-1.873,Soluble,0.39
OPJYIWMGTSMLKB-UHFFFAOYSA-N,NNC(=O)c1nccs1,-0.997,Soluble,-0.6787
HLVFKOKELQSXIQ-UHFFFAOYSA-N,CC(C)CBr,-1.668,Soluble,-2.432
ULULAZKOCFNOIM-UHFFFAOYSA-N,CCCCCCOC(=O)c1ccc(O)cc1,-3.325,Slightly Soluble,-3.949
XLOMZPUITCYLMJ-UHFFFAOYSA-N,C=CCC1(C(C)CCC)C(=O)NC(=S)NC1=O,-3.245,Slightly Soluble,-3.4585
QMLVECGLEOSESV-UHFFFAOYSA-N,CN1CC2CC1CN2c1cc2c(cc1F)c(=O)c(C(=O)O)cn2C1CC1,-3.029,Slightly Soluble,-2.9
PJHKBYALYHRYSK-UHFFFAOYSA-N,CCCCCCC(=O)OCC(COC(=O)CCCCCC)OC(=O)CCCCCC,-6.514,Insoluble,-6.9330922951
KZJRKRQSDZGHEC-UHFFFAOYSA-N,O=C(c1ccccc1)C(F)(F)F,-2.094,Slightly Soluble,-1.16
JIMMILCKVYOFET-UHFFFAOYSA-N,CCCCCCCCCCCCC(O)CCC,-5.371,Insoluble,-6.7708
SJJISKLXUJVZOA-UHFFFAOYSA-N,CCN(CC)c1ccc(N=Nc2ccccc2)cc1,-4.089,Insoluble,-5.9821152675
MDKCFLQDBWCQCV-UHFFFAOYSA-N,S=C=NCc1ccccc1,-3.023,Slightly Soluble,-3.1364
VURKRJGMSKJIQX-UHFFFAOYSA-N,Nc1nc2ncc(=O)[nH]c2c(=O)[nH]1,-3.31,Slightly Soluble,-3.86
IUJLOAKJZQBENM-UHFFFAOYSA-N,CC(C)(C)NSc1nc2ccccc2s1,-3.741,Slightly Soluble,-5.136722389
GULNIHOSWFYMRN-UHFFFAOYSA-N,COc1ccc(CN(CCN(C)C)c2ncccn2)cc1,-2.188,Slightly Soluble,-2.99
RTMXPNYHPHIDHX-UHFFFAOYSA-N,S=C=Nc1ccc2ccccc2c1,-4.843,Insoluble,-4.44
RDMOROXKXONCAL-UHFFFAOYSA-N,COC1=C(C(=O)O)N2C(=O)C(NC(=O)C(N)C3=CCC=CC3)C2SC1,-2.324,Slightly Soluble,-1.89
LHQIJBMDNUYRAM-UHFFFAOYSA-N,CC(O)C(O)c1cnc2nc(N)[nH]c(=O)c2n1,-1.539,Soluble,-2.5301
RIMXLXBUOQMDHV-UHFFFAOYSA-N,Clc1ccc(-c2ccccc2Cl)cc1Cl,-6.099,Insoluble,-6.287000000000001
HLCYDXRGEPUIOB-UHFFFAOYSA-N,Nc1ccc(S(=O)(=O)Nc2ccn(Cc3ccccc3)c(=O)n2)cc1,-4.188,Insoluble,-4.8
RAXBGBHBUFGWPG-UHFFFAOYSA-N,NNC(=O)c1ccc2c(c1)OCO2,-1.678,Soluble,-0.6
WURBFLDFSFBTLW-UHFFFAOYSA-N,O=C(C(=O)c1ccccc1)c1ccccc1,-3.34,Slightly Soluble,-2.8
ODHCTXKNWHHXJC-UHFFFAOYSA-N,O=C1CCC(C(=O)O)N1,-0.076,Soluble,-0.4042589172
RELMFMZEBKVZJC-UHFFFAOYSA-N,Clc1cccc(Cl)c1Cl,-3.77,Slightly Soluble,-4.003482074
PHXLONCQBNATSL-UHFFFAOYSA-N,Cc1cc(Cc2cc(C)cc(C3(C)CCCCC3)c2O)c(O)c(C2(C)CCCCC2)c1,-7.5,Insoluble,-8.146786216599999
BMIPMKQAAJKBKP-UHFFFAOYSA-N,Cc1cc(C)c(N)cc1C,-1.792,Soluble,-1.9549
QUXFOKCUIZCKGS-UHFFFAOYSA-N,CC(CC(C)(C)C)CP(=O)(O)CC(C)CC(C)(C)C,-3.34,Slightly Soluble,-4.366128471100001
LBGDJUYHCRTMQV-UHFFFAOYSA-N,O=C(Nc1ccccc1)C(O)(O)C(=O)Nc1ccccc1,-2.471,Slightly Soluble,-2.4568
NMEZJSDUZQOPFE-UHFFFAOYSA-N,O=C(O)C1=CCCCC1,-0.521,Soluble,-1.2558
XZIBWWMTMXSPOO-UHFFFAOYSA-N,CCN(CC)C(=O)COC(=O)c1cn(CC)c2nc(C)ccc2c1=O,-3.359,Slightly Soluble,-1.43
ZQCCHNBMSHOJAT-UHFFFAOYSA-N,Clc1cc(Oc2ccccc2)cc(Cl)c1Cl,-6.658,Insoluble,-6.77
VPGYQOPHCDIWSQ-UHFFFAOYSA-N,CCOC(=O)CN(C)C(=O)COC(=O)c1ccccc1,-2.0,Soluble,-1.67
PJBQWWHYTVYMLO-UHFFFAOYSA-N,O=C1OC(C(O)CO)C(=O)C1O,-0.294,Soluble,0.28
IQYWPSFHLGGWJB-UHFFFAOYSA-N,O=C1c2ccccc2C(=O)C1S(=O)(=O)O,-1.828,Soluble,-2.23
BMKDZUISNHGIBY-UHFFFAOYSA-N,CC(CN1CC(=O)NC(=O)C1)N1CC(=O)NC(=O)C1,-0.837,Soluble,-1.27
DMXUBGVVJLVCPB-UHFFFAOYSA-N,CC1=CC(C)C(CO)C(C)C1,-1.238,Soluble,-2.3711973931
MYSWGUAQZAJSOK-UHFFFAOYSA-N,O=C(O)c1cn(C2CC2)c2cc(N3CCNCC3)c(F)cc2c1=O,-2.844,Slightly Soluble,-3.6
UAQVHNZEONHPQG-UHFFFAOYSA-N,CC(NC(=O)c1ccccc1)C(=O)O,-1.538,Soluble,-1.6839
ABYZYVAIOYICJQ-UHFFFAOYSA-N,Clc1cc(Cl)c(Oc2cccc(Cl)c2Cl)cc1Cl,-8.543,Insoluble,-7.48
NGFPWHGISWUQOI-UHFFFAOYSA-N,CCC(C)c1ccccc1O,-2.004,Slightly Soluble,-2.0123777929
XTCHLXABLZQNNN-UHFFFAOYSA-N,CCc1cc(C)cc(O)c1,-1.823,Soluble,-1.7696
SZQWZNOMEWDZLR-UHFFFAOYSA-N,CC(C)CC(=O)Oc1ccc([N+](=O)[O-])cc1,-3.74,Slightly Soluble,-4.3945
UIPDOEPZZQRQKQ-UHFFFAOYSA-N,Nc1cccc(Nc2ccccc2C(=O)O)c1,-3.266,Slightly Soluble,-4.09
CZZZABOKJQXEBO-UHFFFAOYSA-N,Cc1ccc(N)c(C)c1,-1.27,Soluble,-1.3352536727
LMQJBFRGXHMNOX-UHFFFAOYSA-N,Clc1ccc(-c2cc(Cl)c(Cl)cc2Cl)c(Cl)c1,-8.015,Insoluble,-7.9503
DOALOUQODWWGEZ-UHFFFAOYSA-N,CCCC1CCC(c2ccc(-c3ccc(CC)cc3)cc2)CC1,-7.328,Insoluble,-7.1853905644000005
IYOLBFFHPZOQGW-UHFFFAOYSA-N,Cc1cc(O)c(Cl)c(C)c1Cl,-2.841,Slightly Soluble,-2.9801
SVIKNKPDPGCMAE-UHFFFAOYSA-N,CS(=O)(=O)N(SC(Cl)(Cl)C(F)(Cl)Cl)c1ccccc1,-4.822,Insoluble,-5.1485
DSSOAANULUSBGQ-UHFFFAOYSA-N,NNC(=O)C(O)C(O)C(O)C(O)CO,0.157,Highly Soluble,-0.4985
QPLJYAKLSCXZSF-UHFFFAOYSA-N,NC(=O)OCC(Cl)(Cl)Cl,-0.999,Soluble,-1.2843
BASMANVIUSSIIM-UHFFFAOYSA-N,ClCc1ccccc1Cl,-3.024,Slightly Soluble,-3.2069094899
RNJVAUBBYGWVBF-UHFFFAOYSA-N,C=CC(=O)OC(C)COCC(C)OC(=O)C=C,-1.854,Soluble,-1.6682980883
QULYNCCPRWKEMF-UHFFFAOYSA-N,FC(F)(F)c1ccc(Cl)cc1,-3.352,Slightly Soluble,-3.7276952246
MFYSYFVPBJMHGN-UHFFFAOYSA-N,CC12CCC(=O)C=C1CCC1C2C(=O)CC2(C)C1CCC2(O)C(=O)CO,-3.135,Slightly Soluble,-3.11
NJEMMCIKSMMBDM-UHFFFAOYSA-N,CCOCCOC(=O)CCCCC(=O)OCCOCC,-1.768,Soluble,-2.065
LHRCREOYAASXPZ-UHFFFAOYSA-N,c1ccc2c(c1)ccc1cc3c(ccc4ccccc43)cc12,-7.728,Insoluble,-8.6679
GBROPGWFBFCKAG-UHFFFAOYSA-N,c1ccc2c(c1)ccc1c2ccc2c3ccccc3ccc21,-7.664,Insoluble,-7.87
LNNXFUZKZLXPOF-UHFFFAOYSA-N,CC(C)CO[N+](=O)[O-],-1.042,Soluble,-1.9521
HJHUXWBTVVFLQI-UHFFFAOYSA-N,CCCC[N+](C)(CCCC)CCCC,-2.217,Slightly Soluble,0.4850619562
NPBDWXMKLFBNIW-UHFFFAOYSA-N,CCN(CCC#N)c1ccc(N=Nc2ccc([N+](=O)[O-])cc2Cl)cc1,-6.567,Insoluble,-4.2526115544
LPTITAGPBXDDGR-UHFFFAOYSA-N,CC(=O)OCC1OC(OC(C)=O)C(OC(C)=O)C(OC(C)=O)C1OC(C)=O,-1.752,Soluble,-2.4153529113
PDNYHBVQDYRJOT-UHFFFAOYSA-N,COc1cc(OC)cc(C(=O)N(O)c2cccc(C)c2)c1,-4.02,Insoluble,-3.61
HGBOYTHUEUWSSQ-UHFFFAOYSA-N,CCCCC=O,-0.017,Soluble,-0.85
VOUGEZYPVGAPBB-UHFFFAOYSA-N,C=C(C)C(=O)C(=CC(=O)O)OC,-0.817,Soluble,-0.9299
JLGHCFNZJKVXAE-UHFFFAOYSA-N,NS(=O)(=O)c1ccc(NO)cc1,-1.046,Soluble,-0.84
WUZSFIKFFXBHMB-UHFFFAOYSA-N,O=C(CBr)Nc1ccc(Cl)cc1C(=O)c1ccccc1F,-6.246,Insoluble,-5.5693457861
OPQYFNRLWBWCST-UHFFFAOYSA-N,O=C(O)COc1ccccc1Cl,-2.107,Slightly Soluble,-2.1637
MVQVNTPHUGQQHK-UHFFFAOYSA-N,OCc1cccnc1,0.094,Highly Soluble,0.9620638041
BRLQWZUYTZBJKN-UHFFFAOYSA-N,ClCC1CO1,0.541,Highly Soluble,-0.1473736792
ZTMADXFOCUXMJE-UHFFFAOYSA-N,Cc1c(O)cccc1O,-0.827,Soluble,0.1927727267
VBNJGYOQZAENPO-UHFFFAOYSA-N,Clc1ccc(Oc2ccccc2Cl)cc1Cl,-6.664,Insoluble,-5.199
GZMAAYIALGURDQ-UHFFFAOYSA-N,CCCCCCOCCOCCO,-0.768,Soluble,-1.0490000000000002
JQMAWYRGSOSWNJ-UHFFFAOYSA-N,O=C(CBr)Nc1ccc(Cl)cc1C(=O)c1ccccc1Cl,-6.56,Insoluble,-6.8888082879
JHQVCQDWGSXTFE-UHFFFAOYSA-N,C=CCOC(=O)OCCOCCOC(=O)OCC=C,-1.534,Soluble,-2.0652647201
MXLMTQWGSQIYOW-UHFFFAOYSA-N,CC(C)C(C)O,0.378,Highly Soluble,-0.18
DVTKTUMRXCKEEG-UHFFFAOYSA-N,ClC(Br)CBr,-1.489,Soluble,-2.5546
TVWGHFVGFWIHFN-UHFFFAOYSA-N,CCCCCCCCCCCCCCC(C)c1cc(C)cc(C)c1O,-7.599,Insoluble,-7.335707322699999
BRUZQRBVNRKLJG-UHFFFAOYSA-N,CC(C)COC(N)=O,-0.071,Soluble,-0.3
YOOYVODKUBZAPO-UHFFFAOYSA-N,O=P(O)(O)c1cccc2ccccc12,-1.487,Soluble,-1.6194
ZKVMMSGRDBQIOQ-UHFFFAOYSA-N,FC(Cl)(Cl)CCl,-1.842,Soluble,-3.04
DNOBQSKPOIGIIX-NFFVHWSESA-N,Cc1cc([N+](=O)[O-])ccc1N/N=C1\C(=O)C(C(=O)Nc2ccccc2C)=Cc2ccccc21,-8.364,Insoluble,-7.981147656799999
GZPHSAQLYPIAIN-UHFFFAOYSA-N,N#Cc1cccnc1,-0.691,Soluble,0.1128
JXAOTICXQLILTC-UHFFFAOYSA-N,NC1C(O)C(O)C(O)C(O)C1O,0.153,Highly Soluble,-1.41
CBFIWURGLMUIDN-UHFFFAOYSA-N,O=C(O)Cn1ccc2cc3c(Nc4cccc(Br)c4)ncnc3cc21,-4.997,Insoluble,-1.96
ZJCCRDAZUWHFQH-UHFFFAOYSA-N,CCC(CO)(CO)CO,0.79,Highly Soluble,0.8723
BQFCCUSDZLKBJG-UHFFFAOYSA-N,Clc1cc(-c2c(Cl)cc(Cl)c(Cl)c2Cl)c(Cl)c(Cl)c1Cl,-9.792,Insoluble,-9.42
CTSLXHKWHWQRSH-UHFFFAOYSA-N,O=C(Cl)C(=O)Cl,-0.182,Soluble,0.8964494062999999
YPDSIEMYVQERLJ-UHFFFAOYSA-N,O=c1[nH]c2cncnc2[nH]1,-1.98,Soluble,-1.5141
LCPDWSOZIOUXRV-UHFFFAOYSA-N,O=C(O)COc1ccccc1,-1.232,Soluble,0.1085957051
DQKWXTIYGWPGOO-UHFFFAOYSA-N,CCCCCCCC(=O)Oc1c(Br)cc(C#N)cc1Br,-6.245,Insoluble,-6.7023
ZJNLYGOUHDJHMG-UHFFFAOYSA-N,CC(C)CCC(C)Nc1ccc(NC(C)CCC(C)C)cc1,-4.646,Insoluble,-5.5751336546
SDXAWLJRERMRKF-UHFFFAOYSA-N,Cc1cc(C)[nH]n1,-0.242,Soluble,-0.5204744976
OIRDTQYFTABQOQ-UHFFFAOYSA-N,Nc1ncnc2c1ncn2C1OC(CO)C(O)C1O,-1.222,Soluble,-1.73
HFVPPHLKEKRGHI-UHFFFAOYSA-N,CCC(=O)Oc1ccc(NC(C)=O)cc1,-2.605,Slightly Soluble,-2.72
QGLZXHRNAYXIBU-WEVVVXLNSA-N,CNC(=O)O/N=C/C(C)(C)SC,-1.174,Soluble,-1.4991
UKVLTPAGJIYSGN-UHFFFAOYSA-N,OC(Cn1ccnc1)c1ccc(Cl)cc1Cl,-2.389,Slightly Soluble,-3.2640078237
UIDWQGRXEVDFCA-XCVCLJGOSA-N,O=C1CN(/N=C/c2ccc([N+](=O)[O-])o2)C(=O)N1CO,-2.267,Slightly Soluble,-2.91
SFXAJOVEEUKUPY-UHFFFAOYSA-N,CCCC(=O)OCSc1ncnc2c1ncn2COC(=O)CCC,-3.221,Slightly Soluble,-3.71
DZLFLBLQUQXARW-UHFFFAOYSA-N,CCCC[N+](CCCC)(CCCC)CCCC,-3.147,Slightly Soluble,1.3320248442
YDLYQMBWCWFRAI-UHFFFAOYSA-N,CCCCCCCCCCCCCCCCCCCCCCCCCCCCCCCCCCCC,-7.209,Insoluble,-8.4746
WKRLQDKEXYKHJB-HFTRVMKXSA-N,C[C@]12CC[C@H]3C(=CCc4cc(O)ccc43)[C@@H]1CCC2=O,-4.747,Insoluble,-5.2795
CNRNYORZJGVOSY-UHFFFAOYSA-N,c1ccc(-c2cnc(-c3ccccc3)o2)cc1,-4.062,Insoluble,-5.5532102962
VQKFNUFAXTZWDK-UHFFFAOYSA-N,Cc1ccco1,0.238,Highly Soluble,-1.4372
PHOQVHQSTUBQQK-UHFFFAOYSA-N,O=C1OC(CO)C(O)C(O)C1O,-0.156,Soluble,0.5201
ULBXWWGWDPVHAO-UHFFFAOYSA-N,C#CC(C)OC(=O)Nc1cccc(Cl)c1,-3.68,Slightly Soluble,-2.6172
QQVIHTHCMHWDBS-UHFFFAOYSA-N,O=C(O)c1cccc(C(=O)O)c1,-1.635,Soluble,-3.2204
SSGODMHQNTWPOX-UHFFFAOYSA-N,N#CNC(N)=S,-0.623,Soluble,-0.0049
LVVXLDUCGFTWHJ-UHFFFAOYSA-N,O=C(O)CC(C(=O)O)(c1ccccc1)c1ccccc1,-2.871,Slightly Soluble,-2.4318
GSLVKBRGRSHUAU-UHFFFAOYSA-N,CCONC(=O)c1cn(C)c(=O)c(F)c1Nc1ccc(Br)cc1F,-5.554,Insoluble,-4.19
KSPQDMRTZZYQLM-UHFFFAOYSA-N,O=C(O)CNC(=O)c1ccco1,-0.98,Soluble,-0.7272
HTXPRECVNAFGMW-UHFFFAOYSA-N,CCCC(CCC)(C(=O)NO)c1ccccc1,-2.896,Slightly Soluble,-2.89
XKVUYEYANWFIJX-UHFFFAOYSA-N,Cc1ccn[nH]1,0.435,Highly Soluble,1.0856251051
SHSQCPXGYRPQDR-UHFFFAOYSA-N,CCCC(=O)n1c(=O)[nH]cc(F)c1=O,-1.944,Soluble,-1.28
QUSNBJAOOMFDIB-UHFFFAOYSA-N,CCN,2.381,Highly Soluble,1.346
AZQWKYJCGOJGHM-UHFFFAOYSA-N,O=C1C=CC(=O)C=C1,-0.179,Soluble,-0.89
CJFLBOQMPJCWLR-UHFFFAOYSA-N,CC(C)CCCCCOC(=O)CCCCC(=O)OCCCCCC(C)C,-6.794,Insoluble,-6.869904941000001
VYKSRLDHXQURKA-UHFFFAOYSA-N,COCCCCC(=O)c1ccc(C(F)(F)F)cc1,-3.658,Slightly Soluble,-3.5440597008
HXCILVUBKWANLN-UHFFFAOYSA-N,CCN(CC)c1ccc([C+](c2ccccc2)c2ccc(N(CC)CC)cc2)cc1,-5.953,Insoluble,-2.0572883439
RCRHKXGEYNVPDK-UHFFFAOYSA-N,CCOP(=O)(OCC)SC[S+]([O-])CC,-0.241,Soluble,-1.5124
KHNYNFUTFKJLDD-UHFFFAOYSA-N,c1ccc2c3c(ccc2c1)-c1cccc2cccc-3c12,-7.349,Insoluble,-8.004
OVGDAVVFKDPXIC-UHFFFAOYSA-N,CC(=O)n1cc(F)c(=O)[nH]c1=O,-1.546,Soluble,-0.6
YPXOPAFVVHXQDP-ZZEZOPTASA-N,Cc1ccc(N/N=C2\C(=O)C=Cc3ccccc32)c(C)c1,-5.685,Insoluble,-6.7054442976
SQZCZXRYOJJCDU-UHFFFAOYSA-N,CC(C)c1nc([N+](=O)[O-])c[nH]1,-1.857,Soluble,-1.15
QGRPVMLBTFGQDQ-UHFFFAOYSA-N,COc1ccccc1Cl,-2.062,Slightly Soluble,-2.4639
SBLPWPLKGFWLKK-UHFFFAOYSA-N,CCOP(=S)(OCC)Oc1cc(Cl)c(Cl)c(SC)c1,-6.543,Insoluble,-6.0807
UVJHQYIOXKWHFD-UHFFFAOYSA-N,C1=CCC=CC1,-2.076,Slightly Soluble,-2.0587
TZXATTMVGZDPHM-UHFFFAOYSA-N,CCN(CC[N+](C)(C)C)c1ccc(N=Nc2ccc([N+](=O)[O-])cc2Cl)cc1,-2.915,Slightly Soluble,-3.0386996230000003
CAWSVYYOUZEMHA-UHFFFAOYSA-N,Clc1ccc(Oc2ccc(Cl)c(Cl)c2)c(Cl)c1,-7.698,Insoluble,-7.0
HCTFEPDEGBYVHP-UHFFFAOYSA-N,COc1ccc(CC2NC(=O)N(C(C)C(=O)O)C2=O)cc1,-2.439,Slightly Soluble,-0.86
CERQOIWHTDAKMF-UHFFFAOYSA-N,C=C(C)C(=O)O,0.629,Highly Soluble,-2.3632080977000003
ITMRQGQCULJEJR-UHFFFAOYSA-N,CC(C)(C)OC(=O)c1cccc([N+](=O)[O-])c1C(=O)O,-3.285,Slightly Soluble,-3.0467
JSRLURSZEMLAFO-UHFFFAOYSA-N,Brc1cccc(Br)c1,-3.019,Slightly Soluble,-3.5435
ZKHQWZAMYRWXGA-KQYNXXCUSA-N,Nc1ncnc2c1ncn2[C@@H]1O[C@H](COP(=O)(O)OP(=O)(O)OP(=O)(O)O)[C@@H](O)[C@H]1O,-1.159,Soluble,0.0168879621
SUIIPPMGDURFRE-UHFFFAOYSA-N,ON=C1CCCCCCCCC1=NO,-1.812,Soluble,-2.5813
XTFNPKDYCLFGPV-OMCISZLKSA-N,O=[N+]([O-])c1ccc(O/N=C/c2cc(Br)c(O)c(Br)c2)c([N+](=O)[O-])c1,-5.893,Insoluble,-5.19
GZSOSUNBTXMUFQ-YFAPSIMESA-N,COc1ccc(-c2cc(=O)c3c(O)cc(O[C@@H]4O[C@H](CO[C@@H]5O[C@@H](C)[C@H](O)[C@@H](O)[C@H]5O)[C@@H](O)[C@H](O)[C@H]4O)cc3o2)cc1O,-2.979,Slightly Soluble,-7.505541952200001
JEWIAYIESCUSKQ-UHFFFAOYSA-N,Brc1ccc2c(c1)Sc1ccccc1N2,-4.972,Insoluble,-6.1119
QIHKTBRNOLQDGQ-UHFFFAOYSA-N,COc1cc(NC(=O)c2cc3ccccc3cc2O)c(OC)cc1Cl,-6.547,Insoluble,-5.0622701458
GOMAEJQBTWAPAN-UHFFFAOYSA-N,CC1C(=O)NC(=O)NC1=O,-0.499,Soluble,-1.13
WVMBPWMAQDVZCM-UHFFFAOYSA-N,CNc1ccccc1C(=O)O,-1.349,Soluble,-2.8784
VGHPMIFEKOFHHQ-UHFFFAOYSA-N,COc1cc(OC)n2nc(S(=O)(=O)Nc3c(Cl)ccc(C)c3Cl)nc2n1,-5.797,Insoluble,-3.3204
HHLXJTDUHFBYAU-UHFFFAOYSA-N,CCC1(C(C)C)C(=O)NC(=O)NC1=O,-1.505,Soluble,-2.148
AMEKQAFGQBKLKX-UHFFFAOYSA-N,CC1=C(C(=O)Nc2ccccc2)S(=O)(=O)CCO1,-2.955,Slightly Soluble,-2.43
QAQCUBLNHBKTRM-UHFFFAOYSA-N,CC1=CCC(C)C(C)C1=O,-1.267,Soluble,-1.8852669619
VBHLKZHSCMQLTI-UHFFFAOYSA-N,CC(=O)Nc1nc2c(ncn2COCCOC(C)=O)c(=O)[nH]1,-2.36,Slightly Soluble,-2.14
NIXOWILDQLNWCW-UHFFFAOYSA-N,C=CC(=O)O,0.981,Highly Soluble,0.0059673299
ZFSLODLOARCGLH-UHFFFAOYSA-N,O=c1[nH]c(=O)[nH]c(=O)[nH]1,-3.867,Slightly Soluble,-1.8076460763
IJMWOMHMDSDKGK-UHFFFAOYSA-N,CCC(=O)OC(C)C,-0.553,Soluble,-1.2906
DRAVOWXCEBXPTN-UHFFFAOYSA-N,Nc1nc(=O)[nH]c2[nH]cnc12,-2.874,Slightly Soluble,-3.38
BDJSOPWXYLFTNW-UHFFFAOYSA-N,COCCC(=O)OC,0.481,Highly Soluble,0.8026937067000001
KQXKVJAGOJTNJS-UHFFFAOYSA-N,CC(C)(C)NCC(O)COc1ccccc1C1CCCC1,-2.85,Slightly Soluble,-1.84
MJJXVEPFHAODSG-UHFFFAOYSA-N,COc1ccc2cc(C(C)C(=O)OCCN3CCNCC3)ccc2c1,-2.694,Slightly Soluble,-1.52
YOVRNJUIHVNXCB-UHFFFAOYSA-N,O=C1CCCCCN1C(=O)NCCCCCCNC(=O)N1CCCCCC1=O,-3.345,Slightly Soluble,-3.9064006561
SWUIQEBPZIHZQS-UHFFFAOYSA-N,Cc1ccc2c(c1)OCC(=O)CO2,-2.062,Slightly Soluble,-1.1141554489
NAQMVNRVTILPCV-UHFFFAOYSA-N,NCCCCCCN,0.581,Highly Soluble,0.7389034055
LMUMOFOWZKACOU-UHFFFAOYSA-N,CC12CCC(=O)C=C1CCC1C2CCC2(C)C(OC=O)CCC12,-5.264,Insoluble,-4.93
TZFWDZFKRBELIQ-UHFFFAOYSA-N,O=c1[nH]c2cc(Cl)ccc2o1,-2.897,Slightly Soluble,-2.66
BVQVLAIMHVDZEL-UHFFFAOYSA-N,CC(=O)C(=O)c1ccccc1,-1.43,Soluble,-1.7558
YKBZOVFACRVRJN-UHFFFAOYSA-N,CN=C(NCC1CCOC1)N[N+](=O)[O-],-2.011,Slightly Soluble,-0.5694147178
RKWGIWYCVPQPMF-UHFFFAOYSA-N,CCCNC(=O)NS(=O)(=O)c1ccc(Cl)cc1,-3.338,Slightly Soluble,-3.25
LSPHULWDVZXLIL-UHFFFAOYSA-N,CC1(C(=O)O)CCC(C(=O)O)C1(C)C,-1.319,Soluble,-1.42
HTAUUADKDLLMRU-UHFFFAOYSA-N,CCOP(=O)(Cc1ccc(-c2nc3ccccc3s2)cc1)N1CCCC1=O,-5.183,Insoluble,-3.73
ZSFUDSWIVAQKEN-UHFFFAOYSA-N,CCN1c2cc(Cl)ccc2NC(=O)c2cccnc21,-4.489,Insoluble,-5.36
HHMCAJWVGYGUEF-UHFFFAOYSA-N,O=[N+]([O-])c1ccc(Oc2ccc(C(F)(F)F)cc2[N+](=O)[O-])cc1,-5.374,Insoluble,-5.2151
YQPCHPBGAALCRT-UHFFFAOYSA-N,O=C(O)CC1(CC(=O)O)CCCCC1,-1.334,Soluble,-1.4722340504
PUJJZGFFAQHYEX-UHFFFAOYSA-N,CC(Br)CCl,-1.483,Soluble,-1.8476
DMHAXLGAKQREIL-UHFFFAOYSA-N,CC(=O)OCCOCn1cnc2c(=O)[nH]c(N)nc21,-2.033,Slightly Soluble,-2.7
NAOAIXJLSONHSA-UHFFFAOYSA-N,O=C(N=NNc1cc(Cl)c(-c2ccc(-c3cc(Cl)c(NN=NC(=O)c4cc5ccccc5cc4O)cc3Cl)cc2)cc1Cl)c1cc2ccccc2cc1O,-8.636,Insoluble,-8.0871707055
NWJVKSITTJQWCG-UHFFFAOYSA-N,O=C(c1ccc(Oc2ccccc2)cc1)c1ccc(C(=O)c2ccc(Oc3ccccc3)cc2)cc1,-8.509,Insoluble,-7.973611776
BMFYCFSWWDXEPB-UHFFFAOYSA-N,O=C(c1ccccc1)C1CCCCC1,-3.051,Slightly Soluble,-4.014709734599999
AXISYYRBXTVTFY-UHFFFAOYSA-N,CCCCCCCCCCCCCC(=O)OC(C)C,-6.433,Insoluble,-6.733128222
VKQOHFHGWCXKOA-UHFFFAOYSA-N,Nc1cc([N+](=O)[O-])ccc1I,-2.594,Slightly Soluble,-4.4216
ZPEFPSJMGSVLKW-UHFFFAOYSA-N,COc1cc([N+](=O)[O-])c2c(c1OC)C(=O)OC2,-3.678,Slightly Soluble,-3.21
FMJSMJQBSVNSBF-UHFFFAOYSA-N,CCCCC(CC)COC(=O)C(C#N)=C(c1ccccc1)c1ccccc1,-7.127,Insoluble,-6.5580902807
PTJQVJQAZSLKJO-UHFFFAOYSA-N,Brc1ccc(-c2ccc(Br)c(Br)c2Br)c(Br)c1Br,-8.794,Insoluble,-7.7563
HHHVICDYYBLIAG-UHFFFAOYSA-N,C=C(Br)C(=O)Nc1ccc(N=Nc2c(N)ccc3cc(S(=O)(=O)O)ccc23)c(S(=O)(=O)c2ccc(C)c(S(=O)(=O)O)c2)c1,-5.292,Insoluble,-1.8948362305
AVOQDBLSHMVAMW-UHFFFAOYSA-N,CCC1=C(C2(CC)C(=O)NC(=O)NC2=O)CCCC1,-2.917,Slightly Soluble,-3.53
STGXUBIZGYMIRM-UHFFFAOYSA-N,C=CC(=O)OCC1(CC)COCOC1,-1.08,Soluble,-1.3330548746
BQNWWHFSEXYHKU-UHFFFAOYSA-N,NC(=O)NCCCCCC(=O)O,-0.476,Soluble,-2.16
NPTQTLMUAAVGNU-UHFFFAOYSA-N,CCCCCCCCCCOC(=O)C(CC)CCCC,-6.796,Insoluble,-8.1939864578
ISBHMJZRKAFTGE-ARJAWSKDSA-N,CC/C=C\C#N,0.021,Highly Soluble,-0.8598992117
WBCCOWHDSAVXAO-AATRIKPKSA-N,CC/C=C/CCCCCCCCCCCCCCOCC,-6.604,Insoluble,-4.7999839607
YGYNBBAUIYTWBF-UHFFFAOYSA-N,Cc1ccc2cc(C)ccc2c1,-3.907,Slightly Soluble,-4.8927
JRIATCFPZFOVNP-UHFFFAOYSA-N,C=C1CCOC(C=C(C)C)C1,-2.115,Slightly Soluble,-2.5104223592
JQUIGGQYRQVIIE-UHFFFAOYSA-N,CC(=O)N(C)C(=O)COC(=O)c1ccccc1,-1.91,Soluble,-2.8664
RZJSCADWIWNGKI-UHFFFAOYSA-N,CC12CCC(=O)C=C1CCC1C2CCC2(C)C(OC(=O)c3ccccc3)CCC12,-6.921,Insoluble,-4.48
FNUXIDAXTMVGMS-UHFFFAOYSA-N,O=C1OC(c2ccc(Br)cc2)C(Br)C1=O,-3.483,Slightly Soluble,-3.05
UWVKRNOCDUPIDM-UHFFFAOYSA-N,CCOc1ccccc1OS(=O)(=O)NC(=O)Nc1nc(OC)cc(OC)n1,-4.49,Insoluble,-4.1853
IAZDPXIOMUYVGZ-UHFFFAOYSA-N,C[S+](C)[O-],1.028,Highly Soluble,1.1072
RNVVYVPDHMKDTL-UHFFFAOYSA-N,COC(=O)COCO,0.483,Highly Soluble,0.9204425284
IZMJMCDDWKSTTK-UHFFFAOYSA-N,O=C1c2ccccc2C(=O)C1c1ccc2ccccc2n1,-5.419,Insoluble,-4.7011861265
LNCZLEZOTUBASE-UHFFFAOYSA-N,Cn1cc(C(N)=O)c(Nc2ccc(Br)cc2F)c(F)c1=O,-4.319,Insoluble,-4.14
FKNQCJSGGFJEIZ-UHFFFAOYSA-N,Cc1ccncc1,0.025,Highly Soluble,1.0309
NMJJFJNHVMGPGM-UHFFFAOYSA-N,CCCCOC=O,0.233,Highly Soluble,-1.1307
VDTNNGKXZGSZIP-UHFFFAOYSA-N,CCCCNC(=O)NS(=O)(=O)c1ccc(N)cc1,-2.306,Slightly Soluble,-2.1782
CZZYITDELCSZES-UHFFFAOYSA-N,c1ccc(Cc2ccccc2)cc1,-3.912,Slightly Soluble,-4.17
LKKOGZVQGQUVHF-UHFFFAOYSA-N,CCOC(=O)CCCCCC(=O)OCC,-2.204,Slightly Soluble,-2.0408
HJJVPARKXDDIQD-UHFFFAOYSA-N,Clc1ccc(C2(Cn3cncn3)CC(Br)CO2)c(Cl)c1,-4.223,Insoluble,-3.8775
VPGRYOFKCNULNK-ACXQXYJUSA-N,CC(=O)OCC(=O)[C@H]1CC[C@H]2[C@@H]3CCC4=CC(=O)CC[C@]4(C)[C@H]3CC[C@]12C,-5.759,Insoluble,-4.6301
KJRMGWZKDHKBCY-UHFFFAOYSA-N,CC1(C#N)CCCC1=O,-0.508,Soluble,0.9095
DUEPRVBVGDRKAG-UHFFFAOYSA-N,CNC(=O)Oc1cccc2c1OC(C)(C)C2,-2.684,Slightly Soluble,-2.42
GBXSMTUPTTWBMN-XIRDDKMYSA-N,CCOC(=O)[C@H](CCc1ccccc1)N[C@@H](C)C(=O)N1CCC[C@H]1C(=O)O,-2.524,Slightly Soluble,-1.3609
AGJOAIMUXIQLCN-UHFFFAOYSA-N,Cc1ccc(NO)cc1,-0.739,Soluble,-0.7894
BBFRYSKTTHYWQZ-UHFFFAOYSA-N,O=[N+]([O-])c1cc(S(=O)(=O)Nc2ccccc2)ccc1Nc1ccccc1,-5.337,Insoluble,-6.269
YRLXBWHNSONKOH-UHFFFAOYSA-N,C=CS(=O)(=O)Nc1ccccc1,-1.73,Soluble,-1.4996
MXBNEEHQIDLPLQ-UHFFFAOYSA-N,O=C1Nc2ccccc2C(=O)N2CCCC12,-2.419,Slightly Soluble,-3.75
RFMMMVDNIPUKGG-UHFFFAOYSA-N,CC(=O)NC(CCC(=O)O)C(=O)O,-0.394,Soluble,-0.71
NKKMVIVFRUYPLQ-NSCUHMNNSA-N,C/C=C/C#N,0.594,Highly Soluble,-0.4287
RHTVQEPJVKUMPI-UHFFFAOYSA-N,O=[N+]([O-])c1ccc(Nc2ccccc2)c([N+](=O)[O-])c1,-4.768,Insoluble,-3.834
HGKOWIQVWAQWDS-UHFFFAOYSA-N,CC(C)CCCCCCCCCCCCCCCOC(=O)CC(O)C(=O)OCCCCCCCCCCCCCCCC(C)C,-7.574,Insoluble,-7.992627598799999
WNDULEJVCPEASN-UHFFFAOYSA-N,CN(C)c1ccc(C(O)(c2ccc(N(C)C)cc2)c2ccc(Nc3ccccc3)c3ccccc23)cc1,-6.259,Insoluble,-6.9891355524000005
SAFRSRKBLQVPQW-UHFFFAOYSA-N,CC(C)OC(=O)C1(S(=O)(=O)c2ccc(Cl)cc2)CC1,-4.077,Insoluble,-3.5401
ZTOMUSMDRMJOTH-UHFFFAOYSA-N,N#CCCCC#N,-0.019,Soluble,1.0263
NHSPPJFIJJWVTN-UHFFFAOYSA-N,O=C(O)C(Cl)=C(Br)Br,-1.04,Soluble,-0.6873
OBZIQQJJIKNWNO-UHFFFAOYSA-N,COP(=S)(OC)Oc1c(Cl)cc(C)cc1Cl,-5.424,Insoluble,-5.4374
POOXVKSDWCXIBU-UHFFFAOYSA-N,Clc1cc(Cl)c(Oc2ccc(Cl)c(Cl)c2)c(Cl)c1,-8.591,Insoluble,-7.62
OBETXYAYXDNJHR-UHFFFAOYSA-N,CCCCC(CC)C(=O)O,-1.584,Soluble,-2.0439121671
LHIJANUOQQMGNT-UHFFFAOYSA-N,NCCNCCO,1.282,Highly Soluble,-4.8091341894
FRFQXYOWMSJIJR-UHFFFAOYSA-N,O=C1c2ccccc2C(=O)c2c(NCCCOCCOCCO)ccc(NCCCOCCOCCO)c21,-2.453,Slightly Soluble,0.0571886956
KKKDZZRICRFGSD-UHFFFAOYSA-N,c1ccc(Cn2ccnc2)cc1,-1.151,Soluble,-2.26
UUAVCCWBNUITBB-UHFFFAOYSA-N,CCCOc1ccc2c(c1)C(c1ccc(OC)cc1OCC(=O)O)C(C(=O)O)C2c1ccc2c(c1)OCO2,-6.617,Insoluble,-6.77
PHMBVCPLDPDESM-UHFFFAOYSA-N,CN1C2CCC1C(C(=O)O)C(O)C2,-0.175,Soluble,-0.02
XTPAWBLSROWDBU-UHFFFAOYSA-N,CCOc1cccc2c1C(=O)c1c(NC3CCCCC3)ccc(Nc3ccccc3S(=O)(=O)O)c1C2=O,-6.129,Insoluble,-1.9878367861
VIUDTWATMPPKEL-UHFFFAOYSA-N,Nc1cccc(C(F)(F)F)c1,-1.86,Soluble,-1.5081956214
JUVIOZPCNVVQFO-UHFFFAOYSA-N,C=C(C)C1Cc2c(ccc3c2OC2COc4cc(OC)c(OC)cc4C2C3=O)O1,-5.817,Insoluble,-4.47
NBJRFLIUYUFOIR-UHFFFAOYSA-N,O=C(O)c1ccccc1Nc1cccc([N+](=O)[O-])c1,-3.97,Slightly Soluble,-6.43
RPLDGRKYEITQNQ-UHFFFAOYSA-N,Cc1ccc2c(c1)C=CS2(=O)=O,-2.433,Slightly Soluble,-2.65
CDOZDBSBBXSXLB-UHFFFAOYSA-N,CCN(CC)C(C)CN1c2ccccc2Sc2ccccc21,-4.277,Insoluble,-2.15
WQAQPCDUOCURKW-UHFFFAOYSA-N,CCCCS,-1.683,Soluble,-2.1792
KORNHGGSVGTRLI-UHFFFAOYSA-N,CCCC(Br)(CCC)C(N)=O,-1.999,Soluble,-1.8281
KCJPXMHUFVFEGM-UHFFFAOYSA-N,CCCOP(=O)(OC)OCCC,-0.258,Soluble,-0.6592
QZKDRLZSJSWQPS-RMPHRYRLSA-N,CC(=O)O[C@@H]1[C@H]2OC(C)(C)O[C@H]2O[C@@H]1[C@H]1COC(C)(C)O1,-1.07,Soluble,-1.5229
XFDUHJPVQKIXHO-UHFFFAOYSA-N,Nc1cccc(C(=O)O)c1,-1.33,Soluble,-1.3663
SVTDYSXXLJYUTM-UHFFFAOYSA-N,CNc1cccc2c1C(=O)c1ccccc1C2=O,-4.61,Insoluble,-6.3
IPMQSLPLJDKUPI-UHFFFAOYSA-N,N#CC1CCCC1=O,-0.138,Soluble,-0.3567
UMFJAHHVKNCGLG-UHFFFAOYSA-N,CN(C)N=O,0.892,Highly Soluble,1.1303
XMLYCEVDHLAQEL-UHFFFAOYSA-N,CC(C)(O)C(=O)c1ccccc1,-1.268,Soluble,-1.0915320913
QANVQYKQPMHTAM-UHFFFAOYSA-N,CC(C)CCCCCCCOC(=O)CC(C(=O)OCCCCCCCC(C)C)S(=O)(=O)O,-4.809,Insoluble,-0.4691061177
PRKRQUUATBDWTL-UHFFFAOYSA-N,NC(=O)c1cc(Cl)cc(Cl)c1N,-2.629,Slightly Soluble,-2.0814
RLLPVAHGXHCWKJ-HKUYNNGSSA-N,CC1(C)[C@H](C(=O)OCc2cccc(Oc3ccccc3)c2)[C@@H]1C=C(Cl)Cl,-7.355,Insoluble,-6.99
WRGWFXXPBRCSIH-UHFFFAOYSA-N,CC(=O)Oc1ccccc1C(=O)OCC(=O)N(C(C)C)C(C)C,-3.134,Slightly Soluble,-3.25
ARSRBNBHOADGJU-UHFFFAOYSA-N,Cc1c2ccccc2c(C)c2c1ccc1ccccc12,-7.13,Insoluble,-6.78
NMRPBPVERJPACX-UHFFFAOYSA-N,CCCCCC(O)CC,-1.486,Soluble,-2.0171
WOZVHXUHUFLZGK-UHFFFAOYSA-N,COC(=O)c1ccc(C(=O)OC)cc1,-1.9,Soluble,-3.796856222
XDPYXPRALQKAHS-UHFFFAOYSA-N,O=C(O)C1CN2CCC1CC2C(O)c1ccnc2ccccc12,-2.369,Slightly Soluble,-1.94
IIGMITQLXAGZTL-UHFFFAOYSA-N,CCCCCCCCCCCCCCCCCC(=O)OCCCCCCCC,-8.045,Insoluble,-6.8994921961
INYDMNPNDHRJQJ-UHFFFAOYSA-N,Cc1ccc([N+](=O)[O-])c([N+](=O)[O-])c1,-2.673,Slightly Soluble,-3.2604
LNTHITQWFMADLM-UHFFFAOYSA-N,O=C(O)c1cc(O)c(O)c(O)c1,-1.734,Soluble,-1.1552
NPNUFJAVOOONJE-GFUGXAQUSA-N,C=C1CC/C=C(\C)CC[C@@H]2[C@@H]1CC2(C)C,-5.799,Insoluble,-6.3372616649
HRVUKLBFRPWXPJ-UHFFFAOYSA-N,Clc1cc(Cl)c2c(c1Cl)Oc1ccccc1O2,-7.354,Insoluble,-7.58
MVGJRISPEUZYAQ-UHFFFAOYSA-N,CC(C)(CO)[N+](=O)[O-],-0.264,Soluble,1.4681
GMBNNHLANOGOAU-UHFFFAOYSA-N,Nc1c(S(=O)(=O)O)cc(NC2CCCCC2)c2c1C(=O)c1ccccc1C2=O,-3.983,Slightly Soluble,-1.2963650985
NZNMSOFKMUBTKW-UHFFFAOYSA-N,O=C(O)C1CCCCC1,-0.611,Soluble,-1.445031941
PYHXGXCGESYPCW-UHFFFAOYSA-N,O=C(O)C(c1ccccc1)c1ccccc1,-2.767,Slightly Soluble,-3.2230398856
ROKSAUSPJGWCSM-UWVGGRQHSA-N,CC1(C)[C@H]2CC=C(CCO)[C@@H]1C2,-1.557,Soluble,-2.6959998037
ANFHKXSOSRDDRQ-UHFFFAOYSA-N,CC(Oc1ccc(Oc2ncc(Cl)cc2Cl)cc1)C(=O)N1CCCO1,-5.614,Insoluble,-4.5922
VIKNJXKGJWUCNN-UHFFFAOYSA-N,C#CC1(O)CCC2C3CCC4=CC(=O)CCC4C3CCC21C,-4.412,Insoluble,-4.63
RKLQLYBJAZBSEU-UHFFFAOYSA-N,NS(=O)(=O)c1ccc(Cl)s1,-1.521,Soluble,-3.2959363681
HSUGRBWQSSZJOP-UHFFFAOYSA-N,COc1ccc(C2Sc3ccccc3N(CCN(C)C)C(=O)C2OC(C)=O)cc1,-3.998,Slightly Soluble,-2.95
JEZJSNULLBSYHV-UHFFFAOYSA-N,Nc1c(I)c(C(=O)O)c(I)c(C(=O)O)c1I,-2.721,Slightly Soluble,-1.569622787
BNQYXFAVUMPZFG-UHFFFAOYSA-N,CC(=O)C(=Cc1ccccc1)CC(=O)O,-2.05,Slightly Soluble,-1.6111
WJQZZLQMLJPKQH-UHFFFAOYSA-N,Cc1cc(Cl)cc(Cl)c1O,-2.44,Slightly Soluble,-2.0439
QMVPMAAFGQKVCJ-SNVBAGLBSA-N,CC(C)=CCC[C@@H](C)CCO,-1.982,Soluble,-2.7067344575
ATDCVWYXPQZTCI-UHFFFAOYSA-N,CCCCC(CC)C(=O)OCC(COCC(COC(=O)CCCCCC(C)C)(COC(=O)C(CC)CCCC)COC(=O)C(CC)CCCC)(COC(=O)CCCCCC(C)C)COC(=O)CCCCCC(C)C,-7.432,Insoluble,-7.323686796
AZKRMADMLBGMOJ-UHFFFAOYSA-N,COc1ccc(NCC(O)CO)cc1,-0.683,Soluble,-0.295
HYDYEUKNONPEFM-UHFFFAOYSA-N,CC(=O)Oc1ccc(NC(=O)Nc2ccccc2)cc1,-4.448,Insoluble,-4.44
QZYHIOPPLUPUJF-UHFFFAOYSA-N,Cc1cccc([N+](=O)[O-])c1,-2.165,Slightly Soluble,-2.46
DRLFMBDRBRZALE-UHFFFAOYSA-N,COc1ccc2[nH]cc(CCNC(C)=O)c2c1,-2.881,Slightly Soluble,-5.09
XTAZYLNFDRKIHJ-UHFFFAOYSA-N,CCCCCCCCN(CCCCCCCC)CCCCCCCC,-6.349,Insoluble,-6.8496
QBDSZLJBMIMQRS-UHFFFAOYSA-N,CC(C)(c1ccccc1)c1ccc(O)cc1,-3.418,Slightly Soluble,-4.0964847072
NURQLCJSMXZBPC-UHFFFAOYSA-N,Cc1ccncc1C,-0.625,Soluble,-0.314
PKQYSCBUFZOAPE-UHFFFAOYSA-N,Cc1cccc(Cc2ccccc2)c1Cc1ccccc1,-6.693,Insoluble,-7.179920248999999
DBABZHXKTCFAPX-UHFFFAOYSA-N,CCCN(CCC)S(=O)(=O)c1ccc(C(=O)O)cc1,-2.334,Slightly Soluble,-4.02
SUBDBMMJDZJVOS-UHFFFAOYSA-N,COc1ccc2[nH]c([S+]([O-])Cc3ncc(C)c(OC)c3C)nc2c1,-2.873,Slightly Soluble,-4.28
STUSTWKEFDQFFZ-UHFFFAOYSA-N,Cc1cc(Cl)ccc1N=CN(C)C,-2.113,Slightly Soluble,-2.88
XHXUANMFYXWVNG-ADEWGFFLSA-N,CC(=O)O[C@@H]1C[C@H](C)CC[C@H]1C(C)C,-3.459,Slightly Soluble,-3.9751165598
BBKDWPHJZANJGB-UHFFFAOYSA-N,CC(Oc1ccc(Oc2cnc3cc(Cl)ccc3n2)cc1)C(=O)OCC1CCCO1,-5.966,Insoluble,-5.0303
KGEKLUUHTZCSIP-HOSYDEDBSA-N,CC(=O)O[C@@H]1C[C@@H]2CC[C@@]1(C)C2(C)C,-3.121,Slightly Soluble,-3.4963238418
TWSRVQVEYJNFKQ-UHFFFAOYSA-N,CCCCCOC(=O)CC,-1.751,Soluble,-2.2505224040000003
IAHJVNSZPMIREM-UHFFFAOYSA-N,CCCCCCCOC(=O)c1ccc(N)cc1,-3.814,Slightly Soluble,-4.6001
DCUJJWWUNKIJPH-UHFFFAOYSA-N,Clc1cccc(C(Cl)(Cl)Cl)n1,-3.371,Slightly Soluble,-3.506108364
VMXUWOKSQNHOCA-UKTHLTGXSA-N,CN/C(=C\[N+](=O)[O-])NCCSCc1ccc(CN(C)C)o1,-2.439,Slightly Soluble,-2.5
GRJRKPMIRMSBNK-UHFFFAOYSA-N,OCCC(F)(F)C(F)(F)C(F)(F)C(F)(F)C(F)(F)C(F)(F)F,-3.479,Slightly Soluble,-4.2870640225
LPOUIKBMWDULCN-UHFFFAOYSA-N,CC(=O)Nc1ncc2ncn(COCCO)c2n1,-1.429,Soluble,-0.86
FUSGACRLAFQQRL-UHFFFAOYSA-N,CCN(N=O)C(N)=O,0.213,Highly Soluble,-0.9547
XRKJBJLXKLOLKS-UHFFFAOYSA-N,CCC(CC)CC1(C(=O)O)CCCCC1,-3.717,Slightly Soluble,-4.281694517
ACWBQPMHZXGDFX-UHFFFAOYSA-N,CCCCC(=O)N(Cc1ccc(-c2ccccc2-c2nnn[nH]2)cc1)C(C(=O)O)C(C)C,-5.277,Insoluble,-4.2
FZQDEMTVDJJBKY-UHFFFAOYSA-N,Cc1noc(C)c1N=C1CC(=O)C(=O)c2ccccc21,-4.187,Insoluble,-3.89
CKAPSXZOOQJIBF-UHFFFAOYSA-N,Clc1c(Cl)c(Cl)c(Cl)c(Cl)c1Cl,-6.404,Insoluble,-7.56
RUDATBOHQWOJDD-UZVSRGJWSA-N,C[C@H](CCC(=O)O)[C@H]1CC[C@H]2[C@@H]3[C@@H](O)C[C@@H]4C[C@H](O)CC[C@]4(C)[C@H]3CC[C@]12C,-4.869,Insoluble,-4.2929
ZGUGWUXLJSTTMA-UHFFFAOYSA-N,CN(C)CCCN1c2ccccc2Sc2ccccc21,-3.662,Slightly Soluble,-4.3017
AAQWYJPJRWOQEV-UHFFFAOYSA-N,CCC(C(=O)O)C(C(=O)O)c1ccccc1,-1.855,Soluble,-2.3256
YFGYUFNIOHWBOB-UHFFFAOYSA-N,Cc1nc(N(C)C)nc(OC(=O)N(C)C)c1C,-1.689,Soluble,-1.9457
CPKMYVLHYLGADM-UHFFFAOYSA-N,C=CCOC(=O)C(C)OC(=O)C(C)O,-0.823,Soluble,-0.6826
FYZBOYWSHKHDMT-UHFFFAOYSA-N,CCOC(=O)CCN(SN(C)C(=O)Oc1cccc2c1OC(C)(C)C2)C(C)C,-4.152,Insoluble,-4.7103
HZKCDBKRNMDOJB-UHFFFAOYSA-N,Cc1cc(N)ccc1S(=O)(=O)Nc1ccccc1[N+](=O)[O-],-3.531,Slightly Soluble,-4.51
DOGJSOZYUGJVKS-UHFFFAOYSA-N,O=C(CS)OCC(O)CO,0.12,Highly Soluble,0.7793742068
RYMZZMVNJRMUDD-UHFFFAOYSA-N,CCC(C)(C)C(=O)OC1CC(C)C=C2C=CC(C)C(CCC3CC(O)CC(=O)O3)C21,-5.859,Insoluble,-5.48
XXZATAXHOSMHKY-UHFFFAOYSA-N,N#CC1(N2CCCCC2)CCN(Cc2ccccc2)CC1,-2.467,Slightly Soluble,-2.2459922106
TXDBDYPHJXUHEO-UHFFFAOYSA-N,CSc1cc(SC)c(N)c(C)c1N,-2.525,Slightly Soluble,-2.8569254583
QSJHBAVMLXTTKL-RRWXOEAGSA-N,Nc1ccc2c(c1)C=C(S(=O)(=O)O)/C(=N\Nc1ccc3c(c1)C=C(S(=O)(=O)O)/C(=N/Nc1ccccc1)C3=O)C2=O,-4.928,Insoluble,-2.2101305551
NGENVFQAIKEQNS-UHFFFAOYSA-N,C=CCCCCCCCCC(=O)N(CCO)CCO,-2.048,Slightly Soluble,-2.7615135856
WYEMCZZCZXKDNC-UHFFFAOYSA-N,COc1ccc(Cl)c(OC)c1O,-2.213,Slightly Soluble,-1.56
DOOTYTYQINUNNV-UHFFFAOYSA-N,CCOC(=O)CC(O)(CC(=O)OCC)C(=O)OCC,-1.372,Soluble,-0.6285
NQGWSPZQESAHBV-UHFFFAOYSA-N,COc1ccc2cc(C(C)C(=O)OCC(O)CO)ccc2c1,-2.695,Slightly Soluble,-2.62
KXOJXWNARBQHNX-UHFFFAOYSA-N,Clc1ccc(Oc2cc(Cl)c(Cl)cc2Cl)cc1,-7.697,Insoluble,-7.04
ZHUWXKIPGGZNJW-UHFFFAOYSA-N,CC(C)CCCCCOC(=O)CCS,-4.225,Insoluble,-4.4543816995
LINPIYWFGCPVIE-UHFFFAOYSA-N,Oc1c(Cl)cc(Cl)cc1Cl,-2.733,Slightly Soluble,-2.3924
JVYNLQQSMKTICB-UHFFFAOYSA-N,CC(=O)OCC(S)CS,-1.261,Soluble,-1.2208
IWYRWIUNAVNFPE-UHFFFAOYSA-N,O=CC1CO1,1.159,Highly Soluble,1.1423
QPCDCPDFJACHGM-UHFFFAOYSA-N,O=C(O)CN(CCN(CC(=O)O)CC(=O)O)CCN(CC(=O)O)CC(=O)O,-0.477,Soluble,0.2012984367
YXZFFTJAHVMMLF-UHFFFAOYSA-N,CC(C)CCBr,-2.368,Slightly Soluble,-2.886
YTWXDQVNPCIEOX-UHFFFAOYSA-N,Clc1cc(-c2ccc(Cl)c(Cl)c2Cl)cc(Cl)c1Cl,-8.745,Insoluble,-9.1
RSBUDFTVQYJNHK-UHFFFAOYSA-N,Clc1ccc(Oc2ccc(Cl)c(Cl)c2Cl)c(Cl)c1,-8.538,Insoluble,-7.44
WCNGAVKBHXZVJO-UHFFFAOYSA-N,CCC(C)C1NC(=O)C(Cc2c[nH]c3ccccc23)NC(=O)C2CCCN2C(=O)C(Cc2c[nH]cn2)NC(=O)C2CCCCN2C(=O)C2CCCCN2C1=O,-5.166,Insoluble,-2.58
PUPZLCDOIYMWBV-UHFFFAOYSA-N,CC(O)CCO,1.283,Highly Soluble,1.0452
PBAYDYUZOSNJGU-UHFFFAOYSA-N,O=C(O)c1cc(=O)cc(C(=O)O)o1,-1.873,Soluble,-1.1097
CADHELUGADNHSF-UHFFFAOYSA-N,ICC1CCC(CI)CC1,-3.973,Slightly Soluble,-5.7481975718
KDTZBYPBMTXCSO-UHFFFAOYSA-N,Oc1ccccc1Oc1ccccc1,-3.038,Slightly Soluble,-3.2286
BAWFJGJZGIEFAR-UHFFFAOYSA-N,NC(=O)c1ccc[n+](C2OC(COP(=O)([O-])OP(=O)(O)OCC3OC(n4cnc5c(N)ncnc54)C(O)C3O)C(O)C2O)c1,-1.028,Soluble,0.1782048937999999
MQWCXKGKQLNYQG-UHFFFAOYSA-N,CC1CCC(O)CC1,-0.366,Soluble,-0.8815
SDKQRNRRDYRQKY-UHFFFAOYSA-N,CNC(=O)Oc1ccccc1C1OCCO1,-1.634,Soluble,-1.5706
VBCIDRUAFSBLGA-UHFFFAOYSA-N,CC1N(c2cc3c(cc2F)c(=O)c(C(=O)O)cn3C2CC2)CC1(C)N,-3.265,Slightly Soluble,-5.42
OUADDINWGRXMJO-UHFFFAOYSA-N,OC(=S)CCCCCCCCC(O)=S,-2.345,Slightly Soluble,-3.07
CYKFQSXTIVGYDT-XFXZXTDPSA-N,CCCCCCC(C/C=C\CCCCCCCC(=O)O)OS(=O)(=O)O,-3.021,Slightly Soluble,-0.5781
OSWPMRLSEDHDFF-UHFFFAOYSA-N,COC(=O)c1ccccc1O,-1.535,Soluble,-1.3130000000000002
NSQYIEOSFPLTJA-UHFFFAOYSA-N,CC(C)C1(C(C)C)C(=O)NC(=O)NC1=O,-1.786,Soluble,-2.77
PUKTVFNQVGOXPI-UHFFFAOYSA-N,CC1CCC2(CCC(C)O2)O1,-1.164,Soluble,-0.4487
RQEUFEKYXDPUSK-UHFFFAOYSA-N,CC(N)c1ccccc1,-0.364,Soluble,-0.4813817083
QCLKBJKESKISHE-ZRFMCYSTSA-N,O=C(Nc1ccc(NC(=O)C2=Cc3ccccc3/C(=N\Nc3cc(Cl)ccc3Cl)C2=O)c(Cl)c1)C1=Cc2ccccc2/C(=N\Nc2cc(Cl)ccc2Cl)C1=O,-8.522,Insoluble,-7.869298263099999
VGRKMGBGMTUWFI-UHFFFAOYSA-N,Cc1cc(Oc2cc(C)cc(S(=O)(=O)O)c2)cc(S(=O)(=O)O)c1,-2.683,Slightly Soluble,-0.2207961953999999
LCDGAYYHFKVEAR-UHFFFAOYSA-N,CCN1CC(=O)N=C1N,-0.053,Soluble,-0.165
KKUMBCQWVRPGMH-UHFFFAOYSA-N,CCSC(=S)NC(CC(=O)O)C(=O)O,-1.287,Soluble,-1.38
CWRKZMLUDFBPAO-VOTSOKGWSA-N,CCCCC/C=C/CCC=O,-2.848,Slightly Soluble,-3.301742894
DSBMOVYUOIIPDK-UHFFFAOYSA-N,CC1(C)NC(=O)N(Cc2ccccc2)C1=O,-2.155,Slightly Soluble,-1.8
UWEYRJFJVCLAGH-UHFFFAOYSA-N,FC1(F)C(F)(F)C(F)(F)C2(F)C(F)(F)C(F)(F)C(F)(F)C(F)(F)C2(F)C1(F)F,-7.683,Insoluble,-7.6647115323
WXNXCEHXYPACJF-UHFFFAOYSA-N,CC(=O)NC(CC(C)C)C(=O)O,-0.706,Soluble,-1.13
WBNQDOYYEUMPFS-UHFFFAOYSA-N,CCN(CC)N=O,0.58,Highly Soluble,0.0161
FMWLUWPQPKEARP-UHFFFAOYSA-N,ClC(Cl)Br,-0.791,Soluble,-1.54
ROPPTGKKZZDFJN-UHFFFAOYSA-N,CCCCCCCCCOC(=O)c1ccc(C(=O)OCCCCCCCCC)c(C(=O)OCCCCCCCCC)c1,-7.883,Insoluble,-6.757182205
KWAKSEGGFHCMJS-UHFFFAOYSA-N,CC(C)CCCCCC(=O)NCCCCCC(=O)O,-3.262,Slightly Soluble,-2.7708536118
JCUZDQXWVYNXHD-UHFFFAOYSA-N,CC(CCN)CC(C)(C)CN,-0.467,Soluble,0.4781562172999999
CFBYEGUGFPZCNF-UHFFFAOYSA-N,COc1ccccc1[N+](=O)[O-],-2.38,Slightly Soluble,-1.9572
HOLHYSJJBXSLMV-UHFFFAOYSA-N,Oc1c(Cl)cccc1Cl,-1.979,Soluble,-1.79
SGXPOLBQSKXTKY-UHFFFAOYSA-N,O=C(Nc1ccc(Cc2ccc(NC(=O)NC3CCCCC3)cc2)cc1)NC1CCCCC1,-6.961,Insoluble,-5.142667396
NFZTXJKXCFQRGN-UHFFFAOYSA-N,OCc1nc2ncncc2[nH]1,-0.968,Soluble,-1.52
HWWYDZCSSYKIAD-UHFFFAOYSA-N,Cc1cncc(C)c1,-0.681,Soluble,-0.5115
WQGWDDDVZFFDIG-UHFFFAOYSA-N,Oc1cccc(O)c1O,-0.822,Soluble,0.6043
OLYIDXAKNMPQMJ-UHFFFAOYSA-N,COc1cccc(OCC(O)CO)c1OC,-1.021,Soluble,-3.0
KHLCTMQBMINUNT-UHFFFAOYSA-N,CCCCCCC(O)CCCCCCCCCCCO,-4.667,Insoluble,-5.1560946306
FQDIANVAWVHZIR-UPHRSURJSA-N,ClC/C=C\CCl,-2.038,Slightly Soluble,-2.3333
BOKGTLAJQHTOKE-UHFFFAOYSA-N,Oc1cccc2c(O)cccc12,-1.955,Soluble,-2.92
VEIQMIFGPISKCW-UHFFFAOYSA-N,Cn1c(-c2ccccc2)c(C=CC2=[N+](C)c3ccccc3C2(C)C)c2ccccc21,-7.287,Insoluble,-1.743927996
YRIZYWQGELRKNT-UHFFFAOYSA-N,O=c1n(Cl)c(=O)n(Cl)c(=O)n1Cl,-2.089,Slightly Soluble,-1.2871
HTMQZWFSTJVJEQ-UHFFFAOYSA-N,[O-][S+](Cc1ccccc1)Cc1ccccc1,-1.53,Soluble,-2.8588087212
QIGBRXMKCJKVMJ-UHFFFAOYSA-N,Oc1ccc(O)cc1,-0.548,Soluble,-0.1967366109
CLJDUFMUISGSEC-UHFFFAOYSA-N,CC(C)CC(C)OC(=O)CC(C(=O)OC(C)CC(C)C)S(=O)(=O)O,-2.468,Slightly Soluble,0.1096259345
UHLVINFHJXUXCW-UHFFFAOYSA-N,Cc1cc(Nc2nc(NCCO)nc(Nc3ccc(N=Nc4cc(S(=O)(=O)O)c5cccc(S(=O)(=O)O)c5c4)c(C)c3)n2)ccc1N=Nc1cc(S(=O)(=O)O)c2cccc(S(=O)(=O)O)c2c1,-4.771,Insoluble,-1.1748734719
RZFZBHKDGHISSH-UHFFFAOYSA-N,Clc1ccc(-c2c(Cl)cc(Cl)cc2Cl)cc1,-7.078,Insoluble,-6.94
WEBRDDDJKLAXTO-UHFFFAOYSA-N,CCC1OCCO1,0.6,Highly Soluble,0.2919
ODNZLRLWXRXPOH-UHFFFAOYSA-N,Nc1cnn(-c2ccccc2)c(=O)c1Br,-3.376,Slightly Soluble,-3.124
QQODLKZGRKWIFG-UHFFFAOYSA-N,CC1(C)C(C=C(Cl)Cl)C1C(=O)OC(C#N)c1ccc(F)c(Oc2ccccc2)c1,-7.903,Insoluble,-7.337000000000001
IBUVVTIRLMVASK-UHFFFAOYSA-N,COc1ccc2cc(C(C)C(=O)OCC(=O)N(C)C)ccc2c1,-3.519,Slightly Soluble,-4.9
LKCWBDHBTVXHDL-UHFFFAOYSA-N,NCCC(O)C(=O)NC1CC(N)C(OC2OC(CN)C(O)C(O)C2O)C(O)C1OC1OC(CO)C(O)C(N)C1O,-0.498,Soluble,-0.5
CUVLMZNMSPJDON-UHFFFAOYSA-N,CCCCOCC(C)OCC(C)O,-0.788,Soluble,-0.6530596225
NNYRZQHKCHEXSD-UHFFFAOYSA-N,Cc1ccc(NC(=O)NC(C)(C)c2ccccc2)cc1,-4.532,Insoluble,-5.3495
CPEPWESLFZVUEP-UHFFFAOYSA-N,CCCCCCc1ccc(C(=O)O)cc1,-3.109,Slightly Soluble,-3.65
MUKSMBAVCDPKRC-UHFFFAOYSA-N,Cc1ccc2c(c1)Oc1ncc(N)cc1C(=O)N2C,-3.745,Slightly Soluble,-3.043
MQJKPEGWNLWLTK-UHFFFAOYSA-N,Nc1ccc(S(=O)(=O)c2ccc(N)cc2)cc1,-3.274,Slightly Soluble,-3.094
AFBPFSWMIHJQDM-UHFFFAOYSA-N,CNc1ccccc1,-0.47,Soluble,-1.2803
KGNQDBQYEBMPFZ-UHFFFAOYSA-N,Fc1ccc(I)cc1,-2.508,Slightly Soluble,-3.1257
HQLKZWRSOHTERR-UHFFFAOYSA-N,CCC(CC)COC(C)=O,-1.683,Soluble,-1.3528
UXGUHQNYRZMSQI-UHFFFAOYSA-N,CCCCCS[S+]([O-])CCCCC,-2.527,Slightly Soluble,-3.1711
MWCDMTCWMZHVAQ-UHFFFAOYSA-N,O=C(NC(CO)C(=O)O)c1ccccc1,-1.129,Soluble,-0.91
WHFQWQIDXMOZBD-UHFFFAOYSA-N,Oc1cncc2cccnc12,-1.405,Soluble,-1.6576
CXOYNJAHPUASHN-UHFFFAOYSA-N,Clc1ccc(-c2c(Cl)c(Cl)cc(Cl)c2Cl)c(Cl)c1Cl,-9.303,Insoluble,-8.42
QTRAXZHIRXYYPP-UHFFFAOYSA-N,CC(N)C(O)C(=O)O,0.557,Highly Soluble,-0.3535
MFGQUMAXNNHCNG-UHFFFAOYSA-N,CC1=CCCN1C,0.356,Highly Soluble,0.1265
GTLACDSXYULKMZ-UHFFFAOYSA-N,FC(F)C(F)(F)F,-1.419,Soluble,-1.4164957907
SATCULPHIDQDRE-UHFFFAOYSA-N,O=Cc1ccc2c(c1)OCO2,-1.558,Soluble,-1.6324
XSPWINZRSAKTKX-UHFFFAOYSA-N,N#Cc1ccc(C=Cc2ccc(C=Cc3cccc(C#N)c3)cc2)cc1,-7.332,Insoluble,-8.123728845599999
CTJBHIROCMPUKL-WEVVVXLNSA-N,CNC(=O)O/N=C(\C)C(C)S(C)(=O)=O,-1.31,Soluble,-0.0267
FQMZVFJYMPNUCT-YRNVUSSQSA-N,CC(C)=CCC/C(C)=C/COC=O,-2.474,Slightly Soluble,-3.7461507617
ZMDGUPJAPMSCIZ-UHFFFAOYSA-N,O=c1ccn(CCO)c(C(O)c2ccccc2)c1O,-1.665,Soluble,-2.82
BOLANQNHTGVOMY-UHFFFAOYSA-N,S=C=Nc1cccc(N=C=S)c1,-4.708,Insoluble,-4.7
IPVBROHEYXPTBX-UHFFFAOYSA-N,CCS(=O)(=O)NS(=O)(=O)CC,-0.321,Soluble,0.5413
ZGRYQDHDZGJMNF-UHFFFAOYSA-N,NS(=O)(=O)c1cc2c(s1)CC(O)CS2(=O)=O,-1.494,Soluble,-1.59
VGGSQFUCUMXWEO-UHFFFAOYSA-N,C=C,0.625,Highly Soluble,-0.4
SPEUIVXLLWOEMJ-UHFFFAOYSA-N,COC(C)OC,1.187,Highly Soluble,1.0452
UOCUDGZQFFDOMM-UHFFFAOYSA-N,CCOC(=O)N1CCN(CN2CCN(C(=O)OCC)CC2)CC1,-0.587,Soluble,-0.8443
GNCOVOVCHIHPHP-UHFFFAOYSA-N,CC(=O)C(N=Nc1ccc(-c2ccc(N=NC(C(C)=O)C(=O)Nc3ccccc3)c(Cl)c2)cc1Cl)C(=O)Nc1ccccc1,-8.585,Insoluble,-9.1969385027
LXOFYPKXCSULTL-UHFFFAOYSA-N,CC(C)CC(C)(O)C#CC(C)(O)CC(C)C,-2.353,Slightly Soluble,-2.1243507639
CVSVTCORWBXHQV-UHFFFAOYSA-N,CN(CC(=O)O)C(=N)N,0.034,Highly Soluble,-0.9387416733
FOANIXZHAMJWOI-UHFFFAOYSA-N,CC(C)OC(=O)C(O)(c1ccc(Br)cc1)c1ccc(Br)cc1,-4.99,Insoluble,-4.933
QQWGVQWAEANRTK-UHFFFAOYSA-N,O=C(O)CC(Br)C(=O)O,-0.222,Soluble,-0.215
JSJWCHRYRHKBBW-UHFFFAOYSA-N,NC(=O)NCCC(=O)O,0.036,Highly Soluble,-0.8014
HJNRIUAWUKVWOI-UHFFFAOYSA-N,CCN(CC)CCCNc1nc(Nc2ccc(N=Nc3c(S(=O)(=O)O)cc4cc(S(=O)(=O)O)cc(Nc5nc(NCC(C)N)nc(NCC(C)N)n5)c4c3O)cc2)nc(Nc2ccc(N=Nc3c(S(=O)(=O)O)cc4cc(S(=O)(=O)O)cc(Nc5nc(NCC(C)N)nc(NCC(C)N)n5)c4c3O)cc2)n1,-4.491,Insoluble,-0.7942190429000001
MGFYIUFZLHCRTH-UHFFFAOYSA-N,O=C(O)CN(CC(=O)O)CC(=O)O,-0.29,Soluble,0.3961032361
HSSBORCLYSCBJR-UHFFFAOYSA-N,Nc1cc(Cl)cc(C(=O)O)c1Cl,-2.584,Slightly Soluble,-2.4688
VTGOHKSTWXHQJK-UHFFFAOYSA-N,O=c1nccc[nH]1,-0.523,Soluble,0.6749
XOUQAVYLRNOXDO-UHFFFAOYSA-N,Cc1ccc(C(C)(C)C)c(O)c1,-2.475,Slightly Soluble,-2.672674663
UUQHKWMIDYRWHH-UHFFFAOYSA-N,COC(=O)c1c(C)cc(O)c(C)c1O,-2.335,Slightly Soluble,-4.037430925
ZYLMCRLXTUAWGM-UHFFFAOYSA-N,Nc1nc(=O)[nH]c2nccnc12,-2.516,Slightly Soluble,-3.36
KMTDMTZBNYGUNX-UHFFFAOYSA-N,Cc1ccc(CO)cc1,-0.696,Soluble,-1.1999
JHIVVAPYMSGYDF-UHFFFAOYSA-N,O=C1CCCCC1,-0.073,Soluble,-0.0573697280999999
RBFOFWDEFDASDA-UHFFFAOYSA-N,COC(C)C(C)Cl,-0.637,Soluble,-1.9986
SNPLKNRPJHDVJA-ZETCQYMHSA-N,CC(C)(CO)[C@@H](O)C(=O)NCCCO,0.021,Highly Soluble,0.3944261529
UWBICEKKOYXZRG-WNHSNXHDSA-N,C[C@]12CCC(=O)C=C1CC[C@@H]1[C@@H]2CC[C@@]2(C)[C@H]1CC[C@@]21CCC(=O)O1,-5.398,Insoluble,-4.2250037793
UEMLYRZWLVXWRU-UHFFFAOYSA-N,NC(=S)NS(=O)(=O)c1ccc(N)cc1,-2.203,Slightly Soluble,-2.24
HWSSEYVMGDIFMH-UHFFFAOYSA-N,C=C(C)C(=O)OCCOCCOCCOC(=O)C(=C)C,-1.671,Soluble,-1.9005552518
OSSQSXOTMIGBCF-UHFFFAOYSA-N,C#CCCCCCCC,-4.155,Insoluble,-4.093999999999999
PSQWZQGQIUGIRU-UHFFFAOYSA-N,CC(=O)Nc1ccc(OP(=O)(O)O)cc1,-1.192,Soluble,0.13
DLEGDLSLRSOURQ-UHFFFAOYSA-N,C=COCC(F)(F)F,-0.858,Soluble,-1.4780000000000002
NWBJYWHLCVSVIJ-UHFFFAOYSA-N,c1ccc(CNc2ncnc3[nH]cnc23)cc1,-2.5,Slightly Soluble,-3.6
