soltra_solubility,smiles,key,eos_solubility
-6.123292446136475,COC(=O)c1cc(N=NC(C(C)=O)C(=O)Nc2ccc3[nH]c(=O)[nH]c3c2)cc(C(=O)OC)c1,IHRACTUONPFMSI-UHFFFAOYSA-N,-6.123
-2.315873622894287,CCOc1ccc(NC(C)=O)cc1,CPJSUEIXXCENMM-UHFFFAOYSA-N,-2.316
-0.4835383892059326,CCCCCCOC1O[C@H](CO)[C@@H](O)[C@H](O)[C@H]1O,JVAZJLFFSJARQM-OZRWLHRGSA-N,-0.484
-6.8311614990234375,CCOc1cc(Oc2ccc(C(F)(F)F)cc2Cl)ccc1[N+](=O)[O-],OQMBBFQZGJFLBU-UHFFFAOYSA-N,-6.831
-0.7085232734680176,Cc1cccc(CO)c1,JJCKHVUTVOPLBV-UHFFFAOYSA-N,-0.709
-0.0734937191009521,CC(C)(C)OC(N)=O,LFKDJXLFVYVEFG-UHFFFAOYSA-N,-0.073
-7.000503063201904,Clc1ccccc1-c1c(Cl)ccc(Cl)c1Cl,VHGHHZZTMJLTJX-UHFFFAOYSA-N,-7.001
-3.05261492729187,CC(C)CCCC(C)CC=O,UCSIFMPORANABL-UHFFFAOYSA-N,-3.053
-6.136777877807617,O=C(O)c1cccc2cccc(-c3cccc4cccc(C(=O)O)c34)c12,XGDAODQNSVFBGM-UHFFFAOYSA-N,-6.137
-1.2112153768539429,CNC(=O)O/N=C(/C)C(C)SC,SFNPDDSJBGRXLW-UITAMQMPSA-N,-1.211
-3.1407485008239746,CC(C)N(CCC(C(N)=O)(c1ccccc1)c1ccccn1)C(C)C,UVTNFZQICZKOEM-UHFFFAOYSA-N,-3.141
-4.305725574493408,CCC(=C(CC)c1ccc(O)cc1)c1ccc(O)cc1,RGLYKWWBQGJZGM-UHFFFAOYSA-N,-4.306
-9.09878921508789,Cc1cc(C)c(Nc2ccc(Nc3c(C)cc(C)cc3C)c3c2C(=O)c2ccccc2C3=O)c(C)c1,DMDRBXCDTZRMHZ-UHFFFAOYSA-N,-9.099
-3.9907455444335938,Nc1c2ccccc2nc2ccc(F)cc12,HOVVFNPKGWZRTE-UHFFFAOYSA-N,-3.991
-7.085017204284668,Clc1ccc(-c2ccc(Cl)cc2Cl)c(Cl)c1,QORAVNMWUNPXAO-UHFFFAOYSA-N,-7.085
-0.2746090888977051,NC(=O)C1CCCC(C(N)=O)N1,LOVQGUOGVLKMQT-UHFFFAOYSA-N,-0.275
-0.0739276409149169,NC(=O)NCC(=O)O,KZVRXPPUJQRGFN-UHFFFAOYSA-N,-0.074
-7.689478874206543,Clc1ccc(Oc2cc(Cl)cc(Cl)c2Cl)cc1,YHQRYZGDQCSHFO-UHFFFAOYSA-N,-7.689
-5.81745719909668,CCOP(=S)(OCC)O/N=C(\C#N)c1ccccc1Cl,GQKRUMZWUHSLJF-NTCAYCPXSA-N,-5.817
-3.754991054534912,CC(=O)c1cccc(Nc2ccccc2C(=O)O)c1,URNBQFPUGNNQRC-UHFFFAOYSA-N,-3.755
-2.4309487342834477,CC1=CC(=O)c2ccccc2C1=O,MJVAVZPDRWSRRC-UHFFFAOYSA-N,-2.431
-2.220975875854492,Nc1ccc2cc(S(=O)(=O)O)cc(O)c2c1,HBZVNWNSRNTWPS-UHFFFAOYSA-N,-2.221
-1.939956784248352,O=S(=O)(O)OOS(=O)(=O)O,JRKICGRDRMAZLK-UHFFFAOYSA-N,-1.94
-1.939956784248352,O=S(=O)(O)OOS(=O)(=O)O,JRKICGRDRMAZLK-UHFFFAOYSA-N,-1.94
-7.388957023620605,CCN(CCOc1ccc(C2CCCCC2)cc1)c1ccc(C=C(C#N)C#N)c(C)c1,NQAJBKZEQYYFGK-UHFFFAOYSA-N,-7.389
-3.3164100646972656,O=C(/C=C/C=C/c1ccc2c(c1)OCO2)N1CCCCC1,MXXWOMGUGJBKIW-YPCIICBESA-N,-3.316
-4.235991477966309,C=CC=C(C)C=CC=CC,JXQNEJRKTHOCGQ-UHFFFAOYSA-N,-4.236
-2.9020371437072754,O=S(=O)(c1cccc(O)c1)c1ccccc1O,AQHJGSVRTSBTKR-UHFFFAOYSA-N,-2.902
-2.3268163204193115,O=c1[nH]c(CN2CCCC2)c(Cl)c(=O)[nH]1,UMNZZEWMRNSNIH-UHFFFAOYSA-N,-2.327
-3.918513774871826,O=C(O)C(SCCSC(C(=O)O)c1ccccc1)c1ccccc1,UAFWZTUMPCUHHG-UHFFFAOYSA-N,-3.919
-2.7745707035064697,Cn1c(=O)c2c(nc(-c3ccccc3)n2C)n(C)c1=O,MBYIBRUTNFFDFL-UHFFFAOYSA-N,-2.775
-3.959172248840332,CC(C)(C)NC(=O)C1N(C(=O)C(O)C(Cc2ccccc2)NC(=O)COc2ccccc2)CSC1(C)C,GPNZSHBQHQEFRS-UHFFFAOYSA-N,-3.959
-1.225975751876831,CCCCC(CC)COCC(O)CO,NCZPCONIKBICGS-UHFFFAOYSA-N,-1.226
0.853003740310669,O=C(O)CS,CWERGRDVMFNCDR-UHFFFAOYSA-N,0.853
0.853003740310669,O=C(O)CS,CWERGRDVMFNCDR-UHFFFAOYSA-N,0.853
-2.641115665435791,O=S(=O)(O)c1cc(O)c2ccc3c(S(=O)(=O)O)cc(S(=O)(=O)O)c4ccc1c2c34,OBJOZRVSMLPASY-UHFFFAOYSA-N,-2.641
-2.597599029541016,NCCNc1ccc(S(=O)(=O)c2ccc(N)cc2)cc1,MDPYJIRMYGKJHU-UHFFFAOYSA-N,-2.598
-2.419604778289795,CCc1nc2nc[nH]c(=O)c2nc1CC,WIUUIGUJULBTKD-UHFFFAOYSA-N,-2.42
-3.707409381866455,C[C@H](CCC(=O)NCC(=O)O)[C@H]1CC[C@H]2[C@@H]3[C@H](O)C[C@@H]4C[C@H](O)CC[C@]4(C)[C@H]3C[C@H](O)[C@]12C,RFDAIACWWDREDC-FRVQLJSFSA-N,-3.707
-2.7650537490844727,CNC(=O)Sc1ccc(OS(C)(=O)=O)cc1,IXJOSTZEBSTPAG-UHFFFAOYSA-N,-2.765
-0.0210423469543457,NCc1ccccc1,WGQKYBSKWIADBV-UHFFFAOYSA-N,-0.021
-5.1663970947265625,CCCCCCC(O)CCCCCCCCCCC(=O)O,ULQISTXYYBZJSJ-UHFFFAOYSA-N,-5.166
-0.2034413814544677,NC(CSCC(N)C(=O)O)C(=O)O,DWPCPZJAHOETAG-UHFFFAOYSA-N,-0.203
-5.892682552337647,CC(=O)OC1(C(C)=O)CCC2C3C=C(C)C4=CC(=O)CCC4(C)C3CCC21C,RQZAXGRLVPAYTJ-UHFFFAOYSA-N,-5.893
-3.4846560955047607,O=C1Cc2c(ccc3ccccc23)O1,KVLORZFYGDNPIQ-UHFFFAOYSA-N,-3.485
-2.5777204036712646,CCOC(=O)c1c[nH]c(=S)[nH]c1=O,FQFSHLBWRUOCPX-UHFFFAOYSA-N,-2.578
-2.288776159286499,Cn1nc(S(N)(=O)=O)sc1=NS(=O)(=O)Cc1ccccc1,CEOILGDNBOGUIQ-UHFFFAOYSA-N,-2.289
1.1606791019439695,C=CC#N,NLHHRLWOUZZQLW-UHFFFAOYSA-N,1.161
-4.07000207901001,CCC(C)n1ncn(-c2ccc(N3CCN(c4ccc(O)cc4)CC3)cc2)c1=O,FFAQILVGBAELHN-UHFFFAOYSA-N,-4.07
-5.406253814697266,Nc1ccc(N=Nc2ccc(NS(=O)(=O)c3ccc(N=Nc4c(S(=O)(=O)O)cc5cc(S(=O)(=O)O)c(N=Nc6ccc([N+](=O)[O-])cc6)c(N)c5c4O)cc3)cc2)c(N)c1,KLOBVOJCYFKUOI-UHFFFAOYSA-N,-5.406
-0.8015737533569336,CCCCOP(=O)(O)OCCCC,JYFHYPJRHGVZDY-UHFFFAOYSA-N,-0.802
0.9066905975341796,C[N+](CCO)(CCO)CCO,FVJLCPJDDAGIJE-UHFFFAOYSA-N,0.907
0.968292474746704,C=CC(N)=O,HRPVXLWXLXDGHG-UHFFFAOYSA-N,0.968
-4.012163162231445,CCCCC(CC)CNCC(CC)CCCC,SAIKULLUBZKPDA-UHFFFAOYSA-N,-4.012
-3.625572204589844,COc1cccc(Nc2ccccc2C(=O)O)c1,SSRGDXQQJKAWKX-UHFFFAOYSA-N,-3.626
-2.0986433029174805,C=CCCC,YWAKXRMUMFPDSH-UHFFFAOYSA-N,-2.099
1.2338645458221436,OC/C=C\CO,ORTVZLZNOYNASJ-UPHRSURJSA-N,1.234
-2.671402931213379,C=CCSC(CCC(SCC=C)C(=O)O)C(=O)O,WOINBLKRRRAPGG-UHFFFAOYSA-N,-2.671
-5.289364814758301,CC12CCC(=O)C=C1C=CC1C2CCC2(C)C1CCC21CCC(=O)O1,UJVLDDZCTMKXJK-UHFFFAOYSA-N,-5.289
0.3579137325286865,CC(C)=CC=O,SEPQTYODOKLVSB-UHFFFAOYSA-N,0.358
-0.1704804897308349,COC(=O)C1CC(=O)N(C)C1,JFZRRXGXEHUJCI-UHFFFAOYSA-N,-0.17
-2.5217766761779785,Nc1ccc(Nc2ccccc2)cc1,ATGUVEKSASEFFO-UHFFFAOYSA-N,-2.522
-7.700214385986328,CCCCCCCCCCCCCCCCCC(=O)OCC(OC(=O)CCCCCCCCCCCCCCCCC)[C@H]1OC[C@@H](O)[C@@H]1OC(=O)CCCCCCCCCCCCCCCCC,IJCWFDPJFXGQBN-BIFNRIDTSA-N,-7.7
-6.197926998138428,Clc1ccc2c(c1)Oc1cc(Cl)ccc1O2,WMWJCKBJUQDYLM-UHFFFAOYSA-N,-6.198
-5.133407115936279,CC(=O)C1CCC2C3CCC4=CC(=O)CCC4(C)C3CCC12C,RJKFOVLPORLFTN-UHFFFAOYSA-N,-5.133
-2.458784580230713,CCN(CC)c1cc2[o+]c3cc(N(CC)CC)c(C)cc3c(-c3ccc(S(=O)(=O)[O-])cc3S(=O)(=O)O)c2cc1C,FNZDMJUSJBQBQL-UHFFFAOYSA-N,-2.459
-3.010605812072754,COC(=O)c1ccc(C(C)(C)C)cc1,UPIJOAFHOIWPLT-UHFFFAOYSA-N,-3.011
-2.401581287384033,OC(c1ccccc1)(c1ccccc1)C1CCNCC1,ZMISODWVFHHWNR-UHFFFAOYSA-N,-2.402
-6.263229370117188,Brc1cc(Br)c(-c2ccccc2)c(Br)c1,YCLZBYQDXVJFII-UHFFFAOYSA-N,-6.263
-1.4560365676879885,COCCN(CCOC)C(=O)COC(=O)c1ccccc1,LJCFRMUKLSCNKV-UHFFFAOYSA-N,-1.456
-7.940760612487793,Clc1cc(Cl)c(-c2c(Cl)cccc2Cl)c(Cl)c1,MTCPZNVSDFCBBE-UHFFFAOYSA-N,-7.941
-4.946225643157959,CC(=O)Nc1cccc(Nc2cc(S(=O)(=O)O)c(N)c3c2C(=O)c2ccccc2C3=O)c1,TXLJHCHWQDGXMM-UHFFFAOYSA-N,-4.946
-2.9608633518218994,NC1CN(c2cc3c(cc2F)c(=O)c(C(=O)O)cn3C2CC2)C1,CTJMNBROBOZHAP-UHFFFAOYSA-N,-2.961
-3.652463674545288,C=CCCC(=O)C1CCCC(C)(C)C1,OHYNEUHOSWPWLZ-UHFFFAOYSA-N,-3.652
-4.206047058105469,CCC(=O)N(c1ccccc1)C1(COC)CCN(CCc2cccs2)CC1,GGCSSNBKKAUURC-UHFFFAOYSA-N,-4.206
-3.2269322872161865,Nc1ccc(N=Nc2ccccc2)cc1,QPQKUYVSJWQSDY-UHFFFAOYSA-N,-3.227
-2.945262908935547,O=C(Cl)c1ccc(C(=O)Cl)cc1,LXEJRKJRKIFVNY-UHFFFAOYSA-N,-2.945
-2.074042797088623,Nc1c(S(=O)(=O)O)ccc2ncccc12,RSLYDUZZJLDOKH-UHFFFAOYSA-N,-2.074
-1.1266266107559204,CC12C(=O)OC(=O)C1(C)C1CCC2O1,DHZBEENLJMYSHQ-UHFFFAOYSA-N,-1.127
-2.2115278244018555,NS(=O)(=O)c1nnc(NS(=O)(=O)c2ccccc2[N+](=O)[O-])s1,CTLJHLYIILERNX-UHFFFAOYSA-N,-2.212
-1.501468539237976,CC(C)c1ccc(N)cc1,LRTFPLFDLJYEKT-UHFFFAOYSA-N,-1.501
-1.369780659675598,C=C(Cl)CCl,FALCMQXTWHPRIH-UHFFFAOYSA-N,-1.37
-3.635279893875122,CN1CCN(CCCN2c3ccccc3Sc3ccc(Cl)cc32)CC1,WIKYUJGCLQQFNW-UHFFFAOYSA-N,-3.635
-3.7171530723571777,COC(=O)C1(S(=O)(=O)c2ccc(C)cc2)CCCCC1,XBQBUJRJLAOQHD-UHFFFAOYSA-N,-3.717
1.409893274307251,[C-]#[O+],UGFAIRIUMAVXCW-UHFFFAOYSA-N,1.41
-4.609145641326904,CCCCCCCCCCCCCCCC(=O)NCC(=O)O,KVTFEOAKFFQCCX-UHFFFAOYSA-N,-4.609
0.0846340656280517,CC(C)CC(=O)O,GWYFCOCPABKNJV-UHFFFAOYSA-N,0.085
-5.336251258850098,[O-][S+]1OC[C@@H]2[C@H](CO1)C1(Cl)C(Cl)=C(Cl)[C@@]2(Cl)C1(Cl)Cl,RDYMFSUJUZBWLH-GDSHQCHSSA-N,-5.336
-3.775382041931152,CCCC(=O)OCOC(=O)c1cn(CC)c2nc(C)ccc2c1=O,YCPMGOBLONVZFZ-UHFFFAOYSA-N,-3.775
0.7140841484069824,CCC(N)C(=O)O,QWCKQJZIFLGMSD-UHFFFAOYSA-N,0.714
-3.687748908996582,Nc1ccc(S(=O)(=O)Nc2ncc3c(n2)CCCC3)cc1,IPDKSGJFMBIZJI-UHFFFAOYSA-N,-3.688
-1.5661978721618652,CCOP(=O)(OCC)SCC(=O)NC(C)(C)C#N,TWDJIKFUVRYBJF-UHFFFAOYSA-N,-1.566
-1.5657947063446045,NC(=O)CNC(=O)OCc1ccccc1,HQYMUNCIMNFLDT-UHFFFAOYSA-N,-1.566
-1.306043267250061,Cc1cccc(S(=O)(=O)O)c1C,ZZXDRXVIRVJQBT-UHFFFAOYSA-N,-1.306
-6.583834648132324,CCCCCCC(O)CCCCCCCCCCC(=O)NCCNC(=O)CCCCCCCCCCC(O)CCCCCC,YLWQQYRYYZPZLJ-UHFFFAOYSA-N,-6.584
-10.284192085266112,Clc1c(Cl)c(Cl)c2c(oc3c(Cl)c(Cl)c(Cl)c(Cl)c32)c1Cl,RHIROFAGUQOFLU-UHFFFAOYSA-N,-10.284
-0.6887767314910889,CCC[C@H]1CCCCN1,NDNUANOUGZGEPO-QMMMGPOBSA-N,-0.689
-9.13119125366211,Clc1ccc(Oc2ccc(Cl)c(Cl)c2Cl)c(Cl)c1Cl,ATIMVMORQPKRPC-UHFFFAOYSA-N,-9.131
-1.5438525676727295,CC1(C)C2CCC1(C)C(O)C2,DTGKSKDOIYIVQL-UHFFFAOYSA-N,-1.544
-2.465883731842041,CC(C)(C)NC(=O)COC(=O)c1ccccc1,NZNPHIKNHGRVLZ-UHFFFAOYSA-N,-2.466
-4.824230194091797,CC12CCC3c4ccc(O)cc4CCC3C1CCC2=O,DNXHEGUUPJUMQT-UHFFFAOYSA-N,-4.824
-3.234410762786865,CNC1CN(c2c(F)cc3c(=O)c(C(=O)O)cn(C4CC4)c3c2F)C1,QSNYNWOQOIJCFV-UHFFFAOYSA-N,-3.234
-1.2971760034561155,Cc1ccccc1C(=O)O,ZWLPBLYKEWSWPD-UHFFFAOYSA-N,-1.297
-5.848994255065918,CCC(=O)OCC(=O)C1(OC(=O)CC)C(C)CC2C3CCC4=CC(=O)C=CC4(C)C3(F)C(O)CC21C,CIWBQSYVNNPZIQ-UHFFFAOYSA-N,-5.849
-2.5081629753112797,CC(C)C(=O)OCCOc1ccccc1,MJTPMXWJHPOWGH-UHFFFAOYSA-N,-2.508
0.5231215953826904,COC(N)=O,GTCAXTIRRLKXRU-UHFFFAOYSA-N,0.523
-5.210092544555664,COCCOCCCn1c(=O)c2c(N)c3c(=O)c4ccccc4c(=O)c3c(N)c2c1=O,SOYBSGQXDYYMDH-UHFFFAOYSA-N,-5.21
-9.202104568481444,Clc1ccc(Oc2c(Cl)c(Cl)cc(Cl)c2Cl)cc1Cl,YLAYOOJLJKJGCF-UHFFFAOYSA-N,-9.202
0.6249418258666992,CC(O)C(C)C=O,ZURZPPULRFXVLF-UHFFFAOYSA-N,0.625
-1.0683763027191162,CCCCCC(C)=O,CATSNJVOTSVZJV-UHFFFAOYSA-N,-1.068
-1.6064199209213257,COC(C)C(NC(=O)c1ccccc1)C(=O)O,ZRRFZADKYTXPJU-UHFFFAOYSA-N,-1.606
-2.9074819087982178,CCCCCCOC(=O)n1cc(F)c(=O)[nH]c1=O,LAUBAKJLUNBTEP-UHFFFAOYSA-N,-2.907
-4.849043369293213,Clc1cc(Cl)c(Cl)c(Cl)c1,QZYNWJQFTJXIRN-UHFFFAOYSA-N,-4.849
-3.448881149291992,CCNc1c([N+](=O)[O-])cc([N+](=O)[O-])cc1[N+](=O)[O-],JRLUWLIIVKSPPT-UHFFFAOYSA-N,-3.449
-2.1849257946014404,O=Cc1ccc(O)c([N+](=O)[O-])c1,YTHJCZRFJGXPTL-UHFFFAOYSA-N,-2.185
-1.4446018934249878,C=CC(=O)OCCOC(=O)NCCCC,FLKHVLRENDBIDB-UHFFFAOYSA-N,-1.445
-2.290494918823242,COC(=O)C1CCCN1C(=O)COC(=O)c1ccccc1,UQIKOYWGLUXMNE-UHFFFAOYSA-N,-2.29
-9.770821571350098,Brc1ccc(-c2c(Br)c(Br)c(Br)c(Br)c2Br)c(Br)c1Br,NDRKXFLZSRHAJE-UHFFFAOYSA-N,-9.771
-4.153275489807129,CN1CCC(c2c(O)cc(O)c3c(=O)cc(-c4ccccc4Cl)oc23)C(O)C1,BIIVYFLTOXDAOV-UHFFFAOYSA-N,-4.153
-7.870153427124023,CC1(C)C(C=C(Cl)C(F)(F)F)C1C(=O)OC(C#N)c1cccc(Oc2ccccc2)c1,ZXQYGBMAQZUVMI-UHFFFAOYSA-N,-7.87
-3.096489667892456,COc1cc(Br)c2c(c1OC)C(=O)OC2,OVTBMKVBBHTERH-UHFFFAOYSA-N,-3.096
-0.0348494052886962,O=P(O)(O)OC1OC(CO)C(O)C(O)C1O,HXXFSFRBOHSIMQ-UHFFFAOYSA-N,-0.035
0.6004271507263184,C=CCS(=O)(=O)O,UIIIBRHUICCMAI-UHFFFAOYSA-N,0.6
-4.745046138763428,CCOC(=O)Nc1cccc(OC(=O)Nc2ccccc2)c1,WZJZMXBKUWKXTQ-UHFFFAOYSA-N,-4.745
-0.2285773754119873,C1COC2(C1)CCCO2,YVSCOIUNVKGTND-UHFFFAOYSA-N,-0.229
0.2368636131286621,O=C1NCCN1CCO,HBAIZGPCSAAFSU-UHFFFAOYSA-N,0.237
-0.8270483016967773,C=C(C)C,VQTUBCCKSQIDNK-UHFFFAOYSA-N,-0.827
-3.67832088470459,Nc1ccc(-c2ccc(N)c(Cl)c2)cc1Cl,HUWXDEQWWKGHRV-UHFFFAOYSA-N,-3.678
-1.3729413747787476,c1ccc2cnccc2c1,AWJUIBRHMBBTKR-UHFFFAOYSA-N,-1.373
-2.607975959777832,CCc1nc2nc(N)nc(N)c2nc1CC,BUZKILZDXOORCH-UHFFFAOYSA-N,-2.608
-5.386321067810059,S=C=Nc1ccc(-c2ccccc2)cc1,WPYSJFXXQNITBC-UHFFFAOYSA-N,-5.386
-3.624428033828736,COc1cc(NC(=O)CC(C)=O)c(OC)cc1Cl,MOUVJGIRLPZEES-UHFFFAOYSA-N,-3.624
0.5845017433166504,NC(=O)CCNCCO,WRLAXUYIDLSRHV-UHFFFAOYSA-N,0.585
-3.75534987449646,Cc1ccc2ccccc2c1[N+](=O)[O-],IZNWACYOILBFEG-UHFFFAOYSA-N,-3.755
-2.7248308658599854,Cc1cc(=O)c2ccccc2[nH]1,NWINIEGDLHHNLH-UHFFFAOYSA-N,-2.725
-1.5509686470031738,CC(O)C1C(=O)N2C(C(=O)O)=C(SCC(=N)N(C)C)C(C)C12,VBVXPLDOYIOZGP-UHFFFAOYSA-N,-1.551
-2.298677444458008,NC(N)=NCCCCCCCCNCCCCCCCCN=C(N)N,RONFGUROBZGJKP-UHFFFAOYSA-N,-2.299
-6.013754844665527,CCOC(=O)C(c1c(O)c2ccccc2oc1=O)c1c(O)c2ccccc2oc1=O,JCLHQFUTFHUXNN-UHFFFAOYSA-N,-6.014
-1.3042418956756592,COC(=O)c1ccccc1,QPJVMBTYPHYUOC-UHFFFAOYSA-N,-1.304
-0.3885185718536377,NC(Cc1cnc[nH]1)C(=O)O,HNDVDQJCIGZPNO-UHFFFAOYSA-N,-0.389
-5.523038864135742,COc1ccccc1NC(=O)c1cc2ccccc2cc1O,AQYMRQUYPFCXDM-UHFFFAOYSA-N,-5.523
-3.5222368240356445,CC(C)OC(=O)CS(=O)(=O)c1ccc(Cl)cc1,DBCUYSCFFFBUJG-UHFFFAOYSA-N,-3.522
-1.1000697612762451,C=CC(=O)OC(C)(C)C,ISXSCDLOGDJUNJ-UHFFFAOYSA-N,-1.1
-3.2814090251922607,O=C1C(S(=O)(=O)O)=Cc2cc(S(=O)(=O)O)ccc2/C1=N\Nc1ccc(S(=O)(=O)O)c2ccccc12,IPVTTYAHKXZGCQ-ZBJSNUHESA-N,-3.281
-6.038117408752441,Cn1c(=O)cc2c3c(c(Br)ccc31)C(=O)c1ccccc1-2,QTNAUUGQZYCWGQ-UHFFFAOYSA-N,-6.038
-6.242726802825928,Cc1ccc(N2C(=O)c3cccc4c(N)ccc(c34)C2=O)c(C)c1,FQLZTPSAVDHUKS-UHFFFAOYSA-N,-6.243
-7.266632080078125,Brc1ccc(Br)c(-c2cc(Br)ccc2Br)c1,XEFMFJLRXHQLEM-UHFFFAOYSA-N,-7.267
-1.691227674484253,Cc1ccc(Cl)cc1N,WRZOMWDJOLIVQP-UHFFFAOYSA-N,-1.691
-5.337009429931641,COC(=O)CCc1cc(C(C)(C)C)c(O)c(C(C)(C)C)c1,PXMJCECEFTYEKE-UHFFFAOYSA-N,-5.337
-1.917421579360962,COS(=O)(=O)c1ccc(C(=O)O)cc1,IOOIOUOLXVONAC-UHFFFAOYSA-N,-1.917
-4.713388442993164,N#Cc1ccccc1-c1ccc(CBr)cc1,LFFIEVAMVPCZNA-UHFFFAOYSA-N,-4.713
-4.222756862640381,Cc1cccc(C)c1N(COCC(C)C)C(=O)CCl,BIQOEDQVNIYWPQ-UHFFFAOYSA-N,-4.223
-1.076592206954956,CCN(CC)C(=O)C(Cl)=CCOP(=O)(OC)OC,RWXKUYSKUSXRGL-UHFFFAOYSA-N,-1.077
0.1295421123504638,Cc1cc[n+]([O-])cc1,IWYYIZOHWPCALJ-UHFFFAOYSA-N,0.13
-5.166709899902344,Cc1ccc(NS(=O)(=O)c2cc(NNC3=C4C(=O)C=C(S(=O)(=O)O)C=C4C=CC3=N)ccc2Cl)c(C)c1,WRASRGBFGDJYNN-UHFFFAOYSA-N,-5.167
-0.7310967445373535,Cc1cccc(N)c1,JJYPMNFTHPTTDI-UHFFFAOYSA-N,-0.731
-3.03130316734314,CC(C)(C)c1cc(CO)cc(C(C)(C)C)c1O,HNURKXXMYARGAY-UHFFFAOYSA-N,-3.031
-4.436829566955566,CC(C)COC(=O)C1CCCCC1C(=O)OCC(C)C,QUKHPBOCBWDYMW-UHFFFAOYSA-N,-4.437
-1.0783722400665283,O=Cc1cccc(O)c1,IAVREABSGIHHMO-UHFFFAOYSA-N,-1.078
-3.366734504699707,NC(=S)Nc1cccc2ccccc12,PIVQQUNOTICCSA-UHFFFAOYSA-N,-3.367
-2.228231906890869,COc1ccc(OC)c(NC(C)=O)c1,HOZRMSVNIKYCMB-UHFFFAOYSA-N,-2.228
-2.086474895477295,CNS(=O)(=O)c1cc(OC)c(N)cc1C,GWSQAGVGSHXRJK-UHFFFAOYSA-N,-2.086
-3.8647327423095694,CC(C)Oc1ccc(S(=O)(=O)c2ccc(O)cc2)cc1,ZTILAOCGFRDHBH-UHFFFAOYSA-N,-3.865
-1.181275725364685,CCc1occc(=O)c1O,YIKYNHJUKRTCJL-UHFFFAOYSA-N,-1.181
-3.28786039352417,Cc1ccc2c([N+](=O)[O-])ccc(O)c2n1,XYPACLZTPMHPLB-UHFFFAOYSA-N,-3.288
-4.717772960662842,Nc1c2ccccc2nc2cccc(C(F)(F)F)c12,GAWKHTAHYFTCHE-UHFFFAOYSA-N,-4.718
0.0111548900604248,CCCC[C@H](N)C(=O)O,LRQKBLKVPFOOQJ-YFKPBYRVSA-N,0.011
-0.269655704498291,CC(=O)OCCBr,RGHQKFQZGLKBCF-UHFFFAOYSA-N,-0.27
-1.424081563949585,CC(O)CN(CC(C)O)C(=O)COC(=O)c1ccccc1,LDCFNNYCIXKMNJ-UHFFFAOYSA-N,-1.424
-3.967825412750244,CC(C)CC(CC(C)C)(CC(C)C)C(=O)NO,BTQMNEKPMOZIDW-UHFFFAOYSA-N,-3.968
-5.125011444091797,CCC(C)(C)OOC1(OOC(C)(C)CC)CCCCC1,IMYCVFRTNVMHAD-UHFFFAOYSA-N,-5.125
-2.624767303466797,O=C(O)c1c(O)ccc2ccccc12,UPHOPMSGKZNELG-UHFFFAOYSA-N,-2.625
-4.868966102600098,C[C@H](CCC(=O)O)[C@H]1CC[C@H]2[C@@H]3[C@H](O)C[C@@H]4C[C@H](O)CC[C@]4(C)[C@H]3CC[C@]12C,RUDATBOHQWOJDD-BSWAIDMHSA-N,-4.869
-6.391915321350098,c1ccc2cc3c(ccc4ccccc43)cc2c1,DXBHBZVCASKNBY-UHFFFAOYSA-N,-6.392
-2.4343056678771973,ClCC(Cl)(Cl)CCl,UDPHJTAYHSSOQB-UHFFFAOYSA-N,-2.434
0.5792250633239746,O=C(O)CCP(=O)(O)O,NLBSQHGCGGFVJW-UHFFFAOYSA-N,0.579
-2.4766016006469727,CC(=O)Nc1ccccc1Cl,KNVQTRVKSOEHPU-UHFFFAOYSA-N,-2.477
0.853003740310669,O=C(O)CS,CWERGRDVMFNCDR-UHFFFAOYSA-N,0.853
0.853003740310669,O=C(O)CS,CWERGRDVMFNCDR-UHFFFAOYSA-N,0.853
-2.930130243301392,CCCCOP(=O)(OCCCC)Oc1ccccc1,YICSVBJRVMLQNS-UHFFFAOYSA-N,-2.93
-0.2995345592498779,CC(Cl)C(C)(C)O,YYHQXKBKFKTDMP-UHFFFAOYSA-N,-0.3
1.386389970779419,NCCNCCN,RPNUMPOLZDHAAY-UHFFFAOYSA-N,1.386
-0.8922379016876221,ClC(Br)Br,GATVIKZLVQHOMN-UHFFFAOYSA-N,-0.892
-3.6123547554016113,CNC1=Nc2ccc(Cl)cc2C(c2ccccc2)=[N+]([O-])C1,ANTSCNMPPGJYLG-UHFFFAOYSA-N,-3.612
-3.5266551971435547,CC1N(c2c(F)cc3c(=O)c(C(=O)O)cn(C4CC4)c3c2F)CC1(C)N,FNYQALWNSAGHJV-UHFFFAOYSA-N,-3.527
-7.666416168212891,C=CCN(CC=C)c1cc(NC(C)=O)c(N=Nc2c(Br)cc([N+](=O)[O-])cc2[N+](=O)[O-])cc1OC,WXDXQSMFRITTEJ-UHFFFAOYSA-N,-7.666
0.7587640285491943,CN(CCCN)CCCN,KMBPCQSCMCEPMU-UHFFFAOYSA-N,0.759
-2.560576677322388,Nc1ccc(Cl)cc1[N+](=O)[O-],PBGKNXWGYQPUJK-UHFFFAOYSA-N,-2.561
-5.279958724975586,COCC1COc2cc3ncnc(Nc4cccc(I)c4)c3cc2O1,QTSBFJRVBUIZJC-UHFFFAOYSA-N,-5.28
-4.690456390380859,CCCC(=O)OCN1C(=O)NC(c2ccccc2)(c2ccccc2)C1=O,UPQWMVAELITTGQ-UHFFFAOYSA-N,-4.69
-0.3531386852264404,O=C(O)CN(CCCN(CC(=O)O)CC(=O)O)CC(=O)O,DMQQXDPCRUGSQB-UHFFFAOYSA-N,-0.353
-2.8479490280151367,c1ccc2ccccc2c1,UFWIBTONFRDIAS-UHFFFAOYSA-N,-2.848
-1.2794042825698853,CSc1nc(N(C)C)nc(N(C)C)n1,PRLMFHYBTOQSLN-UHFFFAOYSA-N,-1.279
-4.5891852378845215,CC[n+]1c(-c2ccccc2)c2cc(N)ccc2c2ccc(N)cc21,QTANTQQOYSUMLC-UHFFFAOYSA-O,-4.589
-7.692490577697754,Clc1ccc(Oc2ccc(Cl)c(Cl)c2)cc1Cl,DHLVZXZRIZBPKG-UHFFFAOYSA-N,-7.692
-4.429816246032715,Nc1ccc(N)c2c1C(=O)c1ccccc1C2=O,FBMQNRKSAWNXBT-UHFFFAOYSA-N,-4.43
-4.136621475219727,C[C@]12CC[C@H](O)CC1=CC[C@@H]1[C@@H]2CC[C@]2(C)C(=O)CC[C@@H]12,FMGSKLZLMKYGDP-USOAJAOKSA-N,-4.137
-2.3773083686828613,Nc1cccc(S(=O)(=O)Nc2nnc(S(N)(=O)=O)s2)c1,ZAVXXOXJXNKOFP-UHFFFAOYSA-N,-2.377
-2.1931965351104736,CCC(C)C1CCCCC1=O,RQXTZKGDMNIWJF-UHFFFAOYSA-N,-2.193
-1.6846853494644165,C=C(C)[C@H]1CC=C(C)C(=O)C1,ULDHMXUKGWMISQ-VIFPVBQESA-N,-1.685
-5.260293006896973,CCOC1=CC(=O)CC(C)C12Oc1c(Cl)c(OC)cc(OC)c1C2=O,VHXBNOUUDLLFER-UHFFFAOYSA-N,-5.26
-1.3085366487503052,Cn1cnc2[nH]c(=O)nc(NCCO)c21,NRFNHVNHUCNPFW-UHFFFAOYSA-N,-1.309
-5.007011413574219,CCCCCCCC/C=C\CCCCCCCC1=NCCN1CCO,WGTDLPBPQKAPMN-KTKRTIGZSA-N,-5.007
-1.503637671470642,CCc1cccc(C)n1,SFSXNVBMAODLGN-UHFFFAOYSA-N,-1.504
-1.3495982885360718,COCC(=O)c1ccccc1,YRNDGUSDBCARGC-UHFFFAOYSA-N,-1.35
-2.2812204360961914,CC(=O)c1cc2ccccc2o1,YUTFQTAITWWGFH-UHFFFAOYSA-N,-2.281
-3.774363040924072,Nc1ccc(N/N=C2\C=Cc3c(cccc3S(=O)(=O)O)C2=O)cc1,SJDWIIRQOOJASM-XMHGGMMESA-N,-3.774
-0.0166900157928466,CCOC(=O)CC,FKRCODPIKNYEAC-UHFFFAOYSA-N,-0.017
-6.741101264953613,CC1(c2ccc(Oc3ccccc3)cc2)OC(=O)N(Nc2ccccc2)C1=O,PCCSBWNGDMYFCW-UHFFFAOYSA-N,-6.741
-4.7926025390625,COC1=CCC2=C(CCC3C2CCC2(C)C3CCC2(O)C#N)C1,MEEGGHJZTZFSBQ-UHFFFAOYSA-N,-4.793
-1.1037428379058838,C=CC(C)C(=O)OCC,WDCCXADRWCXXOR-UHFFFAOYSA-N,-1.104
-3.821619987487793,CCCCCCCCCCCNC(=O)c1cccnc1,OEDGRBFONRSXRX-UHFFFAOYSA-N,-3.822
-2.915822744369507,O=C(O)C1(O)c2ccccc2-c2ccccc21,GXAMYUGOODKVRM-UHFFFAOYSA-N,-2.916
-4.472311973571777,CC(=O)OCC(=O)[C@@]1(O)[C@H](C)C[C@H]2[C@@H]3CCC4=CC(=O)C=C[C@]4(C)[C@@]3(F)[C@@H](O)C[C@@]21C,AKUJBENLRBOFTD-RPRRAYFGSA-N,-4.472
0.7252471446990967,CCOCCOCCO,XXJWXESWEXIICW-UHFFFAOYSA-N,0.725
-3.897007942199707,O=C(O)c1cc(-c2ccc(F)cc2F)ccc1O,HUPFGZXOMWLGNK-UHFFFAOYSA-N,-3.897
0.3558425903320312,NC(CO)C(=O)O,MTCFGRXMJLQNBG-UHFFFAOYSA-N,0.356
-3.047870397567749,O=S(=O)(c1ccccc1)c1ccccc1,KZTYYGOKRVBIMI-UHFFFAOYSA-N,-3.048
-1.1876739263534546,c1ccc(C2=NCCN2)cc1,BKCCAYLNRIRKDJ-UHFFFAOYSA-N,-1.188
-2.875170946121216,O=S(=O)(O)c1ccc(S(=O)(=O)O)c(Nc2nc(Nc3ccc(/C=C/c4ccc(Nc5nc(Nc6cc(S(=O)(=O)O)ccc6S(=O)(=O)O)nc(N(CCO)CCO)n5)cc4S(=O)(=O)O)c(S(=O)(=O)O)c3)nc(N(CCO)CCO)n2)c1,IWCYXDKDGNKCFU-OWOJBTEDSA-N,-2.875
-4.731156349182129,CN(CCO)c1nc(Nc2ccccc2)nc(Nc2ccc(/C=C/c3ccc(Nc4nc(Nc5ccccc5)nc(N(C)CCO)n4)cc3S(=O)(=O)O)c(S(=O)(=O)O)c2)n1,WNUUEQSIAHJIGU-BUHFOSPRSA-N,-4.731
1.6516964435577393,C#N,LELOWRISYMNNSU-UHFFFAOYSA-N,1.652
-2.5176496505737305,CC(=O)Nc1ccc(S(=O)(=O)NC(C)=O)cc1,YTJJPFRVBNFIBN-UHFFFAOYSA-N,-2.518
-4.556375026702881,Nc1c2ccccc2nc2cccc([N+](=O)[O-])c12,IOQZSOCPFYNJIG-UHFFFAOYSA-N,-4.556
-4.613189697265625,c1ccc2c(c1)ccc1ccccc12,YNPNZTXNASCQKK-UHFFFAOYSA-N,-4.613
-1.8398396968841555,O=C(O)c1ccccc1I,CJNZAXGUTKBIHP-UHFFFAOYSA-N,-1.84
-3.5244293212890625,O=c1[nH]c(-c2ccccc2)ncc1Br,MWZGHIGOSHTXGY-UHFFFAOYSA-N,-3.524
-3.654865026473999,CN(C)CC/C=C1\c2ccccc2COc2ccccc21,ODQWQRRAPPTVAG-GZTJUZNOSA-N,-3.655
-3.635200023651123,CCCCCCCBr,LSXKDWGTSHCFPP-UHFFFAOYSA-N,-3.635
-1.3169538974761963,NCC(=O)NC(Cc1ccc(O)cc1)C(=O)O,XBGGUPMXALFZOT-UHFFFAOYSA-N,-1.317
-2.956472635269165,O=c1ncc2[nH]c(=O)[nH]c2[nH]1,PRUGQYWGIVNHEM-UHFFFAOYSA-N,-2.956
-2.74790358543396,O=C(NO)c1ccccc1N=Cc1ccccn1,UHZUKUTVMBPNLC-UHFFFAOYSA-N,-2.748
-2.212022304534912,CCCCCCCCC(=O)N(C)C,DMLHJLWUADABON-UHFFFAOYSA-N,-2.212
-5.301745414733887,COc1cc([C@@H]2c3cc4c(c(O)c3C[C@H]3COC(=O)[C@@H]32)OCO4)cc(OC)c1O,JGGWNGRBXJWAOC-HKJPBSJPSA-N,-5.302
0.3745338916778564,CCC(C)(N)C(=O)O,GCHPUFAZSONQIV-UHFFFAOYSA-N,0.375
0.1971826553344726,NC(=O)CC[C@H](N)C(=O)O,ZDXPYRJPNDTMRX-VKHMYHEASA-N,0.197
-3.1687614917755127,O=C(c1ccccc1)c1ccc(O)c(O)c1O,HTQNYBBTZSBWKL-UHFFFAOYSA-N,-3.169
-1.4126379489898682,CCOc1ccccc1O,MOEFFSWKSMRFRQ-UHFFFAOYSA-N,-1.413
-2.746150016784668,COc1ccc(CCC#N)cc1OC,LECKQPWCSYMCDR-UHFFFAOYSA-N,-2.746
-5.715307235717773,CC(=O)OC1CCC2C3CCC4=CC(=O)CCC4(C)C3CCC12C,DJPZSBANTAQNFN-UHFFFAOYSA-N,-5.715
-3.8400778770446777,CCCC(=O)OC(C)(C)Cc1ccccc1,SHSGYHAHMQLYRB-UHFFFAOYSA-N,-3.84
-0.677619457244873,OCC1OC2OC3C(CO)OC(OC4C(CO)OC(OC5C(CO)OC(OC6C(CO)OC(OC7C(CO)OC(OC8C(CO)OC(OC1C(O)C2O)C(O)C8O)C(O)C7O)C(O)C6O)C(O)C5O)C(O)C4O)C(O)C3O,WHGYBXFWUBPSRW-UHFFFAOYSA-N,-0.678
-2.9013264179229736,Cc1ccc(C)c(C)c1,GWHJZXXIDMPWGX-UHFFFAOYSA-N,-2.901
-1.5359140634536743,CC(Br)CBr,XFNJYAKDBJUJAJ-UHFFFAOYSA-N,-1.536
-1.17581045627594,CN[C@@H](Cc1ccc(O)cc1)C(=O)O,AXDLCFOOGCNDST-VIFPVBQESA-N,-1.176
-2.4750936031341557,CCCN1Cn2c(nc3ccccc3c2=O)C1C,LTMRJPIOLKBUKZ-UHFFFAOYSA-N,-2.475
-4.259425640106201,C=CC(=O)OCCN(C)S(=O)(=O)C(F)(F)C(F)(F)C(F)(F)C(F)(F)F,KEMCLRGAIUJRAN-UHFFFAOYSA-N,-4.259
-8.187976837158203,c1ccc2c(c1)-c1cccc3cc4c(ccc5ccccc54)c-2c13,ZUAGUFSITPHNKC-UHFFFAOYSA-N,-8.188
-0.5002038478851318,O=C1CC(=O)NC(=O)N1,HNYOPLTXPVRDBG-UHFFFAOYSA-N,-0.5
-2.459045886993408,NC(Cc1ccc(N(CCCl)CCCl)cc1)C(=O)O,SGDBTWWWUNNDEQ-UHFFFAOYSA-N,-2.459
-2.904919385910034,COc1ccc([N+](=O)[O-])cc1[N+](=O)[O-],CVYZVNVPQRKDLW-UHFFFAOYSA-N,-2.905
0.9326138496398926,CCCCO,LRHPLDYGYMQRHN-UHFFFAOYSA-N,0.933
-5.252337455749512,Cc1c(Nc2nc(Cl)nc(Nc3cccc(S(=O)(=O)O)c3)n2)c(C)c(S(=O)(=O)O)c(C)c1Nc1cc(S(=O)(=O)O)c(N)c2c1C(=O)c1ccccc1C2=O,OYYZSRVQTPSXRG-UHFFFAOYSA-N,-5.252
-4.601945877075195,Clc1cccc2cccc(Cl)c12,ADRYPAGQXFMVFP-UHFFFAOYSA-N,-4.602
-7.076064109802246,CCCCC(CC)COC(=O)c1ccccc1C(=O)OCC(CC)CCCC,BJQHLKABXJIVAM-UHFFFAOYSA-N,-7.076
-4.352177143096924,CC12CCC(=O)C=C1CCC1C2CCC2(C)C(C(=O)CO)CCC12,ZESRJSPZRDMNHY-UHFFFAOYSA-N,-4.352
-5.226757049560547,Cc1cc(-c2ccc(N=C=O)c(C)c2)ccc1N=C=O,ICLCCFKUSALICQ-UHFFFAOYSA-N,-5.227
-1.0776546001434326,O=C1NC(=O)C2=C1CCCC2,AFJWMGOTLUUGHF-UHFFFAOYSA-N,-1.078
-0.8746304512023926,CN(C)Cc1cc(CN(C)C)c(O)c(CN(C)C)c1,AHDSRXYHVZECER-UHFFFAOYSA-N,-0.875
1.243741750717163,CC(N)=O,DLFVBJFMPXGRIB-UHFFFAOYSA-N,1.244
-6.351589202880859,O=C(Nc1ccc2c(O)c(N=Nc3ccccc3)c(S(=O)(=O)O)cc2c1)Nc1ccc2c(O)c(N=Nc3ccccc3)c(S(=O)(=O)O)cc2c1,XKNUVBQTZXGYHL-UHFFFAOYSA-N,-6.352
-4.000974178314209,ClC1C(Cl)C(Cl)C(Cl)C(Cl)C1Cl,JLYXXMFPNIAWKQ-UHFFFAOYSA-N,-4.001
1.1233575344085691,NCC(F)F,OVRWUZYZECPJOB-UHFFFAOYSA-N,1.123
-0.2675988674163818,NCC(=O)N[C@@H](CCC(N)=O)C(=O)O,PNMUAGGSDZXTHX-BYPYZUCNSA-N,-0.268
-9.285962104797363,Clc1cc(Cl)c(Cl)c(Oc2cc(Cl)c(Cl)cc2Cl)c1,SFTBUGPDOJDENF-UHFFFAOYSA-N,-9.286
-3.3409931659698486,Ic1cccc(I)c1,SFPQFQUXAJOWNF-UHFFFAOYSA-N,-3.341
-1.4681572914123535,CCOc1ccc(O)cc1,LKVFCSWBKOVHAH-UHFFFAOYSA-N,-1.468
-0.9040634632110596,Cn1c(N)cc(=O)n(C)c1=O,VFGRNTYELNYSKJ-UHFFFAOYSA-N,-0.904
-3.0032060146331787,COCCCNc1nc(NC(C)C)nc(SC)n1,DDUIUBPJPOKOMV-UHFFFAOYSA-N,-3.003
-2.580589771270752,O=C(O)c1ccc(Cl)cc1Cl,ATCRIUVQKHMXSH-UHFFFAOYSA-N,-2.581
-0.953333616256714,CS(=O)(=O)NS(=O)(=O)C1CCCCC1,CWLZDZVLPBXMKF-UHFFFAOYSA-N,-0.953
-0.922325849533081,CCCBr,CYNYIHKIEHGYOZ-UHFFFAOYSA-N,-0.922
-8.425566673278809,Clc1ccc2c(c1)Oc1cc(Cl)c(Cl)c(Cl)c1O2,SKGXYFVQZVPEFP-UHFFFAOYSA-N,-8.426
0.8612253665924072,C=C(C)C=O,STNJBCKSHOAVAJ-UHFFFAOYSA-N,0.861
0.2645909786224365,CNS#CNCO,BBJPKBLYPSYKMT-UHFFFAOYSA-N,0.265
0.1969051361083984,CCOC(=O)N(C)N=O,CAUBWLYZCDDYEF-UHFFFAOYSA-N,0.197
-3.6568470001220703,CC(Cc1ccc(C(C)(C)C)cc1)CN1C[C@@H](C)O[C@@H](C)C1,RYAUSSKQMZRMAI-ALOPSCKCSA-N,-3.657
-1.7684208154678345,COCCOC(=O)c1ccccc1C(=O)OCCOC,HSUIVCLOAAJSRE-UHFFFAOYSA-N,-1.768
-1.5803507566452026,CC(=O)OCc1ccccc1,QUKGYYKBILRGFE-UHFFFAOYSA-N,-1.58
-4.718295574188232,Cc1cnc(C(=O)NCCc2ccc(S(=O)(=O)NC(=O)NC3CCCCC3)cc2)cn1,ZJJXGWJIGJFDTL-UHFFFAOYSA-N,-4.718
-4.467080116271973,O=C(O)c1cc(Cl)ccc1N=Nc1ccc(O)cc1,PFFPKQRMYJXVMY-UHFFFAOYSA-N,-4.467
-1.1697272062301636,CCOC(=O)CC1(C)CCC(=O)O1,XPHDAEADNYTVAU-UHFFFAOYSA-N,-1.17
-5.326269626617432,CC(C)C1=CC2=CCC3C(C)(C(=O)O)CCCC3(C)C2CC1,RSWGJHLUYNHPMX-UHFFFAOYSA-N,-5.326
-3.000636339187622,Cc1cc(O)c(C(C)C)cc1Cl,KFZXVMNBUMVKLN-UHFFFAOYSA-N,-3.001
-3.385791778564453,O=C1C=C2CC3(O)COc4c(ccc(O)c4O)C3=C2CC1=O,UHIAOZUHJYDVBH-UHFFFAOYSA-N,-3.386
-0.613187313079834,Nc1cccnc1N,ZZYXNRREDYWPLN-UHFFFAOYSA-N,-0.613
0.6487424373626709,C=CCOC(CO)CO,IGDCJKDZZUALAO-UHFFFAOYSA-N,0.649
-3.635193109512329,C=CC(C)CC/C=C(\C)CCC=O,QVEOSYKPYFNQAZ-XYOKQWHBSA-N,-3.635
-1.939956784248352,O=S(=O)(O)OOS(=O)(=O)O,JRKICGRDRMAZLK-UHFFFAOYSA-N,-1.94
-1.939956784248352,O=S(=O)(O)OOS(=O)(=O)O,JRKICGRDRMAZLK-UHFFFAOYSA-N,-1.94
-0.8420112133026123,O=C1NC(=O)C2C=CC=CC12,RDHHZPRHIKNBBI-UHFFFAOYSA-N,-0.842
-4.349169731140137,Clc1ccccc1-c1ccccc1,LAXBNTIAOJWAOP-UHFFFAOYSA-N,-4.349
-1.857651710510254,Fc1ccccc1F,GOYDNIKZWGIXJT-UHFFFAOYSA-N,-1.858
-4.178468704223633,C=C(C)C(=O)OC1CC2CCC1(C)C2(C)C,IAXXETNIOYFMLW-UHFFFAOYSA-N,-4.178
-2.3501453399658203,CCCCCCCCCCCC(=O)OCCOCC(OCCO)C1OCC(OCCO)C1OCCO,HMFKFHLTUCJZJO-UHFFFAOYSA-N,-2.35
-1.6737449169158936,CC(=O)Nc1ccc(S(=O)(=O)CCO)cc1,XIICKRYAUAVEQS-UHFFFAOYSA-N,-1.674
-2.482863426208496,Nc1nc(N)c2nc[nH]c2n1,MSSXOMSJDRHRMC-UHFFFAOYSA-N,-2.483
-2.3767151832580566,Nc1ccc(S(=O)(=O)Nc2nnc(S(N)(=O)=O)s2)cc1,BDLSLORLEPSOGW-UHFFFAOYSA-N,-2.377
-2.169914960861206,CCC(C)C,QWTDNUCVQCZILF-UHFFFAOYSA-N,-2.17
-2.077101945877075,COc1ccc(Cl)cc1,YRGAYAGBVIXNAQ-UHFFFAOYSA-N,-2.077
-2.335232734680176,FC(F)(Cl)C(F)(F)Cl,DDMOUSALMHHKOS-UHFFFAOYSA-N,-2.335
-3.284900665283203,Nc1nc2[nH]c(=O)cnc2c(=O)[nH]1,GLKCOBIIZKYKFN-UHFFFAOYSA-N,-3.285
-2.725135564804077,CCSCCSP(=S)(OC)OC,OPASCBHCTNRLRM-UHFFFAOYSA-N,-2.725
-6.412424087524414,NC(=O)c1nc(-c2ccccc2)n(-c2ccc(Cl)c(COCC(F)(F)C(F)(F)F)c2)n1,AOQMRUTZEYVDIL-UHFFFAOYSA-N,-6.412
-0.1736054420471191,NS(=O)(=O)c1cc2c(s1)[S+]([O-])CCC2O,DWEPFAMAQPVFBH-UHFFFAOYSA-N,-0.174
-5.378073692321777,COc1ccc(CCN(C)CCCC(C#N)(c2ccc(OC)c(OC)c2)C(C)C)cc1OC,SGTNSNPWRIOYBX-UHFFFAOYSA-N,-5.378
-2.384297132492065,C=C(Cl)C(Cl)CCl,WZUZDBPJFHQVJC-UHFFFAOYSA-N,-2.384
-7.151088714599609,CC(=O)C(N=Nc1ccc(Cl)cc1[N+](=O)[O-])C(=O)Nc1ccccc1Cl,QTSNFLIDNYOATQ-UHFFFAOYSA-N,-7.151
-1.516829490661621,O=C(c1ccccc1O)N1CCOCC1,TUFGIGGYNZUDAL-UHFFFAOYSA-N,-1.517
-1.051426649093628,NNP(=S)(NN)c1ccccc1,HDCICIWMRHHDMV-UHFFFAOYSA-N,-1.051
-3.3066983222961426,Oc1cc(Cl)c(Cl)c(Cl)c1Cl,RULKYXXCCZZKDZ-UHFFFAOYSA-N,-3.307
-2.849693536758423,CC1(C)SC2C(NC(=O)COc3ccccc3)C(=O)N2C1C(=O)O,BPLBGHOLXOTWMN-UHFFFAOYSA-N,-2.85
-4.708987712860107,O=C(Cc1ccc(-c2ccccc2)cc1)OCCF,XAERLJMOUYEBAB-UHFFFAOYSA-N,-4.709
-6.6005859375,CCOc1ccc(C(C)(C)COCc2cccc(Oc3ccccc3)c2)cc1,YREQHYQNNWYQCJ-UHFFFAOYSA-N,-6.601
-1.6840314865112305,CN(C)c1ccc(N=NS(=O)(=O)O)cc1,FLTYACUMGDVPLP-UHFFFAOYSA-N,-1.684
-3.5496320724487305,CN1CCN(C2=Nc3ccccc3Oc3ccc(Cl)cc32)CC1,XJGVXQDUIWGIRW-UHFFFAOYSA-N,-3.55
-1.288986325263977,CC1=CC[C@H](C(C)(C)O)CC1,WUOACPNHFRMFPN-VIFPVBQESA-N,-1.289
-8.27430248260498,CCCCCCCCCCCCCCCCCCn1c(=O)c2ccc3sc4ccccc4c4ccc(c1=O)c2c34,YDQLECBCTASDOZ-UHFFFAOYSA-N,-8.274
0.9891788959503174,C1O[C@H]1[C@H]1CO1,ZFIVKAOQEXOYFY-QWWZWVQMSA-N,0.989
-2.3486123085021973,COC(=O)N(C)C(=O)CSP(C)(=S)OC,PUTUPQVEMBRCAG-UHFFFAOYSA-N,-2.349
-3.666692018508911,CCOC(=O)n1c(-c2cscn2)nc2ccccc21,UGRWIGCKFYJTEL-UHFFFAOYSA-N,-3.667
-6.92197322845459,CCOC(F)(C(F)(F)C(F)(F)C(F)(F)F)C(F)(C(F)(F)F)C(F)(F)F,HHBBIOLEJRWIGU-UHFFFAOYSA-N,-6.922
0.361551284790039,ClCOCCl,HRQGCQVOJVTVLU-UHFFFAOYSA-N,0.362
-0.0759031772613525,O=C1CCCCCN1,JBKVHLHDHHXQEQ-UHFFFAOYSA-N,-0.076
1.837280035018921,COC,LCGLNKUTAGEVQW-UHFFFAOYSA-N,1.837
-0.5699412822723389,CC(O)C([N+](=O)[O-])[N+](=O)[O-],KRCTVRKGIUYGJG-UHFFFAOYSA-N,-0.57
-4.303590774536133,COC(=O)C1(O)c2ccccc2-c2ccc(Cl)cc21,LINPVWIEWJTEEJ-UHFFFAOYSA-N,-4.304
-3.299115896224976,S=C=NCCc1ccccc1,IZJDOKYDEWTZSO-UHFFFAOYSA-N,-3.299
-2.738438367843628,CNC(=O)ON=C1C(Cl)C2CC(C#N)C1C2,QCQPGRMMDFIQMB-UHFFFAOYSA-N,-2.738
-0.560248613357544,[O-2],AHKZTVQIVOEVFO-UHFFFAOYSA-N,-0.56
-7.699502944946289,CCCCc1ccc2cc3ccc4ccccc4c3cc2c1,NOYOIPQGXQUMJJ-UHFFFAOYSA-N,-7.7
0.479158878326416,CCOCCOCCOCCO,WFSMVVDJSNMRAR-UHFFFAOYSA-N,0.479
-3.440641403198242,C#CC(C)N(C)C(=O)Nc1ccc(Cl)cc1,BYYMILHAKOURNM-UHFFFAOYSA-N,-3.441
-2.9907565116882324,O=C(O)c1ccccc1-c1ccccc1,ILYSAKHOYBPSPC-UHFFFAOYSA-N,-2.991
-0.4800839424133301,CC(C)(S(C)(=O)=O)S(C)(=O)=O,YBSYYLRYPMFRNL-UHFFFAOYSA-N,-0.48
-3.2768824100494385,CC12CCC(=O)C=C1CCC1C2C2CC3(C(O)O2)C(C(=O)CO)CCC13,QUQBHBRVKLEOEI-UHFFFAOYSA-N,-3.277
-3.4210429191589355,O=c1ccc2cc3ccoc3c(O)c2o1,JWVYQQGERKEAHW-UHFFFAOYSA-N,-3.421
-1.981783151626587,CC(=O)Oc1ccccc1C(=O)OCC(=O)N(C)C,FDTMXYKUFIZEMG-UHFFFAOYSA-N,-1.982
-2.780775785446167,CN=C(NC)N1Cc2cccc3cccc(c23)C1,NDDWQZYCAZDNEH-UHFFFAOYSA-N,-2.781
0.7609124183654785,O=C(CO)CO,RXKJFZQQPQGTFL-UHFFFAOYSA-N,0.761
-5.804708957672119,CCCCCCCOCC(COCCCCCCC)(COCCCCCCC)COCCCCCCC,PIZFEKJNYKNABG-UHFFFAOYSA-N,-5.805
-6.0175886154174805,N=NN=NC1=CCc2c(cccc2S(=O)(=O)Oc2ccc(C(=O)c3ccc(O)c(O)c3O)cc2)C1=O,WVRFNJXNBZHDGZ-UHFFFAOYSA-N,-6.018
-4.181004047393799,COc1ccc2c(c1)N(C[C@H](C)CN(C)C)c1ccccc1S2,VRQVVMDWGGWHTJ-CQSZACIVSA-N,-4.181
0.0706925392150878,CC=CCC#N,UVKXJAUUKPDDNW-UHFFFAOYSA-N,0.071
-5.632957458496094,Clc1ccc(Oc2ccccc2)c(Cl)c1,KXIPYLZZJZMMPD-UHFFFAOYSA-N,-5.633
-2.605027437210083,COc1ccc2c3c1OC1C(O)C=CC4C(C2)N(C)CCC341,OROGSEYTTFOCAN-UHFFFAOYSA-N,-2.605
-0.3434624671936035,COC1CCCC1,SKTCDJAMAYNROS-UHFFFAOYSA-N,-0.343
-0.4411332607269287,CC(=O)OCC(C)OC(C)=O,MLHOXUWWKVQEJB-UHFFFAOYSA-N,-0.441
-4.336395740509033,Clc1cccc(-c2ccccc2)c1,NMWSKOLWZZWHPL-UHFFFAOYSA-N,-4.336
0.5871365070343018,CC1CNCC(C)O1,HNVIQLPOGUDBSU-UHFFFAOYSA-N,0.587
-3.860034942626953,CCC(C)C(C)(C)C,XTDQDBVBDLYELW-UHFFFAOYSA-N,-3.86
-3.816918849945069,CC12CCC3C4CCC(=O)C=C4CCC3C1CCC2O,NPAGDVCDWIYMMC-UHFFFAOYSA-N,-3.817
-7.03764009475708,Clc1ccc(-c2c(Cl)cccc2Cl)c(Cl)c1,WVHNUGRFECMVLQ-UHFFFAOYSA-N,-7.038
-6.120444297790527,Clc1ccc(-c2ccc(Cl)cc2Cl)cc1,BZTYNSQSZHARAZ-UHFFFAOYSA-N,-6.12
-6.010095596313477,O=S(=O)(O)c1cc(S(=O)(=O)O)c2cc(NS(=O)(=O)c3cccc(N=Nc4ccc(N=Nc5c(O)ccc6ccccc56)cc4)c3)ccc2c1,CYVCVGQCHLVKKV-UHFFFAOYSA-N,-6.01
-0.8723411560058594,O=S(=O)(O)C[C@@H](O)CNc1ccccc1,CLEVULOKVPBHCU-VIFPVBQESA-N,-0.872
-7.940574645996094,Clc1ccc(-c2c(Cl)c(Cl)cc(Cl)c2Cl)cc1,ZDDZPDTVCZLFFC-UHFFFAOYSA-N,-7.941
-2.648831844329834,CCCCCCCCCCSC(=N)N,LRWNUFGVDBJUTF-UHFFFAOYSA-N,-2.649
-0.1720893383026123,O=C[C@H](O)[C@H]1OC(=O)[C@@H](O)[C@H]1O,UYUXSRADSPPKRZ-SKNVOMKLSA-N,-0.172
-0.4880714416503906,CCCCOC(=O)C(C)O,MRABAEUHTLLEML-UHFFFAOYSA-N,-0.488
-4.276779651641846,CC(=O)Oc1ccc(NC(=O)c2ccccc2)cc1,MBMANTPXLYUUGC-UHFFFAOYSA-N,-4.277
-2.438718795776367,CN/C(=C/[N+](=O)[O-])NCCSCc1ccc(CN(C)C)o1,VMXUWOKSQNHOCA-LCYFTJDESA-N,-2.439
0.3690624237060547,O=C1NCCN1,YAMHXTCMCPHKLN-UHFFFAOYSA-N,0.369
0.6782286167144775,CC(O)COC(C)CO,DUFKCOQISQKSAV-UHFFFAOYSA-N,0.678
-5.348022937774658,CCNc1cc(C#N)c(N)c2c1C(=O)c1ccccc1C2=O,ATXPWKWYLDEURI-UHFFFAOYSA-N,-5.348
-2.932015180587769,COc1c(Cl)ccc(Cl)c1C(=O)O,IWEDIXLBFLAXBO-UHFFFAOYSA-N,-2.932
-1.0919702053070068,N#CC(Cl)(Cl)Cl,DRUIESSIVFYOMK-UHFFFAOYSA-N,-1.092
-4.549136638641357,CCCCC(CC)COC(=O)c1ccccc1,UADWUILHKRXHMM-UHFFFAOYSA-N,-4.549
-1.9114136695861816,c1ccc2scnc2c1,IOJUPLGTWVMSFF-UHFFFAOYSA-N,-1.911
-7.815614700317383,Cc1cc(C(C)(C)C)c(OP2OCC3(CO2)COP(Oc2c(C(C)(C)C)cc(C)cc2C(C)(C)C)OC3)c(C(C)(C)C)c1,SSADPHQCUURWSW-UHFFFAOYSA-N,-7.816
-8.09019947052002,CCCCCCCCCCCCCCOC(=O)CCCCCCCCCCCCC,DZKXJUASMGQEMA-UHFFFAOYSA-N,-8.09
-1.3459552526474,FC(F)(F)CCl,CYXIKYKBLDZZNW-UHFFFAOYSA-N,-1.346
-4.685476303100586,Cc1c(NC(=O)Nc2ccccc2)c(=O)n(-c2ccccc2)n1C,MHDYKXPQKDDFFZ-UHFFFAOYSA-N,-4.685
-3.4735419750213623,CCCCN(CCCC)C(=O)COC(=O)c1ccccc1,ORAHATGHUWMRCM-UHFFFAOYSA-N,-3.474
-4.4285807609558105,CC(=O)C1(O)CCC2C3CCC4=CC(=O)CCC4(C)C3CCC21C,DBPWSSGDRRHUNT-UHFFFAOYSA-N,-4.429
-3.815829753875733,Brc1cccc2ccccc12,DLKQHBOKULLWDQ-UHFFFAOYSA-N,-3.816
-1.0359675884246826,CCCCCCOC(N)=O,ROASJEHPZNKHOF-UHFFFAOYSA-N,-1.036
-7.104497909545898,COCCCN1C(=O)c2ccc3c(=O)n4c5ccc(C)cc5nc4c4ccc(c2c34)C1=O,PMZXKSSDXXNNIO-UHFFFAOYSA-N,-7.104
-1.6674094200134275,CC(C)=CCC/C(C)=C/CO,GLZPCOQZEFWAFX-JXMROGBWSA-N,-1.667
-3.66520357131958,CC(O)COc1ccc(C(C)(C)c2ccc(OCC(C)O)cc2)cc1,MIUUNYUUEFHIHM-UHFFFAOYSA-N,-3.665
-5.4228291511535645,C#CC1(O)CCC2C3CCc4cc(OC)ccc4C3CCC21C,IMSSROKUHAOUJS-UHFFFAOYSA-N,-5.423
-4.753519058227539,C=C(Br)C(=O)Nc1ccc(Nc2cc(S(=O)(=O)O)c(N)c3c2C(=O)c2ccccc2C3=O)c(S(=O)(=O)O)c1,KWPQTIBXONETGA-UHFFFAOYSA-N,-4.754
-2.738666296005249,Cc1cc(OC(=O)N(C)C)n(-c2ccccc2)n1,GEDIWDLJKRKBFT-UHFFFAOYSA-N,-2.739
-7.0655927658081055,CC(C)c1cc(Oc2ccccc2)cc(C(C)C)c1NC(=S)NC(C)(C)C,WOWBFOBYOAGEEA-UHFFFAOYSA-N,-7.066
1.188424825668335,NCCOCCN,GXVUZYLYWKWJIM-UHFFFAOYSA-N,1.188
-1.5469704866409302,Cc1nc2c([nH]1)c(=O)n(C)c(=O)n2C,WZBKGWBHAPBSBF-UHFFFAOYSA-N,-1.547
-2.580157995223999,Nc1ccc(Cc2ccc(N)cc2)cc1,YBRVSVVVWCFQMG-UHFFFAOYSA-N,-2.58
-7.795263290405273,O=C(OOC(=O)c1ccc(Cl)cc1Cl)c1ccc(Cl)cc1Cl,WRXCBRHBHGNNQA-UHFFFAOYSA-N,-7.795
-4.856504440307617,CCC(C)C(N)C(=O)OCCCCOC(=O)C(C)c1ccc2cc(OC)ccc2c1,UHSJNNFEGHBUMV-UHFFFAOYSA-N,-4.857
-2.412356376647949,O=C1NC(=S)NC(=O)C12CCCCC2,XIOUPQUYEUYPAW-UHFFFAOYSA-N,-2.412
-3.302285432815552,O=[N+]([O-])c1cc(Cl)cc(Cl)c1,RNABGKOKSBUFHW-UHFFFAOYSA-N,-3.302
-4.229475021362305,Cc1ccc(C(=O)N(O)c2ccc(Cl)cc2)cc1,IBCDULLCLULASH-UHFFFAOYSA-N,-4.229
-3.914803981781006,CCCCCCCC/C=C\CCCCCCCCNCCCN,TUFJPPAQOXUHRI-KTKRTIGZSA-N,-3.915
-0.9457144737243652,CCCCOCCOCCOCOCCOCCOCCCC,DKWHHTWSTXZKDW-UHFFFAOYSA-N,-0.946
-5.838489532470703,CCCCCCOC(=O)c1ccccc1C(=O)OCCCCCC,KCXZNSGUUQJJTR-UHFFFAOYSA-N,-5.838
-2.406503677368164,CC(Oc1ccc(Cl)cc1)C(=O)O,DKHJWWRYTONYHB-UHFFFAOYSA-N,-2.407
-9.436779975891112,Clc1cc2oc3c(Cl)c(Cl)c(Cl)c(Cl)c3c2cc1Cl,LVYBAQIVPKCOEE-UHFFFAOYSA-N,-9.437
-4.989033222198486,CCCCC(CC)COP(=O)(Oc1ccccc1)Oc1ccccc1,CGSLYBDCEGBZCG-UHFFFAOYSA-N,-4.989
-1.1813455820083618,CCN(CC)C(=O)/C(Cl)=C(\C)OP(=O)(OC)OC,RGCLLPNLLBQHPF-HJWRWDBZSA-N,-1.181
-2.272982597351074,CCN(CC)CCOC(=O)c1ccc(NC(C)=O)cc1,YMABTXMPJQRLCQ-UHFFFAOYSA-N,-2.273
2.0512888431549072,C1CO1,IAYPIBMASNFSPL-UHFFFAOYSA-N,2.051
-2.564883232116699,Cc1ccccc1Br,QSSXJPIWXQTSIX-UHFFFAOYSA-N,-2.565
-2.5661873817443848,c1ccc2c(c1)[nH]c1cnccc12,AIFRHYZBTHREPW-UHFFFAOYSA-N,-2.566
-1.2633532285690308,Nc1ccccc1C(=O)O,RWZYAGGXGHYGMB-UHFFFAOYSA-N,-1.263
-3.787083148956299,Cc1cc(Nc2cc(S(=O)(=O)O)c(N)c3c2C(=O)c2ccccc2C3=O)cc(S(=O)(=O)NCCO)c1C,SEXIHYPFEOARHF-UHFFFAOYSA-N,-3.787
-3.813190221786499,O=P(OC(CCl)CCl)(OC(CCl)CCl)OC(CCl)CCl,ASLWPAWFJZFCKF-UHFFFAOYSA-N,-3.813
-0.2203094959259033,O=C(O)CC(CC(=O)O)C(=O)O,KQTIIICEAUMSDG-UHFFFAOYSA-N,-0.22
0.9438927173614502,C1OCOCO1,BGJSXRVXTHVRSN-UHFFFAOYSA-N,0.944
-1.783856987953186,CCCCCCCCN(C)C,UQKAOOAFEFCDGT-UHFFFAOYSA-N,-1.784
-1.254779577255249,O=C(OCCO)c1ccccc1O,LVYLCBNXHHHPSB-UHFFFAOYSA-N,-1.255
-0.3643062114715576,C[C@H](N)c1ccccc1,RQEUFEKYXDPUSK-ZETCQYMHSA-N,-0.364
-2.1922078132629395,CCCC(C)C1(CC)C(=O)NC(=O)NC1=O,WEXRUCMBJFQVBZ-UHFFFAOYSA-N,-2.192
-5.111687660217285,CC(C)CCC(C)Nc1ccc(Nc2ccccc2)cc1,UHJVLUYSDYOULM-UHFFFAOYSA-N,-5.112
-0.9671082496643066,CC(C)CN(C=O)CC(C)C,NTYICSDTCGMBQM-UHFFFAOYSA-N,-0.967
-2.397127628326416,O=CC1CCC2C3CCC(C3)C12,USPJNXWHVJTDJW-UHFFFAOYSA-N,-2.397
-5.058809280395508,CC12C=CCC1C1CCC3CC(=O)CCC3(C)C1CC2,HFVMLYAGWXSTQI-UHFFFAOYSA-N,-5.059
-2.1755919456481934,CCC1(CCC(C)C)C(=O)NC(=O)NC1=O,VIROVYVQCGLCII-UHFFFAOYSA-N,-2.176
-0.8936431407928467,CCOC(=O)CCC(=O)OCC,DKMROQRQHGEIOW-UHFFFAOYSA-N,-0.894
-1.5318924188613892,OCNC(=S)c1ccccc1,ULLWVDKMTKASGV-UHFFFAOYSA-N,-1.532
-2.3740158081054688,C=CC(C)(O)CC/C=C(\C)CC,KRLBLPBPZSSIGH-CSKARUKUSA-N,-2.374
-1.0193119049072266,O=C(O)c1ccsc1,YNVOMSDITJMNET-UHFFFAOYSA-N,-1.019
-3.570937156677246,CCC(=O)/C=C/C1C(C)=CCCC1(C)C,VPKMGDRERYMTJX-CMDGGOBGSA-N,-3.571
-7.41485595703125,CC1=Nn2c(nc3ccccc3c2=O)/C1=N/Nc1ccc(Cl)cc1[N+](=O)[O-],ISLYQRQYGGXHBQ-RCCKNPSSSA-N,-7.415
-7.886409759521484,Clc1ccccc1-c1c(Cl)c(Cl)cc(Cl)c1Cl,BMXRLHMJGHJGLR-UHFFFAOYSA-N,-7.886
1.22082781791687,NCC(O)CO,KQIGMPWTAHJUMN-UHFFFAOYSA-N,1.221
-0.9348604679107666,NC(=O)c1ccccc1,KXDAEFPNCMNJSK-UHFFFAOYSA-N,-0.935
-5.575242042541504,O=c1oc2ccccc2c(O)c1Cc1c(O)c2ccccc2oc1=O,DOBMPNYZJYQDGZ-UHFFFAOYSA-N,-5.575
0.2281045913696289,C=COCCCCO,HMBNQNDUEFFFNZ-UHFFFAOYSA-N,0.228
-7.212946891784668,c1ccc2c3c(ccc2c1)Nc1ccc2ccccc2c1S3,PTOPHPNCDGAXGC-UHFFFAOYSA-N,-7.213
-5.681672096252441,O=C(Nc1ccccc1)Nc1ccccc1NS(=O)(=O)c1ccccc1,BGLZECVIKIGPIF-UHFFFAOYSA-N,-5.682
-3.050555229187012,CN(C)C1C(=O)C(C(N)=O)C(=O)C2(O)C(=O)C3C(=O)c4c(O)ccc(Cl)c4C(O)C3CC12,JHOHXJYRVSLQCB-UHFFFAOYSA-N,-3.051
-2.6194164752960205,Nc1ccc(S(=O)(=O)c2ccc(NCCO)cc2)cc1,LLBKEUTWJFQRJU-UHFFFAOYSA-N,-2.619
-4.659159660339356,CCCC(C)C(=O)Nc1ccc(C)c(Cl)c1,WGVWLKXZBUVUAM-UHFFFAOYSA-N,-4.659
-1.8030903339385984,CC(=O)NC(COC(=O)c1ccccc1)C(=O)O,RXFPBLZANMSMKQ-UHFFFAOYSA-N,-1.803
-1.0651744604110718,O=CC(=O)c1ccccc1,OJUGVDODNPJEEC-UHFFFAOYSA-N,-1.065
-2.9475574493408203,CCCC(C)C1(CC)C(=O)NC(=S)NC1=O,IUJDSEJGGMCXSG-UHFFFAOYSA-N,-2.948
-4.855380535125732,CC1(C)CCCC2(C)C1CCC1(C)OCCC12,YPZUZOLGGMJZJO-UHFFFAOYSA-N,-4.855
-6.736600875854492,CC(C)(C)c1ccc(S(=O)(=O)Nc2ccc3cc(S(=O)(=O)c4cc5c(c(S(=O)(=O)O)c4N)Oc4c(Cl)c6c(c(Cl)c4=N5)Oc4c(ccc(N)c4S(=O)(=O)O)N=6)ccc3c2)cc1,BSBSWABWGCAPFU-UHFFFAOYSA-N,-6.737
-0.2324428558349609,O=C(O)C1CCNCC1C(=O)O,UBLWASUIZDSYFN-UHFFFAOYSA-N,-0.232
-3.232156276702881,COc1ccc2cc(C(C)C(=O)OC(C)OC(=O)CN)ccc2c1,WVZTUUIUEUVJGM-UHFFFAOYSA-N,-3.232
1.1181786060333252,NCCNCCNCCN,VILCJCGEZXAXTO-UHFFFAOYSA-N,1.118
-2.7248940467834477,CCCCCCCCNC(=O)c1cccnc1,JSIDBRSPTZXMGO-UHFFFAOYSA-N,-2.725
-1.249340295791626,O=CC(=O)Cc1ccccc1,OFMBSIAKTAZWIE-UHFFFAOYSA-N,-1.249
-7.943443298339844,Clc1cc(-c2cccc(Cl)c2Cl)cc(Cl)c1Cl,GWOWBISZHLPYEK-UHFFFAOYSA-N,-7.943
-1.2060480117797852,Nc1ccn(C2CC(F)C(CO)O2)c(=O)n1,HNSUDSIHCJEYQG-UHFFFAOYSA-N,-1.206
-0.318676233291626,CCCC(O)CC,ZOCHHNOQQHDWHG-UHFFFAOYSA-N,-0.319
-3.2998108863830566,COc1c([N+](=O)[O-])cc([N+](=O)[O-])cc1[N+](=O)[O-],FMXDVBRYDYFVGS-UHFFFAOYSA-N,-3.3
-3.4514026641845703,O=[N+]([O-])c1cccc2ccccc12,RJKGJBPXVHTNJL-UHFFFAOYSA-N,-3.451
-0.3694314956665039,NNC(N)=S,BRWIZMBXBAOCCF-UHFFFAOYSA-N,-0.369
-1.5592167377471924,Nc1ccc(C(=O)O)c(O)c1,WUBBRNOQWQTFEX-UHFFFAOYSA-N,-1.559
-0.9150466918945312,CC(C)(C)NCC(O)c1ccc(O)c(CO)c1,NDAUXUAQIAJITI-UHFFFAOYSA-N,-0.915
-0.3037993907928467,CCCCCOC=O,DIQMPQMYFZXDAX-UHFFFAOYSA-N,-0.304
-5.022418975830078,CC(C)OC(=O)C(O)(c1ccc(Cl)cc1)c1cccc(Cl)c1,XCKRRIQXHFBKKB-UHFFFAOYSA-N,-5.022
-2.8393383026123047,CCCCC(CC)COC(C)=O,WOYWLLHHWAMFCB-UHFFFAOYSA-N,-2.839
-2.449035167694092,O=C(O)c1ccc(P(=O)(O)c2ccccc2)cc1,BFSMULOSYIQCGJ-UHFFFAOYSA-N,-2.449
-1.4985084533691406,C=C(C)Cn1c(N)cc(=O)n(C)c1=O,FXNYSZHYMGWWEZ-UHFFFAOYSA-N,-1.499
-3.6568470001220703,CC(Cc1ccc(C(C)(C)C)cc1)CN1CC(C)OC(C)C1,RYAUSSKQMZRMAI-UHFFFAOYSA-N,-3.657
-7.67494010925293,CCCCCCCCCc1cccc(Nc2cccc(CCCCCCCCC)c2)c1,NBJDNCGUUVZUIB-UHFFFAOYSA-N,-7.675
-2.623976230621338,COC(=O)c1cc(C(=O)O)cc([N+](=O)[O-])c1,ZCRNIIJXDRYWDU-UHFFFAOYSA-N,-2.624
-1.4540138244628906,CC(=O)CCCCCl,CMDIDTNMHQUVPE-UHFFFAOYSA-N,-1.454
-3.0031683444976807,CC(=O)Nc1ccc(Cl)cc1C,WMHHXYOPEQARIN-UHFFFAOYSA-N,-3.003
0.569258451461792,OCCOCCOCCOCCO,UWHCKJMYHZGTIT-UHFFFAOYSA-N,0.569
-1.941511154174805,CCC(Cl)(Cl)Cl,AVGQTJUPLKNPQP-UHFFFAOYSA-N,-1.942
-0.6574788093566895,c1cncc([C@@H]2CCCCN2)c1,MTXSIJUGVMTTMU-JTQLQIEISA-N,-0.657
-3.782246828079224,COc1ccc(/C=C/C(=O)OCCC(C)C)cc1,UBNYRXMKIIGMKK-RMKNXTFCSA-N,-3.782
-2.048546552658081,CCCCCCO[N+](=O)[O-],AGDYNDJUZRMYRG-UHFFFAOYSA-N,-2.049
-8.008875846862793,Clc1ccc(-c2cc(Cl)cc(Cl)c2Cl)c(Cl)c1,SUOAMBOBSWRMNQ-UHFFFAOYSA-N,-8.009
-6.689842700958252,C=C(C)C(=O)OCCC(F)(F)C(F)(F)C(F)(F)C(F)(F)C(F)(F)C(F)(F)F,CDXFIRXEAJABAZ-UHFFFAOYSA-N,-6.69
-2.703335762023926,C=CCCC=C,PYGSKMBEVAICCR-UHFFFAOYSA-N,-2.703
-3.4741694927215576,Cc1cccc(C)c1NC(=O)c1cc(S(N)(=O)=O)c(Cl)cc1O,MTZBBNMLMNBNJL-UHFFFAOYSA-N,-3.474
-3.485731363296509,C[C@]12C[C@H](O)[C@H]3[C@@H](CCC4=CC(=O)CC[C@@]43C)[C@@H]1CC[C@@H]2C(=O)CO,OMFXVFTZEKFJBZ-HJTSIMOOSA-N,-3.486
-2.293243646621704,COc1ccc(O)c([N+](=O)[O-])c1,YBUGOACXDPDUIR-UHFFFAOYSA-N,-2.293
-0.4497923851013183,ON=C1CCCCC1,VEZUQRBDRNJBJY-UHFFFAOYSA-N,-0.45
-1.5180293321609497,CN(C)C(=O)n1cc(F)c(=O)[nH]c1=O,WMGRASJOZJGTSP-UHFFFAOYSA-N,-1.518
-3.069688081741333,Cn1nnnc1SCC1=C(C(=O)O)N2C(=O)C(NC(=O)C(O)c3ccccc3)C2SC1,OLVCFLKTBJRLHI-UHFFFAOYSA-N,-3.07
-9.391072273254396,Clc1cc(Cl)c(-c2c(Cl)c(Cl)cc(Cl)c2Cl)cc1Cl,UDMZPLROONOSEF-UHFFFAOYSA-N,-9.391
-0.459923505783081,O=C(O)C(F)(F)C(F)F,PXRROZVNOOEPPZ-UHFFFAOYSA-N,-0.46
-3.211043357849121,Cc1cnc(NS(=O)(=O)c2ccc(N)cc2)nc1C,IHEAINLLXOBUEW-UHFFFAOYSA-N,-3.211
-2.9923901557922363,CC1=C(C(=O)Nc2ccccc2)SCCO1,GYSSRZJIHXQEHQ-UHFFFAOYSA-N,-2.992
-2.918922185897827,O=C(O)CNc1c([N+](=O)[O-])cc([N+](=O)[O-])cc1[N+](=O)[O-],BUBMNUKMCHTIRR-UHFFFAOYSA-N,-2.919
-8.199553489685059,Cc1cc(C(C)(C)C)c(O)c(C)c1Cn1c(=O)n(Cc2c(C)cc(C(C)(C)C)c(O)c2C)c(=O)n(Cc2c(C)cc(C(C)(C)C)c(O)c2C)c1=O,XYXJKPCGSGVSBO-UHFFFAOYSA-N,-8.2
-5.135155200958252,O=S1(=O)OCC2C(CO1)C1(Cl)C(Cl)=C(Cl)C2(Cl)C1(Cl)Cl,AAPVQEMYVNZIOO-UHFFFAOYSA-N,-5.135
-2.5654773712158203,CN1C(=O)CCC(N2C(=O)c3ccccc3C2=O)C1=O,IYYPLFUVXTVBLD-UHFFFAOYSA-N,-2.565
0.1639168262481689,NCc1ccncc1,TXQWFIVRZNOPCK-UHFFFAOYSA-N,0.164
-7.034108638763428,Clc1ccc(-c2ccc(Cl)c(Cl)c2Cl)cc1,XLDBTRJKXLKYTC-UHFFFAOYSA-N,-7.034
-5.469330787658691,CC(=O)c1cc2c(cc1C)C(C)(C)C(C)CC2(C)C,DNRJTBAOUJJKDY-UHFFFAOYSA-N,-5.469
-3.3622374534606934,NS(=O)(=O)c1cc(C2(O)NC(=O)c3ccccc32)ccc1Cl,JIVPVXMEBJLZRO-UHFFFAOYSA-N,-3.362
-1.7785966396331787,CCCC(=O)OCCOCCOCCOC(=O)CCC,AJMJPGWUPHIMKQ-UHFFFAOYSA-N,-1.779
-3.79850435256958,O=C1OCCC1N(C(=O)C1CC1)c1cccc(Cl)c1,KRZUZYJEQBXUIN-UHFFFAOYSA-N,-3.799
-0.3478262424468994,CCC(C)(C)NC(N)=O,OVUWGANMOQIFHZ-UHFFFAOYSA-N,-0.348
0.3217661380767822,CO[P+](=O)OC,YLFBFPXKTIQSSY-UHFFFAOYSA-N,0.322
-7.716815948486328,C#CC1(OC(=O)c2ccc(-c3ccccc3)cc2)CCC2C3CCC4=CC(=O)CCC4C3CCC21C,PEZADNLTLSQNPI-UHFFFAOYSA-N,-7.717
1.7327325344085691,CNC,ROSDSFDQCJNGOL-UHFFFAOYSA-N,1.733
-2.646728992462158,NS(=O)(=O)c1cc2cc(CNCc3ccccn3)sc2o1,ZJNVFBLZPCRQOR-UHFFFAOYSA-N,-2.647
-7.092303276062012,CCCCCCCC/C=C\CCCCCCCC(=O)NC(CO)C(O)CCCCCCCCCCCCCCC,MJQIARGPQMNBGT-ZCXUNETKSA-N,-7.092
0.5235497951507568,CN(C)P(=O)(F)N(C)C,PGJBQBDNXAZHBP-UHFFFAOYSA-N,0.524
0.32851243019104,O=CC(O)C(O)C(O)C(O)C(O)CO,YPZMPEPLWKRVLD-UHFFFAOYSA-N,0.329
-5.875174522399902,CC(=O)CC(c1ccc(Cl)cc1)c1c(O)c2ccccc2oc1=O,DEKWZWCFHUABHE-UHFFFAOYSA-N,-5.875
-4.372109889984131,CCOP(=S)(OCC)SCn1nnc2ccccc2c1=O,RQVGAIADHNPSME-UHFFFAOYSA-N,-4.372
-0.771902322769165,O=C(O)[C@H](O)c1ccccc1,IWYDHOAUDWTVEP-SSDOTTSWSA-N,-0.772
-6.032175064086914,CCOC(=O)C1=C(C)NC(C)=C(C(=O)OC)C1c1cccc(Cl)c1Cl,RZTAMFZIAATZDJ-UHFFFAOYSA-N,-6.032
-0.9222016334533693,CCSCCSP(=O)(OC)OC,WEBQKRLKWNIYKK-UHFFFAOYSA-N,-0.922
0.7032217979431152,CCOP(=O)(OC)OC,JQVXMIPNQMYRPE-UHFFFAOYSA-N,0.703
-6.967618942260742,O=[N+]([O-])c1ccc(Oc2c(Cl)cc(Cl)cc2Cl)cc1,XQNAUQUKWRBODG-UHFFFAOYSA-N,-6.968
-1.48771333694458,NS(=O)(=O)c1cc2c(s1)C(O)CCS2(=O)=O,LNVGTRNKWNAINT-UHFFFAOYSA-N,-1.488
-4.110134601593018,CCN1c2ncccc2C(=S)N(C)c2cccnc21,YNARWAUTTJJADX-UHFFFAOYSA-N,-4.11
-6.944726943969727,Clc1ccc(C(c2ccccc2Cl)C(Cl)(Cl)Cl)cc1,CVUGPAFCQJIYDT-UHFFFAOYSA-N,-6.945
-1.67724347114563,CCc1ccc(C(=O)O)cc1,ZQVKTHRQIXSMGY-UHFFFAOYSA-N,-1.677
0.2397437095642089,NCCN1CCNC1=O,PODSUMUEKRUDEI-UHFFFAOYSA-N,0.24
-1.3719404935836792,OCC(O)C(O)C(O)C=NN(c1ccccc1)c1ccccc1,IHTGGLAKTYJQIY-UHFFFAOYSA-N,-1.372
-6.571903228759766,C#CC1(OC(=O)C(C)(C)C)CCC2C3CCC4=CC(=O)CCC4C3CCC21C,PZXAQHCWXLHKAY-UHFFFAOYSA-N,-6.572
-2.5562491416931152,CC1=CCCCC1,CTMHWPIWNRWQEG-UHFFFAOYSA-N,-2.556
-1.1339091062545776,O=c1n(CC2CO2)c(=O)n(CC2CO2)c(=O)n1CC1CO1,OUPZKGBUJRBPGC-UHFFFAOYSA-N,-1.134
-2.0897536277771,CC(C(=O)N(C)C)S(=O)(=O)c1ccccc1,OFPHVMUTNZBKLX-UHFFFAOYSA-N,-2.09
-2.159953594207764,CC(C)CC(=O)CC(C)C,PTTPXKJBFFKCEK-UHFFFAOYSA-N,-2.16
-0.5460479259490967,CSSC,WQOXQRCZOLPYPM-UHFFFAOYSA-N,-0.546
-1.0046157836914062,O=C(O)[C@H]1CC[C@H](C(=O)O)SS1,NQRRVGBUZRSXRF-QWWZWVQMSA-N,-1.005
-3.6642351150512695,c1ccc(Oc2ccccc2)cc1,USIUVYZYUHIAEV-UHFFFAOYSA-N,-3.664
1.4517977237701416,CNCCO,OPKOKAMJFNKNAS-UHFFFAOYSA-N,1.452
-4.465530872344971,CCC(=O)OCN1C(=O)NC(c2ccccc2)(c2ccccc2)C1=O,FBQTWGHLMQUOQL-UHFFFAOYSA-N,-4.466
-2.049337863922119,O=c1oc2ccc(Cl)cc2n1CO,FSCPTWHCVYVMGT-UHFFFAOYSA-N,-2.049
-1.8507157564163208,CCC(CC)(C(=O)NC(N)=O)C(=O)OC(C)C,DGTCYQZOIKAZMK-UHFFFAOYSA-N,-1.851
-2.581186294555664,O=c1[nH]c2ccccc2c(=O)o1,TXJUTRJFNRYTHH-UHFFFAOYSA-N,-2.581
-7.139457702636719,CC1(C)[C@H](C=C(Cl)Cl)[C@H]1C(=O)OCc1c(F)c(F)cc(F)c1F,DDVNRFNDOPPVQJ-HQJQHLMTSA-N,-7.139
-1.7251007556915283,O=[N+]([O-])c1ccccc1,LQNUZADURLCDLV-UHFFFAOYSA-N,-1.725
-3.122352361679077,CCCOP(=O)(OCCC)Oc1ccc(SC)cc1,PWYIUEFFPNVCMW-UHFFFAOYSA-N,-3.122
-4.172236442565918,C#CC(C)(O)CCCC(C)CCCC(C)C,OWRXWSVBJIIORE-UHFFFAOYSA-N,-4.172
-1.672436237335205,O=[N+]([O-])c1cc(CCO)ccc1O,IPWLQQBKTBBLID-UHFFFAOYSA-N,-1.672
-1.5505788326263428,CN(C)C(=O)c1ccc(C(=O)N(C)C)cc1,MKIKJJUYURBXJT-UHFFFAOYSA-N,-1.551
-4.429843902587891,CC1CCC(C(C)C)CC1,CFJYNSNXFXLKNS-UHFFFAOYSA-N,-4.43
-5.743068218231201,CCOP(=S)(OCC)SC(CCl)N1C(=O)c2ccccc2C1=O,MUMQYXACQUZOFP-UHFFFAOYSA-N,-5.743
-3.342692375183105,CC(=O)OCC1=C(C(=O)O)N2C(=O)C(NC(=O)Cc3cccs3)C2SC1,XIURVHNZVLADCM-UHFFFAOYSA-N,-3.343
1.1558215618133545,OCCOCCO,MTHSVFCYNBDYFN-UHFFFAOYSA-N,1.156
-5.635799407958984,O=C(OC1CCCCC1)c1ccccc1C(=O)OC1CCCCC1,VOWAEIGWURALJQ-UHFFFAOYSA-N,-5.636
-3.258573055267334,CC(C)Cc1nnc(NS(=O)(=O)c2ccc(N)cc2)s1,IDXLLBBFRBQZFE-UHFFFAOYSA-N,-3.259
-3.4377150535583496,CC(NC(=O)Cc1ccccc1)c1ccccc1,YPFYOAJCSYWUGO-UHFFFAOYSA-N,-3.438
-0.1627562046051025,CCOCCOCCOC(C)=O,FPZWZCWUIYYYBU-UHFFFAOYSA-N,-0.163
-2.8029937744140625,Cc1cc(Cl)ccc1OC(C)C(=O)O,WNTGYJSOUMFZEP-UHFFFAOYSA-N,-2.803
-1.5559594631195068,CN(C)C(=O)c1cccc(C(=O)N(C)C)c1,SVWDHNLFFDIWHM-UHFFFAOYSA-N,-1.556
-3.9643828868865967,CCN1c2cc(N(C)C)cc(C)c2NC(=O)c2cccnc21,ZLVJUFHIMOUPMS-UHFFFAOYSA-N,-3.964
-1.5516263246536257,CCOC(=O)C(CC)(CC)C(=O)NC(N)=O,KIOURYUVFMVQEI-UHFFFAOYSA-N,-1.552
-3.943984031677246,O=C(O)C1=CC(=NNc2ccccc2[N+](=O)[O-])C=CC1=O,OVZUMYVWPIEZMH-UHFFFAOYSA-N,-3.944
0.1293699741363525,CCC1(CO)COCOC1,BGFBWRWYROQISE-UHFFFAOYSA-N,0.129
-0.3040862083435058,Cc1cc(C)c[n+]([O-])c1,SSTLCMOZTCLOLQ-UHFFFAOYSA-N,-0.304
-5.032088279724121,N#CC(CCc1ccc(Cl)cc1)(Cn1cncn1)c1ccccc1,RQDJADAKIFFEKQ-UHFFFAOYSA-N,-5.032
-5.546535491943359,O=C(OCCOc1ccc(Cl)cc1Cl)c1ccccc1,LGURYBCSJPXHTF-UHFFFAOYSA-N,-5.547
-7.349448204040527,Cc1cc(Cl)c(Cl)c(Cl)c1Cc1ccc(Cl)cc1,ZCGZBWMAQSDEHU-UHFFFAOYSA-N,-7.349
-1.9528019428253172,CNC(=O)Oc1ccc(N(C)C)c(C)c1,IMIDOCRTMDIQIJ-UHFFFAOYSA-N,-1.953
-3.5611789226531982,CCc1nnc(NS(=O)(=O)c2ccc(NC(C)=O)cc2)s1,UPRXAKRITNJEII-UHFFFAOYSA-N,-3.561
-1.956795692443848,CSc1nnc(C(C)(C)C)c(=O)n1N,FOXFZRUHNHCZPX-UHFFFAOYSA-N,-1.957
-2.098827362060547,CC1OC(=O)c2cc(N)ccc21,AJZKMDAYNXJZOR-UHFFFAOYSA-N,-2.099
-1.8788617849349976,CCCC1(CCC)C(=O)NC(=O)NC1=O,RCOUWKSZRXJXLA-UHFFFAOYSA-N,-1.879
-1.8977354764938357,Nc1cccc2ccccc12,RUFPHBVGCFYCNW-UHFFFAOYSA-N,-1.898
-3.1302685737609863,CNC(=O)OCc1ccc(Cl)c(Cl)c1,DSVOTYIOPGIVPP-UHFFFAOYSA-N,-3.13
0.821627140045166,OCCCBr,RQFUZUMFPRMVDX-UHFFFAOYSA-N,0.822
-6.650127410888672,Clc1cccc(Oc2ccc(Cl)c(Cl)c2)c1,BUKLLCIUMZELOH-UHFFFAOYSA-N,-6.65
-2.5979795455932617,O=C(O)c1ccc(Br)c([N+](=O)[O-])c1,RVCTZJVBWNFYRU-UHFFFAOYSA-N,-2.598
-1.3688205480575562,COc1cccc(OC)c1O,KLIDCXVFHGNTTM-UHFFFAOYSA-N,-1.369
-3.6500298976898193,CCCCCCCCOC(=O)c1cc(O)c(O)c(O)c1,NRPKURNSADTHLJ-UHFFFAOYSA-N,-3.65
0.2795805931091308,CCOP(=O)(C#N)N(C)C,PJVJTCIRVMBVIA-UHFFFAOYSA-N,0.28
-1.8453463315963743,CNC(=O)O/N=C/C1(C)SCC(C)S1,GHFMMRFMDHDOBP-BJMVGYQFSA-N,-1.845
-5.621551513671875,CCOc1nc(F)cc2nc(S(=O)(=O)Nc3c(Cl)cccc3C(=O)OC)nn12,BIKACRYIQSLICJ-UHFFFAOYSA-N,-5.622
-2.303706645965576,CCCC(=O)OCCC(C)C,PQLMXFQTAMDXIZ-UHFFFAOYSA-N,-2.304
-3.876067876815796,CC(CN(C)C)CN1c2ccccc2CCc2ccccc21,ZSCDBOWYZJWBIY-UHFFFAOYSA-N,-3.876
-1.3056882619857788,CCOC(=O)CCCC(=O)OCC,OUWSNHWQZPEFEX-UHFFFAOYSA-N,-1.306
-6.322884559631348,O=C1c2ccccc2C2=Nc3cccc4cccc(c34)N12,XFYQEBBUVNLYBR-UHFFFAOYSA-N,-6.323
-5.749130725860596,COc1cc(O)c(CC=C(C)C)c2c1C(=O)CC(c1ccc(O)cc1)O2,YKGCBLWILMDSAV-UHFFFAOYSA-N,-5.749
-2.129858016967773,O=c1[nH]cnc2nc[nH]c12,FDGQSTZJBFJUBT-UHFFFAOYSA-N,-2.13
-1.376545786857605,CCC1(CC)C(=O)NCC(C)C1=O,SIDLZWOQUZRBRU-UHFFFAOYSA-N,-1.377
-3.093467235565185,C/C=C/C(=O)C1C(C)=CCCC1(C)C,CRIGTVCBMUKRSL-FNORWQNLSA-N,-3.093
-1.5889341831207275,CC1(C)SCC(COC(N)=O)S1,NVMAYDSQOSXSJU-UHFFFAOYSA-N,-1.589
-5.128842830657959,CN(c1ccccc1)S(=O)(=O)C1=CC(=O)C2=C(NNc3ccc(NC(=O)CCl)cc3S(=O)(=O)O)C(=N)C=CC2=C1,UZSOKKLFJFYROF-UHFFFAOYSA-N,-5.129
-4.117993354797363,CC(=O)CCC1C(=O)N(c2ccccc2)N(c2ccccc2)C1=O,LGYTZKPVOAIUKX-UHFFFAOYSA-N,-4.118
-6.5685014724731445,ClC1=C(Cl)C2(Cl)C3C(Cl)C=CC3C1(Cl)C2(Cl)Cl,FRCCEHPWNOQAEU-UHFFFAOYSA-N,-6.569
0.5489716529846191,CN(C)C(=N)N,SWSQBOPZIKWTGO-UHFFFAOYSA-N,0.549
-4.819242000579834,O=C(O)c1cc(/N=N/c2ccc(S(=O)(=O)Nc3ccccn3)cc2)ccc1O,NCEXYHBECQHGNR-QZQOTICOSA-N,-4.819
-1.2126895189285278,N/C(N=O)=C(\N)NO,XYIWQQBZKLUEND-UPHRSURJSA-N,-1.213
-1.8334383964538572,CCCC(=O)OCn1cnc2c1c(=O)n(C)c(=O)n2C,BCXKOIICQXXQJZ-UHFFFAOYSA-N,-1.833
-4.780550479888916,COc1ccc(-c2cc(=O)c3c(O)cc(O)cc3o2)cc1O,MBNGWHIJMBWFHU-UHFFFAOYSA-N,-4.781
0.7623727321624756,C[N+](C)(C)CC(O)CCl,XIUCEANTZSXBQQ-UHFFFAOYSA-N,0.762
-6.047493934631348,CC(C)(C)c1ccc(OP(=O)(Oc2ccccc2)Oc2ccccc2)cc1,ULGAVXUJJBOWOD-UHFFFAOYSA-N,-6.047
-3.3348307609558105,CC=CCCCC,OTTZHAVKAVGASB-UHFFFAOYSA-N,-3.335
-1.5348055362701416,NC1CCC(CC2CCC(N)CC2)CC1,DZIHTWJGPDVSGE-UHFFFAOYSA-N,-1.535
-5.548625469207764,CCCCCCCCOCCCCCCCC,NKJOXAZJBOMXID-UHFFFAOYSA-N,-5.549
-6.787506580352783,Cc1cccc2ccc3cc4ccccc4cc3c12,MWMBCXXTFFHALK-UHFFFAOYSA-N,-6.788
-2.1265931129455566,CCCC(=O)OCn1ncc2c(=O)[nH]cnc21,IIVOEPVKDWTLJB-UHFFFAOYSA-N,-2.127
-7.182241439819336,c1ccc2c3c(ccc2c1)Sc1ccc2ccccc2c1N3,FCTDXVQYLPZTNX-UHFFFAOYSA-N,-7.182
-8.672642707824707,c1ccc2c(c1)-c1nc3nc(nc4[nH]c(nc5[nH]c(nc-2n1)c1ccccc51)c1ccccc41)-c1ccccc1-3,IEQIEDJGQAUEQZ-UHFFFAOYSA-N,-8.673
-4.0930891036987305,CCN(CC)C(=O)/C(C#N)=C\c1cc(OC(=O)NC(C)(C)C)c(O)c([N+](=O)[O-])c1,BSVGCJGACKDNDR-JYRVWZFOSA-N,-4.093
-2.0409061908721924,CC(=O)Nc1ccc(F)cc1,JHEFOJNPLXSWNZ-UHFFFAOYSA-N,-2.041
-2.917509078979492,Clc1ccc(Br)cc1,NHDODQWIKUYWMW-UHFFFAOYSA-N,-2.918
-1.8731451034545896,CC(CC(=O)Nc1ccccc1)C(=O)O,WOTSYQVYXBEKOX-UHFFFAOYSA-N,-1.873
-0.9969418048858644,NNC(=O)c1nccs1,OPJYIWMGTSMLKB-UHFFFAOYSA-N,-0.997
-1.667557716369629,CC(C)CBr,HLVFKOKELQSXIQ-UHFFFAOYSA-N,-1.668
-3.3247013092041016,CCCCCCOC(=O)c1ccc(O)cc1,ULULAZKOCFNOIM-UHFFFAOYSA-N,-3.325
-3.245272397994995,C=CCC1(C(C)CCC)C(=O)NC(=S)NC1=O,XLOMZPUITCYLMJ-UHFFFAOYSA-N,-3.245
-3.0289628505706787,CN1CC2CC1CN2c1cc2c(cc1F)c(=O)c(C(=O)O)cn2C1CC1,QMLVECGLEOSESV-UHFFFAOYSA-N,-3.029
-6.513991832733154,CCCCCCC(=O)OCC(COC(=O)CCCCCC)OC(=O)CCCCCC,PJHKBYALYHRYSK-UHFFFAOYSA-N,-6.514
-2.094244956970215,O=C(c1ccccc1)C(F)(F)F,KZJRKRQSDZGHEC-UHFFFAOYSA-N,-2.094
-5.370691299438477,CCCCCCCCCCCCC(O)CCC,JIMMILCKVYOFET-UHFFFAOYSA-N,-5.371
-4.08937931060791,CCN(CC)c1ccc(N=Nc2ccccc2)cc1,SJJISKLXUJVZOA-UHFFFAOYSA-N,-4.089
-3.0229337215423584,S=C=NCc1ccccc1,MDKCFLQDBWCQCV-UHFFFAOYSA-N,-3.023
-3.3096249103546143,Nc1nc2ncc(=O)[nH]c2c(=O)[nH]1,VURKRJGMSKJIQX-UHFFFAOYSA-N,-3.31
-3.7410383224487305,CC(C)(C)NSc1nc2ccccc2s1,IUJLOAKJZQBENM-UHFFFAOYSA-N,-3.741
-2.1883256435394287,COc1ccc(CN(CCN(C)C)c2ncccn2)cc1,GULNIHOSWFYMRN-UHFFFAOYSA-N,-2.188
-4.843426704406738,S=C=Nc1ccc2ccccc2c1,RTMXPNYHPHIDHX-UHFFFAOYSA-N,-4.843
-2.324448108673096,COC1=C(C(=O)O)N2C(=O)C(NC(=O)C(N)C3=CCC=CC3)C2SC1,RDMOROXKXONCAL-UHFFFAOYSA-N,-2.324
-1.5394303798675537,CC(O)C(O)c1cnc2nc(N)[nH]c(=O)c2n1,LHQIJBMDNUYRAM-UHFFFAOYSA-N,-1.539
-6.0990190505981445,Clc1ccc(-c2ccccc2Cl)cc1Cl,RIMXLXBUOQMDHV-UHFFFAOYSA-N,-6.099
-4.188187122344971,Nc1ccc(S(=O)(=O)Nc2ccn(Cc3ccccc3)c(=O)n2)cc1,HLCYDXRGEPUIOB-UHFFFAOYSA-N,-4.188
-1.678306221961975,NNC(=O)c1ccc2c(c1)OCO2,RAXBGBHBUFGWPG-UHFFFAOYSA-N,-1.678
-3.339946746826172,O=C(C(=O)c1ccccc1)c1ccccc1,WURBFLDFSFBTLW-UHFFFAOYSA-N,-3.34
-0.075711965560913,O=C1CCC(C(=O)O)N1,ODHCTXKNWHHXJC-UHFFFAOYSA-N,-0.076
-3.770451068878174,Clc1cccc(Cl)c1Cl,RELMFMZEBKVZJC-UHFFFAOYSA-N,-3.77
-7.499567031860352,Cc1cc(Cc2cc(C)cc(C3(C)CCCCC3)c2O)c(O)c(C2(C)CCCCC2)c1,PHXLONCQBNATSL-UHFFFAOYSA-N,-7.5
-1.7919223308563232,Cc1cc(C)c(N)cc1C,BMIPMKQAAJKBKP-UHFFFAOYSA-N,-1.792
-3.33970308303833,CC(CC(C)(C)C)CP(=O)(O)CC(C)CC(C)(C)C,QUXFOKCUIZCKGS-UHFFFAOYSA-N,-3.34
-2.4709243774414062,O=C(Nc1ccccc1)C(O)(O)C(=O)Nc1ccccc1,LBGDJUYHCRTMQV-UHFFFAOYSA-N,-2.471
-0.5210416316986084,O=C(O)C1=CCCCC1,NMEZJSDUZQOPFE-UHFFFAOYSA-N,-0.521
-3.3592159748077397,CCN(CC)C(=O)COC(=O)c1cn(CC)c2nc(C)ccc2c1=O,XZIBWWMTMXSPOO-UHFFFAOYSA-N,-3.359
-6.657903671264648,Clc1cc(Oc2ccccc2)cc(Cl)c1Cl,ZQCCHNBMSHOJAT-UHFFFAOYSA-N,-6.658
-1.999537467956543,CCOC(=O)CN(C)C(=O)COC(=O)c1ccccc1,VPGYQOPHCDIWSQ-UHFFFAOYSA-N,-2.0
-0.2943174839019775,O=C1OC(C(O)CO)C(=O)C1O,PJBQWWHYTVYMLO-UHFFFAOYSA-N,-0.294
-1.8276375532150269,O=C1c2ccccc2C(=O)C1S(=O)(=O)O,IQYWPSFHLGGWJB-UHFFFAOYSA-N,-1.828
-0.83713698387146,CC(CN1CC(=O)NC(=O)C1)N1CC(=O)NC(=O)C1,BMKDZUISNHGIBY-UHFFFAOYSA-N,-0.837
-1.2382965087890625,CC1=CC(C)C(CO)C(C)C1,DMXUBGVVJLVCPB-UHFFFAOYSA-N,-1.238
-2.8440487384796143,O=C(O)c1cn(C2CC2)c2cc(N3CCNCC3)c(F)cc2c1=O,MYSWGUAQZAJSOK-UHFFFAOYSA-N,-2.844
-1.5382750034332275,CC(NC(=O)c1ccccc1)C(=O)O,UAQVHNZEONHPQG-UHFFFAOYSA-N,-1.538
-8.54338550567627,Clc1cc(Cl)c(Oc2cccc(Cl)c2Cl)cc1Cl,ABYZYVAIOYICJQ-UHFFFAOYSA-N,-8.543
-2.0044069290161133,CCC(C)c1ccccc1O,NGFPWHGISWUQOI-UHFFFAOYSA-N,-2.004
-1.8233603239059448,CCc1cc(C)cc(O)c1,XTCHLXABLZQNNN-UHFFFAOYSA-N,-1.823
-3.740473747253418,CC(C)CC(=O)Oc1ccc([N+](=O)[O-])cc1,SZQWZNOMEWDZLR-UHFFFAOYSA-N,-3.74
-3.266356945037842,Nc1cccc(Nc2ccccc2C(=O)O)c1,UIPDOEPZZQRQKQ-UHFFFAOYSA-N,-3.266
-1.2704663276672363,Cc1ccc(N)c(C)c1,CZZZABOKJQXEBO-UHFFFAOYSA-N,-1.27
-8.015002250671387,Clc1ccc(-c2cc(Cl)c(Cl)cc2Cl)c(Cl)c1,LMQJBFRGXHMNOX-UHFFFAOYSA-N,-8.015
-7.32758903503418,CCCC1CCC(c2ccc(-c3ccc(CC)cc3)cc2)CC1,DOALOUQODWWGEZ-UHFFFAOYSA-N,-7.328
-2.840882539749145,Cc1cc(O)c(Cl)c(C)c1Cl,IYOLBFFHPZOQGW-UHFFFAOYSA-N,-2.841
-4.822493076324463,CS(=O)(=O)N(SC(Cl)(Cl)C(F)(Cl)Cl)c1ccccc1,SVIKNKPDPGCMAE-UHFFFAOYSA-N,-4.822
0.1569244861602783,NNC(=O)C(O)C(O)C(O)C(O)CO,DSSOAANULUSBGQ-UHFFFAOYSA-N,0.157
-0.9993460178375244,NC(=O)OCC(Cl)(Cl)Cl,QPLJYAKLSCXZSF-UHFFFAOYSA-N,-0.999
-3.023988962173462,ClCc1ccccc1Cl,BASMANVIUSSIIM-UHFFFAOYSA-N,-3.024
-1.8544303178787231,C=CC(=O)OC(C)COCC(C)OC(=O)C=C,RNJVAUBBYGWVBF-UHFFFAOYSA-N,-1.854
-3.3515777587890625,FC(F)(F)c1ccc(Cl)cc1,QULYNCCPRWKEMF-UHFFFAOYSA-N,-3.352
-3.1349823474884038,CC12CCC(=O)C=C1CCC1C2C(=O)CC2(C)C1CCC2(O)C(=O)CO,MFYSYFVPBJMHGN-UHFFFAOYSA-N,-3.135
-1.7681454420089722,CCOCCOC(=O)CCCCC(=O)OCCOCC,NJEMMCIKSMMBDM-UHFFFAOYSA-N,-1.768
-7.728060722351074,c1ccc2c(c1)ccc1cc3c(ccc4ccccc43)cc12,LHRCREOYAASXPZ-UHFFFAOYSA-N,-7.728
-7.663631439208984,c1ccc2c(c1)ccc1c2ccc2c3ccccc3ccc21,GBROPGWFBFCKAG-UHFFFAOYSA-N,-7.664
-1.041863203048706,CC(C)CO[N+](=O)[O-],LNNXFUZKZLXPOF-UHFFFAOYSA-N,-1.042
-2.217308521270752,CCCC[N+](C)(CCCC)CCCC,HJHUXWBTVVFLQI-UHFFFAOYSA-N,-2.217
-6.566845893859863,CCN(CCC#N)c1ccc(N=Nc2ccc([N+](=O)[O-])cc2Cl)cc1,NPBDWXMKLFBNIW-UHFFFAOYSA-N,-6.567
-1.7521227598190308,CC(=O)OCC1OC(OC(C)=O)C(OC(C)=O)C(OC(C)=O)C1OC(C)=O,LPTITAGPBXDDGR-UHFFFAOYSA-N,-1.752
-4.019613742828369,COc1cc(OC)cc(C(=O)N(O)c2cccc(C)c2)c1,PDNYHBVQDYRJOT-UHFFFAOYSA-N,-4.02
-0.0173721313476562,CCCCC=O,HGBOYTHUEUWSSQ-UHFFFAOYSA-N,-0.017
-0.8170583248138428,C=C(C)C(=O)C(=CC(=O)O)OC,VOUGEZYPVGAPBB-UHFFFAOYSA-N,-0.817
-1.045771598815918,NS(=O)(=O)c1ccc(NO)cc1,JLGHCFNZJKVXAE-UHFFFAOYSA-N,-1.046
-6.245724678039551,O=C(CBr)Nc1ccc(Cl)cc1C(=O)c1ccccc1F,WUZSFIKFFXBHMB-UHFFFAOYSA-N,-6.246
-2.1068999767303467,O=C(O)COc1ccccc1Cl,OPQYFNRLWBWCST-UHFFFAOYSA-N,-2.107
0.0939030647277832,OCc1cccnc1,MVQVNTPHUGQQHK-UHFFFAOYSA-N,0.094
0.5406882762908936,ClCC1CO1,BRLQWZUYTZBJKN-UHFFFAOYSA-N,0.541
-0.8270087242126465,Cc1c(O)cccc1O,ZTMADXFOCUXMJE-UHFFFAOYSA-N,-0.827
-6.664345741271973,Clc1ccc(Oc2ccccc2Cl)cc1Cl,VBNJGYOQZAENPO-UHFFFAOYSA-N,-6.664
-0.7681362628936768,CCCCCCOCCOCCO,GZMAAYIALGURDQ-UHFFFAOYSA-N,-0.768
-6.5599212646484375,O=C(CBr)Nc1ccc(Cl)cc1C(=O)c1ccccc1Cl,JQMAWYRGSOSWNJ-UHFFFAOYSA-N,-6.56
-1.533839464187622,C=CCOC(=O)OCCOCCOC(=O)OCC=C,JHQVCQDWGSXTFE-UHFFFAOYSA-N,-1.534
0.3777446746826172,CC(C)C(C)O,MXLMTQWGSQIYOW-UHFFFAOYSA-N,0.378
-1.4890097379684448,ClC(Br)CBr,DVTKTUMRXCKEEG-UHFFFAOYSA-N,-1.489
-7.598675727844238,CCCCCCCCCCCCCCC(C)c1cc(C)cc(C)c1O,TVWGHFVGFWIHFN-UHFFFAOYSA-N,-7.599
-0.0706992149353027,CC(C)COC(N)=O,BRUZQRBVNRKLJG-UHFFFAOYSA-N,-0.071
-1.4866985082626345,O=P(O)(O)c1cccc2ccccc12,YOOYVODKUBZAPO-UHFFFAOYSA-N,-1.487
-1.8424032926559448,FC(Cl)(Cl)CCl,ZKVMMSGRDBQIOQ-UHFFFAOYSA-N,-1.842
-8.363703727722168,Cc1cc([N+](=O)[O-])ccc1N/N=C1\C(=O)C(C(=O)Nc2ccccc2C)=Cc2ccccc21,DNOBQSKPOIGIIX-NFFVHWSESA-N,-8.364
-0.6911678314208984,N#Cc1cccnc1,GZPHSAQLYPIAIN-UHFFFAOYSA-N,-0.691
0.1525812149047851,NC1C(O)C(O)C(O)C(O)C1O,JXAOTICXQLILTC-UHFFFAOYSA-N,0.153
-4.996668338775635,O=C(O)Cn1ccc2cc3c(Nc4cccc(Br)c4)ncnc3cc21,CBFIWURGLMUIDN-UHFFFAOYSA-N,-4.997
0.790184736251831,CCC(CO)(CO)CO,ZJCCRDAZUWHFQH-UHFFFAOYSA-N,0.79
-9.792097091674805,Clc1cc(-c2c(Cl)cc(Cl)c(Cl)c2Cl)c(Cl)c(Cl)c1Cl,BQFCCUSDZLKBJG-UHFFFAOYSA-N,-9.792
-0.182302713394165,O=C(Cl)C(=O)Cl,CTSLXHKWHWQRSH-UHFFFAOYSA-N,-0.182
-1.9796375036239624,O=c1[nH]c2cncnc2[nH]1,YPDSIEMYVQERLJ-UHFFFAOYSA-N,-1.98
-1.2319416999816897,O=C(O)COc1ccccc1,LCPDWSOZIOUXRV-UHFFFAOYSA-N,-1.232
-6.245352745056152,CCCCCCCC(=O)Oc1c(Br)cc(C#N)cc1Br,DQKWXTIYGWPGOO-UHFFFAOYSA-N,-6.245
-4.645688056945801,CC(C)CCC(C)Nc1ccc(NC(C)CCC(C)C)cc1,ZJNLYGOUHDJHMG-UHFFFAOYSA-N,-4.646
-0.2424957752227783,Cc1cc(C)[nH]n1,SDXAWLJRERMRKF-UHFFFAOYSA-N,-0.242
-1.2223544120788574,Nc1ncnc2c1ncn2C1OC(CO)C(O)C1O,OIRDTQYFTABQOQ-UHFFFAOYSA-N,-1.222
-2.6052403450012207,CCC(=O)Oc1ccc(NC(C)=O)cc1,HFVPPHLKEKRGHI-UHFFFAOYSA-N,-2.605
-1.1736990213394165,CNC(=O)O/N=C/C(C)(C)SC,QGLZXHRNAYXIBU-WEVVVXLNSA-N,-1.174
-2.388800382614136,OC(Cn1ccnc1)c1ccc(Cl)cc1Cl,UKVLTPAGJIYSGN-UHFFFAOYSA-N,-2.389
-2.2674546241760254,O=C1CN(/N=C/c2ccc([N+](=O)[O-])o2)C(=O)N1CO,UIDWQGRXEVDFCA-XCVCLJGOSA-N,-2.267
-3.220845460891724,CCCC(=O)OCSc1ncnc2c1ncn2COC(=O)CCC,SFXAJOVEEUKUPY-UHFFFAOYSA-N,-3.221
-3.14700698852539,CCCC[N+](CCCC)(CCCC)CCCC,DZLFLBLQUQXARW-UHFFFAOYSA-N,-3.147
-7.209478378295898,CCCCCCCCCCCCCCCCCCCCCCCCCCCCCCCCCCCC,YDLYQMBWCWFRAI-UHFFFAOYSA-N,-7.209
-4.7466325759887695,C[C@]12CC[C@H]3C(=CCc4cc(O)ccc43)[C@@H]1CCC2=O,WKRLQDKEXYKHJB-HFTRVMKXSA-N,-4.747
-4.062137603759766,c1ccc(-c2cnc(-c3ccccc3)o2)cc1,CNRNYORZJGVOSY-UHFFFAOYSA-N,-4.062
0.2379827499389648,Cc1ccco1,VQKFNUFAXTZWDK-UHFFFAOYSA-N,0.238
-0.1563148498535156,O=C1OC(CO)C(O)C(O)C1O,PHOQVHQSTUBQQK-UHFFFAOYSA-N,-0.156
-3.67961859703064,C#CC(C)OC(=O)Nc1cccc(Cl)c1,ULBXWWGWDPVHAO-UHFFFAOYSA-N,-3.68
-1.6350265741348269,O=C(O)c1cccc(C(=O)O)c1,QQVIHTHCMHWDBS-UHFFFAOYSA-N,-1.635
-0.6226706504821777,N#CNC(N)=S,SSGODMHQNTWPOX-UHFFFAOYSA-N,-0.623
-2.8707852363586426,O=C(O)CC(C(=O)O)(c1ccccc1)c1ccccc1,LVVXLDUCGFTWHJ-UHFFFAOYSA-N,-2.871
-5.5536041259765625,CCONC(=O)c1cn(C)c(=O)c(F)c1Nc1ccc(Br)cc1F,GSLVKBRGRSHUAU-UHFFFAOYSA-N,-5.554
-0.9802525043487548,O=C(O)CNC(=O)c1ccco1,KSPQDMRTZZYQLM-UHFFFAOYSA-N,-0.98
-2.896231174468994,CCCC(CCC)(C(=O)NO)c1ccccc1,HTXPRECVNAFGMW-UHFFFAOYSA-N,-2.896
0.434650182723999,Cc1ccn[nH]1,XKVUYEYANWFIJX-UHFFFAOYSA-N,0.435
-1.9440045356750488,CCCC(=O)n1c(=O)[nH]cc(F)c1=O,SHSQCPXGYRPQDR-UHFFFAOYSA-N,-1.944
2.3811323642730717,CCN,QUSNBJAOOMFDIB-UHFFFAOYSA-N,2.381
-0.1789348125457763,O=C1C=CC(=O)C=C1,AZQWKYJCGOJGHM-UHFFFAOYSA-N,-0.179
-6.793697357177734,CC(C)CCCCCOC(=O)CCCCC(=O)OCCCCCC(C)C,CJFLBOQMPJCWLR-UHFFFAOYSA-N,-6.794
-3.658411979675293,COCCCCC(=O)c1ccc(C(F)(F)F)cc1,VYKSRLDHXQURKA-UHFFFAOYSA-N,-3.658
-5.952531337738037,CCN(CC)c1ccc([C+](c2ccccc2)c2ccc(N(CC)CC)cc2)cc1,HXCILVUBKWANLN-UHFFFAOYSA-N,-5.953
-0.2405478954315185,CCOP(=O)(OCC)SC[S+]([O-])CC,RCRHKXGEYNVPDK-UHFFFAOYSA-N,-0.241
-7.349242210388184,c1ccc2c3c(ccc2c1)-c1cccc2cccc-3c12,KHNYNFUTFKJLDD-UHFFFAOYSA-N,-7.349
-1.545610785484314,CC(=O)n1cc(F)c(=O)[nH]c1=O,OVGDAVVFKDPXIC-UHFFFAOYSA-N,-1.546
-5.6847124099731445,Cc1ccc(N/N=C2\C(=O)C=Cc3ccccc32)c(C)c1,YPXOPAFVVHXQDP-ZZEZOPTASA-N,-5.685
-1.857210636138916,CC(C)c1nc([N+](=O)[O-])c[nH]1,SQZCZXRYOJJCDU-UHFFFAOYSA-N,-1.857
-2.062277317047119,COc1ccccc1Cl,QGRPVMLBTFGQDQ-UHFFFAOYSA-N,-2.062
-6.543240547180176,CCOP(=S)(OCC)Oc1cc(Cl)c(Cl)c(SC)c1,SBLPWPLKGFWLKK-UHFFFAOYSA-N,-6.543
-2.075933694839477,C1=CCC=CC1,UVJHQYIOXKWHFD-UHFFFAOYSA-N,-2.076
-2.9149386882781982,CCN(CC[N+](C)(C)C)c1ccc(N=Nc2ccc([N+](=O)[O-])cc2Cl)cc1,TZXATTMVGZDPHM-UHFFFAOYSA-N,-2.915
-7.698270797729492,Clc1ccc(Oc2ccc(Cl)c(Cl)c2)c(Cl)c1,CAWSVYYOUZEMHA-UHFFFAOYSA-N,-7.698
-2.439093828201294,COc1ccc(CC2NC(=O)N(C(C)C(=O)O)C2=O)cc1,HCTFEPDEGBYVHP-UHFFFAOYSA-N,-2.439
0.6289329528808594,C=C(C)C(=O)O,CERQOIWHTDAKMF-UHFFFAOYSA-N,0.629
-3.2849152088165283,CC(C)(C)OC(=O)c1cccc([N+](=O)[O-])c1C(=O)O,ITMRQGQCULJEJR-UHFFFAOYSA-N,-3.285
-3.019063711166382,Brc1cccc(Br)c1,JSRLURSZEMLAFO-UHFFFAOYSA-N,-3.019
-1.1587951183319092,Nc1ncnc2c1ncn2[C@@H]1O[C@H](COP(=O)(O)OP(=O)(O)OP(=O)(O)O)[C@@H](O)[C@H]1O,ZKHQWZAMYRWXGA-KQYNXXCUSA-N,-1.159
-1.8118876218795776,ON=C1CCCCCCCCC1=NO,SUIIPPMGDURFRE-UHFFFAOYSA-N,-1.812
-5.893343925476074,O=[N+]([O-])c1ccc(O/N=C/c2cc(Br)c(O)c(Br)c2)c([N+](=O)[O-])c1,XTFNPKDYCLFGPV-OMCISZLKSA-N,-5.893
-2.979238510131836,COc1ccc(-c2cc(=O)c3c(O)cc(O[C@@H]4O[C@H](CO[C@@H]5O[C@@H](C)[C@H](O)[C@@H](O)[C@H]5O)[C@@H](O)[C@H](O)[C@H]4O)cc3o2)cc1O,GZSOSUNBTXMUFQ-YFAPSIMESA-N,-2.979
-4.971879959106445,Brc1ccc2c(c1)Sc1ccccc1N2,JEWIAYIESCUSKQ-UHFFFAOYSA-N,-4.972
-6.546664237976074,COc1cc(NC(=O)c2cc3ccccc3cc2O)c(OC)cc1Cl,QIHKTBRNOLQDGQ-UHFFFAOYSA-N,-6.547
-0.4988799095153808,CC1C(=O)NC(=O)NC1=O,GOMAEJQBTWAPAN-UHFFFAOYSA-N,-0.499
-1.3492096662521362,CNc1ccccc1C(=O)O,WVMBPWMAQDVZCM-UHFFFAOYSA-N,-1.349
-5.797179222106934,COc1cc(OC)n2nc(S(=O)(=O)Nc3c(Cl)ccc(C)c3Cl)nc2n1,VGHPMIFEKOFHHQ-UHFFFAOYSA-N,-5.797
-1.5046665668487549,CCC1(C(C)C)C(=O)NC(=O)NC1=O,HHLXJTDUHFBYAU-UHFFFAOYSA-N,-1.505
-2.9553322792053223,CC1=C(C(=O)Nc2ccccc2)S(=O)(=O)CCO1,AMEKQAFGQBKLKX-UHFFFAOYSA-N,-2.955
-1.2670674324035645,CC1=CCC(C)C(C)C1=O,QAQCUBLNHBKTRM-UHFFFAOYSA-N,-1.267
-2.3604278564453125,CC(=O)Nc1nc2c(ncn2COCCOC(C)=O)c(=O)[nH]1,VBHLKZHSCMQLTI-UHFFFAOYSA-N,-2.36
0.9808242321014404,C=CC(=O)O,NIXOWILDQLNWCW-UHFFFAOYSA-N,0.981
-3.866807699203491,O=c1[nH]c(=O)[nH]c(=O)[nH]1,ZFSLODLOARCGLH-UHFFFAOYSA-N,-3.867
-0.5532419681549072,CCC(=O)OC(C)C,IJMWOMHMDSDKGK-UHFFFAOYSA-N,-0.553
-2.873739242553711,Nc1nc(=O)[nH]c2[nH]cnc12,DRAVOWXCEBXPTN-UHFFFAOYSA-N,-2.874
0.4811701774597168,COCCC(=O)OC,BDJSOPWXYLFTNW-UHFFFAOYSA-N,0.481
-2.8504228591918945,CC(C)(C)NCC(O)COc1ccccc1C1CCCC1,KQXKVJAGOJTNJS-UHFFFAOYSA-N,-2.85
-2.694300889968872,COc1ccc2cc(C(C)C(=O)OCCN3CCNCC3)ccc2c1,MJJXVEPFHAODSG-UHFFFAOYSA-N,-2.694
-3.345076084136963,O=C1CCCCCN1C(=O)NCCCCCCNC(=O)N1CCCCCC1=O,YOVRNJUIHVNXCB-UHFFFAOYSA-N,-3.345
-2.0616984367370605,Cc1ccc2c(c1)OCC(=O)CO2,SWUIQEBPZIHZQS-UHFFFAOYSA-N,-2.062
0.5813446044921875,NCCCCCCN,NAQMVNRVTILPCV-UHFFFAOYSA-N,0.581
-5.264382362365723,CC12CCC(=O)C=C1CCC1C2CCC2(C)C(OC=O)CCC12,LMUMOFOWZKACOU-UHFFFAOYSA-N,-5.264
-2.8974051475524902,O=c1[nH]c2cc(Cl)ccc2o1,TZFWDZFKRBELIQ-UHFFFAOYSA-N,-2.897
-1.4301000833511353,CC(=O)C(=O)c1ccccc1,BVQVLAIMHVDZEL-UHFFFAOYSA-N,-1.43
-2.011467933654785,CN=C(NCC1CCOC1)N[N+](=O)[O-],YKBZOVFACRVRJN-UHFFFAOYSA-N,-2.011
-3.3377556800842285,CCCNC(=O)NS(=O)(=O)c1ccc(Cl)cc1,RKWGIWYCVPQPMF-UHFFFAOYSA-N,-3.338
-1.3193225860595703,CC1(C(=O)O)CCC(C(=O)O)C1(C)C,LSPHULWDVZXLIL-UHFFFAOYSA-N,-1.319
-5.183341503143311,CCOP(=O)(Cc1ccc(-c2nc3ccccc3s2)cc1)N1CCCC1=O,HTAUUADKDLLMRU-UHFFFAOYSA-N,-5.183
-4.488802909851074,CCN1c2cc(Cl)ccc2NC(=O)c2cccnc21,ZSFUDSWIVAQKEN-UHFFFAOYSA-N,-4.489
-5.37389087677002,O=[N+]([O-])c1ccc(Oc2ccc(C(F)(F)F)cc2[N+](=O)[O-])cc1,HHMCAJWVGYGUEF-UHFFFAOYSA-N,-5.374
-1.3335554599761963,O=C(O)CC1(CC(=O)O)CCCCC1,YQPCHPBGAALCRT-UHFFFAOYSA-N,-1.334
-1.4829901456832886,CC(Br)CCl,PUJJZGFFAQHYEX-UHFFFAOYSA-N,-1.483
-2.032888889312744,CC(=O)OCCOCn1cnc2c(=O)[nH]c(N)nc21,DMHAXLGAKQREIL-UHFFFAOYSA-N,-2.033
-8.635577201843262,O=C(N=NNc1cc(Cl)c(-c2ccc(-c3cc(Cl)c(NN=NC(=O)c4cc5ccccc5cc4O)cc3Cl)cc2)cc1Cl)c1cc2ccccc2cc1O,NAOAIXJLSONHSA-UHFFFAOYSA-N,-8.636
-8.509076118469238,O=C(c1ccc(Oc2ccccc2)cc1)c1ccc(C(=O)c2ccc(Oc3ccccc3)cc2)cc1,NWJVKSITTJQWCG-UHFFFAOYSA-N,-8.509
-3.050957202911377,O=C(c1ccccc1)C1CCCCC1,BMFYCFSWWDXEPB-UHFFFAOYSA-N,-3.051
-6.433337211608887,CCCCCCCCCCCCCC(=O)OC(C)C,AXISYYRBXTVTFY-UHFFFAOYSA-N,-6.433
-2.593543767929077,Nc1cc([N+](=O)[O-])ccc1I,VKQOHFHGWCXKOA-UHFFFAOYSA-N,-2.594
-3.67818832397461,COc1cc([N+](=O)[O-])c2c(c1OC)C(=O)OC2,ZPEFPSJMGSVLKW-UHFFFAOYSA-N,-3.678
-7.126961708068848,CCCCC(CC)COC(=O)C(C#N)=C(c1ccccc1)c1ccccc1,FMJSMJQBSVNSBF-UHFFFAOYSA-N,-7.127
-8.7938232421875,Brc1ccc(-c2ccc(Br)c(Br)c2Br)c(Br)c1Br,PTJQVJQAZSLKJO-UHFFFAOYSA-N,-8.794
-5.292233467102051,C=C(Br)C(=O)Nc1ccc(N=Nc2c(N)ccc3cc(S(=O)(=O)O)ccc23)c(S(=O)(=O)c2ccc(C)c(S(=O)(=O)O)c2)c1,HHHVICDYYBLIAG-UHFFFAOYSA-N,-5.292
-2.916811227798462,CCC1=C(C2(CC)C(=O)NC(=O)NC2=O)CCCC1,AVOQDBLSHMVAMW-UHFFFAOYSA-N,-2.917
-1.0799058675765991,C=CC(=O)OCC1(CC)COCOC1,STGXUBIZGYMIRM-UHFFFAOYSA-N,-1.08
-0.4755034446716308,NC(=O)NCCCCCC(=O)O,BQNWWHFSEXYHKU-UHFFFAOYSA-N,-0.476
-6.79628849029541,CCCCCCCCCCOC(=O)C(CC)CCCC,NPTQTLMUAAVGNU-UHFFFAOYSA-N,-6.796
0.0206177234649658,CC/C=C\C#N,ISBHMJZRKAFTGE-ARJAWSKDSA-N,0.021
-6.6038007736206055,CC/C=C/CCCCCCCCCCCCCCOCC,WBCCOWHDSAVXAO-AATRIKPKSA-N,-6.604
-3.907470464706421,Cc1ccc2cc(C)ccc2c1,YGYNBBAUIYTWBF-UHFFFAOYSA-N,-3.907
-2.114748477935791,C=C1CCOC(C=C(C)C)C1,JRIATCFPZFOVNP-UHFFFAOYSA-N,-2.115
-1.9097791910171509,CC(=O)N(C)C(=O)COC(=O)c1ccccc1,JQUIGGQYRQVIIE-UHFFFAOYSA-N,-1.91
-6.9208574295043945,CC12CCC(=O)C=C1CCC1C2CCC2(C)C(OC(=O)c3ccccc3)CCC12,RZJSCADWIWNGKI-UHFFFAOYSA-N,-6.921
-3.482560873031616,O=C1OC(c2ccc(Br)cc2)C(Br)C1=O,FNUXIDAXTMVGMS-UHFFFAOYSA-N,-3.483
-4.489779472351074,CCOc1ccccc1OS(=O)(=O)NC(=O)Nc1nc(OC)cc(OC)n1,UWVKRNOCDUPIDM-UHFFFAOYSA-N,-4.49
1.0278723239898682,C[S+](C)[O-],IAZDPXIOMUYVGZ-UHFFFAOYSA-N,1.028
0.4833502769470215,COC(=O)COCO,RNVVYVPDHMKDTL-UHFFFAOYSA-N,0.483
-5.419324398040772,O=C1c2ccccc2C(=O)C1c1ccc2ccccc2n1,IZMJMCDDWKSTTK-UHFFFAOYSA-N,-5.419
-4.319308757781982,Cn1cc(C(N)=O)c(Nc2ccc(Br)cc2F)c(F)c1=O,LNCZLEZOTUBASE-UHFFFAOYSA-N,-4.319
0.0250277519226074,Cc1ccncc1,FKNQCJSGGFJEIZ-UHFFFAOYSA-N,0.025
0.2325963973999023,CCCCOC=O,NMJJFJNHVMGPGM-UHFFFAOYSA-N,0.233
-2.3055074214935303,CCCCNC(=O)NS(=O)(=O)c1ccc(N)cc1,VDTNNGKXZGSZIP-UHFFFAOYSA-N,-2.306
-3.912137746810913,c1ccc(Cc2ccccc2)cc1,CZZYITDELCSZES-UHFFFAOYSA-N,-3.912
-2.20424222946167,CCOC(=O)CCCCCC(=O)OCC,LKKOGZVQGQUVHF-UHFFFAOYSA-N,-2.204
-4.223145484924316,Clc1ccc(C2(Cn3cncn3)CC(Br)CO2)c(Cl)c1,HJJVPARKXDDIQD-UHFFFAOYSA-N,-4.223
-5.759373664855957,CC(=O)OCC(=O)[C@H]1CC[C@H]2[C@@H]3CCC4=CC(=O)CC[C@]4(C)[C@H]3CC[C@]12C,VPGRYOFKCNULNK-ACXQXYJUSA-N,-5.759
-0.5084202289581299,CC1(C#N)CCCC1=O,KJRMGWZKDHKBCY-UHFFFAOYSA-N,-0.508
-2.684497833251953,CNC(=O)Oc1cccc2c1OC(C)(C)C2,DUEPRVBVGDRKAG-UHFFFAOYSA-N,-2.684
-2.5239040851593018,CCOC(=O)[C@H](CCc1ccccc1)N[C@@H](C)C(=O)N1CCC[C@H]1C(=O)O,GBXSMTUPTTWBMN-XIRDDKMYSA-N,-2.524
-0.7392082214355469,Cc1ccc(NO)cc1,AGJOAIMUXIQLCN-UHFFFAOYSA-N,-0.739
-5.337307929992676,O=[N+]([O-])c1cc(S(=O)(=O)Nc2ccccc2)ccc1Nc1ccccc1,BBFRYSKTTHYWQZ-UHFFFAOYSA-N,-5.337
-1.729561686515808,C=CS(=O)(=O)Nc1ccccc1,YRLXBWHNSONKOH-UHFFFAOYSA-N,-1.73
-2.419342279434204,O=C1Nc2ccccc2C(=O)N2CCCC12,MXBNEEHQIDLPLQ-UHFFFAOYSA-N,-2.419
-0.3942503929138183,CC(=O)NC(CCC(=O)O)C(=O)O,RFMMMVDNIPUKGG-UHFFFAOYSA-N,-0.394
0.593641996383667,C/C=C/C#N,NKKMVIVFRUYPLQ-NSCUHMNNSA-N,0.594
-4.7676191329956055,O=[N+]([O-])c1ccc(Nc2ccccc2)c([N+](=O)[O-])c1,RHTVQEPJVKUMPI-UHFFFAOYSA-N,-4.768
-7.574357986450195,CC(C)CCCCCCCCCCCCCCCOC(=O)CC(O)C(=O)OCCCCCCCCCCCCCCCC(C)C,HGKOWIQVWAQWDS-UHFFFAOYSA-N,-7.574
-6.259018898010254,CN(C)c1ccc(C(O)(c2ccc(N(C)C)cc2)c2ccc(Nc3ccccc3)c3ccccc23)cc1,WNDULEJVCPEASN-UHFFFAOYSA-N,-6.259
-4.076923370361328,CC(C)OC(=O)C1(S(=O)(=O)c2ccc(Cl)cc2)CC1,SAFRSRKBLQVPQW-UHFFFAOYSA-N,-4.077
-0.0189509391784667,N#CCCCC#N,ZTOMUSMDRMJOTH-UHFFFAOYSA-N,-0.019
-1.0401489734649658,O=C(O)C(Cl)=C(Br)Br,NHSPPJFIJJWVTN-UHFFFAOYSA-N,-1.04
-5.423645973205566,COP(=S)(OC)Oc1c(Cl)cc(C)cc1Cl,OBZIQQJJIKNWNO-UHFFFAOYSA-N,-5.424
-8.590655326843262,Clc1cc(Cl)c(Oc2ccc(Cl)c(Cl)c2)c(Cl)c1,POOXVKSDWCXIBU-UHFFFAOYSA-N,-8.591
-1.583804488182068,CCCCC(CC)C(=O)O,OBETXYAYXDNJHR-UHFFFAOYSA-N,-1.584
1.282012701034546,NCCNCCO,LHIJANUOQQMGNT-UHFFFAOYSA-N,1.282
-2.452636957168579,O=C1c2ccccc2C(=O)c2c(NCCCOCCOCCO)ccc(NCCCOCCOCCO)c21,FRFQXYOWMSJIJR-UHFFFAOYSA-N,-2.453
-1.151265263557434,c1ccc(Cn2ccnc2)cc1,KKKDZZRICRFGSD-UHFFFAOYSA-N,-1.151
-6.616935729980469,CCCOc1ccc2c(c1)C(c1ccc(OC)cc1OCC(=O)O)C(C(=O)O)C2c1ccc2c(c1)OCO2,UUAVCCWBNUITBB-UHFFFAOYSA-N,-6.617
-0.1747171878814697,CN1C2CCC1C(C(=O)O)C(O)C2,PHMBVCPLDPDESM-UHFFFAOYSA-N,-0.175
-6.128853797912598,CCOc1cccc2c1C(=O)c1c(NC3CCCCC3)ccc(Nc3ccccc3S(=O)(=O)O)c1C2=O,XTPAWBLSROWDBU-UHFFFAOYSA-N,-6.129
-1.8596608638763428,Nc1cccc(C(F)(F)F)c1,VIUDTWATMPPKEL-UHFFFAOYSA-N,-1.86
-5.816502571105957,C=C(C)C1Cc2c(ccc3c2OC2COc4cc(OC)c(OC)cc4C2C3=O)O1,JUVIOZPCNVVQFO-UHFFFAOYSA-N,-5.817
-3.9704065322875977,O=C(O)c1ccccc1Nc1cccc([N+](=O)[O-])c1,NBJRFLIUYUFOIR-UHFFFAOYSA-N,-3.97
-2.4330644607543945,Cc1ccc2c(c1)C=CS2(=O)=O,RPLDGRKYEITQNQ-UHFFFAOYSA-N,-2.433
-4.276993274688721,CCN(CC)C(C)CN1c2ccccc2Sc2ccccc21,CDOZDBSBBXSXLB-UHFFFAOYSA-N,-4.277
-1.6832867860794067,CCCCS,WQAQPCDUOCURKW-UHFFFAOYSA-N,-1.683
-1.999269127845764,CCCC(Br)(CCC)C(N)=O,KORNHGGSVGTRLI-UHFFFAOYSA-N,-1.999
-0.2582001686096191,CCCOP(=O)(OC)OCCC,KCJPXMHUFVFEGM-UHFFFAOYSA-N,-0.258
-1.069635272026062,CC(=O)O[C@@H]1[C@H]2OC(C)(C)O[C@H]2O[C@@H]1[C@H]1COC(C)(C)O1,QZKDRLZSJSWQPS-RMPHRYRLSA-N,-1.07
-1.3298684358596802,Nc1cccc(C(=O)O)c1,XFDUHJPVQKIXHO-UHFFFAOYSA-N,-1.33
-4.609726428985596,CNc1cccc2c1C(=O)c1ccccc1C2=O,SVTDYSXXLJYUTM-UHFFFAOYSA-N,-4.61
-0.1378877162933349,N#CC1CCCC1=O,IPMQSLPLJDKUPI-UHFFFAOYSA-N,-0.138
0.892308235168457,CN(C)N=O,UMFJAHHVKNCGLG-UHFFFAOYSA-N,0.892
-1.2678488492965698,CC(C)(O)C(=O)c1ccccc1,XMLYCEVDHLAQEL-UHFFFAOYSA-N,-1.268
-4.808582305908203,CC(C)CCCCCCCOC(=O)CC(C(=O)OCCCCCCCC(C)C)S(=O)(=O)O,QANVQYKQPMHTAM-UHFFFAOYSA-N,-4.809
-2.6285688877105717,NC(=O)c1cc(Cl)cc(Cl)c1N,PRKRQUUATBDWTL-UHFFFAOYSA-N,-2.629
-7.354804039001465,CC1(C)[C@H](C(=O)OCc2cccc(Oc3ccccc3)c2)[C@@H]1C=C(Cl)Cl,RLLPVAHGXHCWKJ-HKUYNNGSSA-N,-7.355
-3.1340227127075195,CC(=O)Oc1ccccc1C(=O)OCC(=O)N(C(C)C)C(C)C,WRGWFXXPBRCSIH-UHFFFAOYSA-N,-3.134
-7.129935264587402,Cc1c2ccccc2c(C)c2c1ccc1ccccc12,ARSRBNBHOADGJU-UHFFFAOYSA-N,-7.13
-1.4864020347595217,CCCCCC(O)CC,NMRPBPVERJPACX-UHFFFAOYSA-N,-1.486
-1.899563908576965,COC(=O)c1ccc(C(=O)OC)cc1,WOZVHXUHUFLZGK-UHFFFAOYSA-N,-1.9
-2.368851900100708,O=C(O)C1CN2CCC1CC2C(O)c1ccnc2ccccc12,XDPYXPRALQKAHS-UHFFFAOYSA-N,-2.369
-8.045485496520996,CCCCCCCCCCCCCCCCCC(=O)OCCCCCCCC,IIGMITQLXAGZTL-UHFFFAOYSA-N,-8.045
-2.6730332374572754,Cc1ccc([N+](=O)[O-])c([N+](=O)[O-])c1,INYDMNPNDHRJQJ-UHFFFAOYSA-N,-2.673
-1.7336931228637695,O=C(O)c1cc(O)c(O)c(O)c1,LNTHITQWFMADLM-UHFFFAOYSA-N,-1.734
-5.799121856689453,C=C1CC/C=C(\C)CC[C@@H]2[C@@H]1CC2(C)C,NPNUFJAVOOONJE-GFUGXAQUSA-N,-5.799
-7.354279518127441,Clc1cc(Cl)c2c(c1Cl)Oc1ccccc1O2,HRVUKLBFRPWXPJ-UHFFFAOYSA-N,-7.354
-0.2643344402313232,CC(C)(CO)[N+](=O)[O-],MVGJRISPEUZYAQ-UHFFFAOYSA-N,-0.264
-3.982834815979004,Nc1c(S(=O)(=O)O)cc(NC2CCCCC2)c2c1C(=O)c1ccccc1C2=O,GMBNNHLANOGOAU-UHFFFAOYSA-N,-3.983
-0.6113588809967041,O=C(O)C1CCCCC1,NZNMSOFKMUBTKW-UHFFFAOYSA-N,-0.611
-2.7669482231140137,O=C(O)C(c1ccccc1)c1ccccc1,PYHXGXCGESYPCW-UHFFFAOYSA-N,-2.767
-1.5569417476654053,CC1(C)[C@H]2CC=C(CCO)[C@@H]1C2,ROKSAUSPJGWCSM-UWVGGRQHSA-N,-1.557
-5.613927841186523,CC(Oc1ccc(Oc2ncc(Cl)cc2Cl)cc1)C(=O)N1CCCO1,ANFHKXSOSRDDRQ-UHFFFAOYSA-N,-5.614
-4.412474632263184,C#CC1(O)CCC2C3CCC4=CC(=O)CCC4C3CCC21C,VIKNJXKGJWUCNN-UHFFFAOYSA-N,-4.412
-1.520719289779663,NS(=O)(=O)c1ccc(Cl)s1,RKLQLYBJAZBSEU-UHFFFAOYSA-N,-1.521
-3.998072624206543,COc1ccc(C2Sc3ccccc3N(CCN(C)C)C(=O)C2OC(C)=O)cc1,HSUGRBWQSSZJOP-UHFFFAOYSA-N,-3.998
-2.7207190990448,Nc1c(I)c(C(=O)O)c(I)c(C(=O)O)c1I,JEZJSNULLBSYHV-UHFFFAOYSA-N,-2.721
-2.049970388412476,CC(=O)C(=Cc1ccccc1)CC(=O)O,BNQYXFAVUMPZFG-UHFFFAOYSA-N,-2.05
-2.4402103424072266,Cc1cc(Cl)cc(Cl)c1O,WJQZZLQMLJPKQH-UHFFFAOYSA-N,-2.44
-1.9820133447647093,CC(C)=CCC[C@@H](C)CCO,QMVPMAAFGQKVCJ-SNVBAGLBSA-N,-1.982
-7.431859970092773,CCCCC(CC)C(=O)OCC(COCC(COC(=O)CCCCCC(C)C)(COC(=O)C(CC)CCCC)COC(=O)C(CC)CCCC)(COC(=O)CCCCCC(C)C)COC(=O)CCCCCC(C)C,ATDCVWYXPQZTCI-UHFFFAOYSA-N,-7.432
-0.6826815605163574,COc1ccc(NCC(O)CO)cc1,AZKRMADMLBGMOJ-UHFFFAOYSA-N,-0.683
-4.448024749755859,CC(=O)Oc1ccc(NC(=O)Nc2ccccc2)cc1,HYDYEUKNONPEFM-UHFFFAOYSA-N,-4.448
-2.1647157669067383,Cc1cccc([N+](=O)[O-])c1,QZYHIOPPLUPUJF-UHFFFAOYSA-N,-2.165
-2.8811802864074707,COc1ccc2[nH]cc(CCNC(C)=O)c2c1,DRLFMBDRBRZALE-UHFFFAOYSA-N,-2.881
-6.348932266235352,CCCCCCCCN(CCCCCCCC)CCCCCCCC,XTAZYLNFDRKIHJ-UHFFFAOYSA-N,-6.349
-3.4182910919189453,CC(C)(c1ccccc1)c1ccc(O)cc1,QBDSZLJBMIMQRS-UHFFFAOYSA-N,-3.418
-0.624875545501709,Cc1ccncc1C,NURQLCJSMXZBPC-UHFFFAOYSA-N,-0.625
-6.692615509033203,Cc1cccc(Cc2ccccc2)c1Cc1ccccc1,PKQYSCBUFZOAPE-UHFFFAOYSA-N,-6.693
-2.3337173461914062,CCCN(CCC)S(=O)(=O)c1ccc(C(=O)O)cc1,DBABZHXKTCFAPX-UHFFFAOYSA-N,-2.334
-2.87272572517395,COc1ccc2[nH]c([S+]([O-])Cc3ncc(C)c(OC)c3C)nc2c1,SUBDBMMJDZJVOS-UHFFFAOYSA-N,-2.873
-2.1126151084899902,Cc1cc(Cl)ccc1N=CN(C)C,STUSTWKEFDQFFZ-UHFFFAOYSA-N,-2.113
-3.4587409496307373,CC(=O)O[C@@H]1C[C@H](C)CC[C@H]1C(C)C,XHXUANMFYXWVNG-ADEWGFFLSA-N,-3.459
-5.965928077697754,CC(Oc1ccc(Oc2cnc3cc(Cl)ccc3n2)cc1)C(=O)OCC1CCCO1,BBKDWPHJZANJGB-UHFFFAOYSA-N,-5.966
-3.1205084323883057,CC(=O)O[C@@H]1C[C@@H]2CC[C@@]1(C)C2(C)C,KGEKLUUHTZCSIP-HOSYDEDBSA-N,-3.121
-1.75144362449646,CCCCCOC(=O)CC,TWSRVQVEYJNFKQ-UHFFFAOYSA-N,-1.751
-3.813955545425415,CCCCCCCOC(=O)c1ccc(N)cc1,IAHJVNSZPMIREM-UHFFFAOYSA-N,-3.814
-3.370770215988159,Clc1cccc(C(Cl)(Cl)Cl)n1,DCUJJWWUNKIJPH-UHFFFAOYSA-N,-3.371
-2.438718795776367,CN/C(=C\[N+](=O)[O-])NCCSCc1ccc(CN(C)C)o1,VMXUWOKSQNHOCA-UKTHLTGXSA-N,-2.439
-3.478809356689453,OCCC(F)(F)C(F)(F)C(F)(F)C(F)(F)C(F)(F)C(F)(F)F,GRJRKPMIRMSBNK-UHFFFAOYSA-N,-3.479
-1.429068922996521,CC(=O)Nc1ncc2ncn(COCCO)c2n1,LPOUIKBMWDULCN-UHFFFAOYSA-N,-1.429
0.2134273052215576,CCN(N=O)C(N)=O,FUSGACRLAFQQRL-UHFFFAOYSA-N,0.213
-3.7174901962280273,CCC(CC)CC1(C(=O)O)CCCCC1,XRKJBJLXKLOLKS-UHFFFAOYSA-N,-3.717
-5.276773452758789,CCCCC(=O)N(Cc1ccc(-c2ccccc2-c2nnn[nH]2)cc1)C(C(=O)O)C(C)C,ACWBQPMHZXGDFX-UHFFFAOYSA-N,-5.277
-4.186793804168701,Cc1noc(C)c1N=C1CC(=O)C(=O)c2ccccc21,FZQDEMTVDJJBKY-UHFFFAOYSA-N,-4.187
-6.403510093688965,Clc1c(Cl)c(Cl)c(Cl)c(Cl)c1Cl,CKAPSXZOOQJIBF-UHFFFAOYSA-N,-6.404
-4.868966102600098,C[C@H](CCC(=O)O)[C@H]1CC[C@H]2[C@@H]3[C@@H](O)C[C@@H]4C[C@H](O)CC[C@]4(C)[C@H]3CC[C@]12C,RUDATBOHQWOJDD-UZVSRGJWSA-N,-4.869
-3.662020683288574,CN(C)CCCN1c2ccccc2Sc2ccccc21,ZGUGWUXLJSTTMA-UHFFFAOYSA-N,-3.662
-1.8553074598312376,CCC(C(=O)O)C(C(=O)O)c1ccccc1,AAQWYJPJRWOQEV-UHFFFAOYSA-N,-1.855
-1.6891297101974487,Cc1nc(N(C)C)nc(OC(=O)N(C)C)c1C,YFGYUFNIOHWBOB-UHFFFAOYSA-N,-1.689
-0.8226048946380615,C=CCOC(=O)C(C)OC(=O)C(C)O,CPKMYVLHYLGADM-UHFFFAOYSA-N,-0.823
-4.151584148406982,CCOC(=O)CCN(SN(C)C(=O)Oc1cccc2c1OC(C)(C)C2)C(C)C,FYZBOYWSHKHDMT-UHFFFAOYSA-N,-4.152
-3.5314488410949707,Cc1cc(N)ccc1S(=O)(=O)Nc1ccccc1[N+](=O)[O-],HZKCDBKRNMDOJB-UHFFFAOYSA-N,-3.531
0.1195001602172851,O=C(CS)OCC(O)CO,DOGJSOZYUGJVKS-UHFFFAOYSA-N,0.12
-5.858899116516113,CCC(C)(C)C(=O)OC1CC(C)C=C2C=CC(C)C(CCC3CC(O)CC(=O)O3)C21,RYMZZMVNJRMUDD-UHFFFAOYSA-N,-5.859
-2.467225790023804,N#CC1(N2CCCCC2)CCN(Cc2ccccc2)CC1,XXZATAXHOSMHKY-UHFFFAOYSA-N,-2.467
-2.52461576461792,CSc1cc(SC)c(N)c(C)c1N,TXDBDYPHJXUHEO-UHFFFAOYSA-N,-2.525
-4.928023338317871,Nc1ccc2c(c1)C=C(S(=O)(=O)O)/C(=N\Nc1ccc3c(c1)C=C(S(=O)(=O)O)/C(=N/Nc1ccccc1)C3=O)C2=O,QSJHBAVMLXTTKL-RRWXOEAGSA-N,-4.928
-2.0478973388671875,C=CCCCCCCCCC(=O)N(CCO)CCO,NGENVFQAIKEQNS-UHFFFAOYSA-N,-2.048
-2.2131004333496094,COc1ccc(Cl)c(OC)c1O,WYEMCZZCZXKDNC-UHFFFAOYSA-N,-2.213
-1.3723301887512207,CCOC(=O)CC(O)(CC(=O)OCC)C(=O)OCC,DOOTYTYQINUNNV-UHFFFAOYSA-N,-1.372
-2.6952176094055176,COc1ccc2cc(C(C)C(=O)OCC(O)CO)ccc2c1,NQGWSPZQESAHBV-UHFFFAOYSA-N,-2.695
-7.696837425231934,Clc1ccc(Oc2cc(Cl)c(Cl)cc2Cl)cc1,KXOJXWNARBQHNX-UHFFFAOYSA-N,-7.697
-4.225295543670654,CC(C)CCCCCOC(=O)CCS,ZHUWXKIPGGZNJW-UHFFFAOYSA-N,-4.225
-2.7327234745025635,Oc1c(Cl)cc(Cl)cc1Cl,LINPIYWFGCPVIE-UHFFFAOYSA-N,-2.733
-1.2607457637786863,CC(=O)OCC(S)CS,JVYNLQQSMKTICB-UHFFFAOYSA-N,-1.261
1.159315824508667,O=CC1CO1,IWYRWIUNAVNFPE-UHFFFAOYSA-N,1.159
-0.4767012596130371,O=C(O)CN(CCN(CC(=O)O)CC(=O)O)CCN(CC(=O)O)CC(=O)O,QPCDCPDFJACHGM-UHFFFAOYSA-N,-0.477
-2.367988109588623,CC(C)CCBr,YXZFFTJAHVMMLF-UHFFFAOYSA-N,-2.368
-8.744866371154785,Clc1cc(-c2ccc(Cl)c(Cl)c2Cl)cc(Cl)c1Cl,YTWXDQVNPCIEOX-UHFFFAOYSA-N,-8.745
-8.537817001342773,Clc1ccc(Oc2ccc(Cl)c(Cl)c2Cl)c(Cl)c1,RSBUDFTVQYJNHK-UHFFFAOYSA-N,-8.538
-5.166019439697266,CCC(C)C1NC(=O)C(Cc2c[nH]c3ccccc23)NC(=O)C2CCCN2C(=O)C(Cc2c[nH]cn2)NC(=O)C2CCCCN2C(=O)C2CCCCN2C1=O,WCNGAVKBHXZVJO-UHFFFAOYSA-N,-5.166
1.2831175327301023,CC(O)CCO,PUPZLCDOIYMWBV-UHFFFAOYSA-N,1.283
-1.8730674982070925,O=C(O)c1cc(=O)cc(C(=O)O)o1,PBAYDYUZOSNJGU-UHFFFAOYSA-N,-1.873
-3.972719669342041,ICC1CCC(CI)CC1,CADHELUGADNHSF-UHFFFAOYSA-N,-3.973
-3.037802696228028,Oc1ccccc1Oc1ccccc1,KDTZBYPBMTXCSO-UHFFFAOYSA-N,-3.038
-1.0280776023864746,NC(=O)c1ccc[n+](C2OC(COP(=O)([O-])OP(=O)(O)OCC3OC(n4cnc5c(N)ncnc54)C(O)C3O)C(O)C2O)c1,BAWFJGJZGIEFAR-UHFFFAOYSA-N,-1.028
-0.3662421703338623,CC1CCC(O)CC1,MQWCXKGKQLNYQG-UHFFFAOYSA-N,-0.366
-1.633973479270935,CNC(=O)Oc1ccccc1C1OCCO1,SDKQRNRRDYRQKY-UHFFFAOYSA-N,-1.634
-3.2647945880889893,CC1N(c2cc3c(cc2F)c(=O)c(C(=O)O)cn3C2CC2)CC1(C)N,VBCIDRUAFSBLGA-UHFFFAOYSA-N,-3.265
-2.344877243041992,OC(=S)CCCCCCCCC(O)=S,OUADDINWGRXMJO-UHFFFAOYSA-N,-2.345
-3.021066188812256,CCCCCCC(C/C=C\CCCCCCCC(=O)O)OS(=O)(=O)O,CYKFQSXTIVGYDT-XFXZXTDPSA-N,-3.021
-1.5346380472183228,COC(=O)c1ccccc1O,OSWPMRLSEDHDFF-UHFFFAOYSA-N,-1.535
-1.7863603830337524,CC(C)C1(C(C)C)C(=O)NC(=O)NC1=O,NSQYIEOSFPLTJA-UHFFFAOYSA-N,-1.786
-1.1640106439590454,CC1CCC2(CCC(C)O2)O1,PUKTVFNQVGOXPI-UHFFFAOYSA-N,-1.164
-0.3643062114715576,CC(N)c1ccccc1,RQEUFEKYXDPUSK-UHFFFAOYSA-N,-0.364
-8.521541595458984,O=C(Nc1ccc(NC(=O)C2=Cc3ccccc3/C(=N\Nc3cc(Cl)ccc3Cl)C2=O)c(Cl)c1)C1=Cc2ccccc2/C(=N\Nc2cc(Cl)ccc2Cl)C1=O,QCLKBJKESKISHE-ZRFMCYSTSA-N,-8.522
-2.682534694671631,Cc1cc(Oc2cc(C)cc(S(=O)(=O)O)c2)cc(S(=O)(=O)O)c1,VGRKMGBGMTUWFI-UHFFFAOYSA-N,-2.683
-0.0528938770294189,CCN1CC(=O)N=C1N,LCDGAYYHFKVEAR-UHFFFAOYSA-N,-0.053
-1.2874644994735718,CCSC(=S)NC(CC(=O)O)C(=O)O,KKUMBCQWVRPGMH-UHFFFAOYSA-N,-1.287
-2.848175048828125,CCCCC/C=C/CCC=O,CWRKZMLUDFBPAO-VOTSOKGWSA-N,-2.848
-2.155059814453125,CC1(C)NC(=O)N(Cc2ccccc2)C1=O,DSBMOVYUOIIPDK-UHFFFAOYSA-N,-2.155
-7.683291435241699,FC1(F)C(F)(F)C(F)(F)C2(F)C(F)(F)C(F)(F)C(F)(F)C(F)(F)C2(F)C1(F)F,UWEYRJFJVCLAGH-UHFFFAOYSA-N,-7.683
-0.7064635753631592,CC(=O)NC(CC(C)C)C(=O)O,WXNXCEHXYPACJF-UHFFFAOYSA-N,-0.706
0.5799570083618164,CCN(CC)N=O,WBNQDOYYEUMPFS-UHFFFAOYSA-N,0.58
-0.7908840179443359,ClC(Cl)Br,FMWLUWPQPKEARP-UHFFFAOYSA-N,-0.791
-7.883163452148437,CCCCCCCCCOC(=O)c1ccc(C(=O)OCCCCCCCCC)c(C(=O)OCCCCCCCCC)c1,ROPPTGKKZZDFJN-UHFFFAOYSA-N,-7.883
-3.2623300552368164,CC(C)CCCCCC(=O)NCCCCCC(=O)O,KWAKSEGGFHCMJS-UHFFFAOYSA-N,-3.262
-0.467231273651123,CC(CCN)CC(C)(C)CN,JCUZDQXWVYNXHD-UHFFFAOYSA-N,-0.467
-2.3799245357513428,COc1ccccc1[N+](=O)[O-],CFBYEGUGFPZCNF-UHFFFAOYSA-N,-2.38
-1.978936791419983,Oc1c(Cl)cccc1Cl,HOLHYSJJBXSLMV-UHFFFAOYSA-N,-1.979
-6.9613938331604,O=C(Nc1ccc(Cc2ccc(NC(=O)NC3CCCCC3)cc2)cc1)NC1CCCCC1,SGXPOLBQSKXTKY-UHFFFAOYSA-N,-6.961
-0.9679460525512696,OCc1nc2ncncc2[nH]1,NFZTXJKXCFQRGN-UHFFFAOYSA-N,-0.968
-0.6813619136810303,Cc1cncc(C)c1,HWWYDZCSSYKIAD-UHFFFAOYSA-N,-0.681
-0.8220596313476562,Oc1cccc(O)c1O,WQGWDDDVZFFDIG-UHFFFAOYSA-N,-0.822
-1.0214006900787354,COc1cccc(OCC(O)CO)c1OC,OLYIDXAKNMPQMJ-UHFFFAOYSA-N,-1.021
-4.667314529418945,CCCCCCC(O)CCCCCCCCCCCO,KHLCTMQBMINUNT-UHFFFAOYSA-N,-4.667
-2.03804349899292,ClC/C=C\CCl,FQDIANVAWVHZIR-UPHRSURJSA-N,-2.038
-1.9552239179611208,Oc1cccc2c(O)cccc12,BOKGTLAJQHTOKE-UHFFFAOYSA-N,-1.955
-7.287470817565918,Cn1c(-c2ccccc2)c(C=CC2=[N+](C)c3ccccc3C2(C)C)c2ccccc21,VEIQMIFGPISKCW-UHFFFAOYSA-N,-7.287
-2.0890846252441406,O=c1n(Cl)c(=O)n(Cl)c(=O)n1Cl,YRIZYWQGELRKNT-UHFFFAOYSA-N,-2.089
-1.5298906564712524,[O-][S+](Cc1ccccc1)Cc1ccccc1,HTMQZWFSTJVJEQ-UHFFFAOYSA-N,-1.53
-0.547741174697876,Oc1ccc(O)cc1,QIGBRXMKCJKVMJ-UHFFFAOYSA-N,-0.548
-2.467738151550293,CC(C)CC(C)OC(=O)CC(C(=O)OC(C)CC(C)C)S(=O)(=O)O,CLJDUFMUISGSEC-UHFFFAOYSA-N,-2.468
-4.770949840545654,Cc1cc(Nc2nc(NCCO)nc(Nc3ccc(N=Nc4cc(S(=O)(=O)O)c5cccc(S(=O)(=O)O)c5c4)c(C)c3)n2)ccc1N=Nc1cc(S(=O)(=O)O)c2cccc(S(=O)(=O)O)c2c1,UHLVINFHJXUXCW-UHFFFAOYSA-N,-4.771
-7.077935218811035,Clc1ccc(-c2c(Cl)cc(Cl)cc2Cl)cc1,RZFZBHKDGHISSH-UHFFFAOYSA-N,-7.078
0.5996267795562744,CCC1OCCO1,WEBRDDDJKLAXTO-UHFFFAOYSA-N,0.6
-3.3763203620910645,Nc1cnn(-c2ccccc2)c(=O)c1Br,ODNZLRLWXRXPOH-UHFFFAOYSA-N,-3.376
-7.903453826904297,CC1(C)C(C=C(Cl)Cl)C1C(=O)OC(C#N)c1ccc(F)c(Oc2ccccc2)c1,QQODLKZGRKWIFG-UHFFFAOYSA-N,-7.903
-3.51943588256836,COc1ccc2cc(C(C)C(=O)OCC(=O)N(C)C)ccc2c1,IBUVVTIRLMVASK-UHFFFAOYSA-N,-3.519
-0.497873306274414,NCCC(O)C(=O)NC1CC(N)C(OC2OC(CN)C(O)C(O)C2O)C(O)C1OC1OC(CO)C(O)C(N)C1O,LKCWBDHBTVXHDL-UHFFFAOYSA-N,-0.498
-0.787926197052002,CCCCOCC(C)OCC(C)O,CUVLMZNMSPJDON-UHFFFAOYSA-N,-0.788
-4.531796932220459,Cc1ccc(NC(=O)NC(C)(C)c2ccccc2)cc1,NNYRZQHKCHEXSD-UHFFFAOYSA-N,-4.532
-3.108872890472412,CCCCCCc1ccc(C(=O)O)cc1,CPEPWESLFZVUEP-UHFFFAOYSA-N,-3.109
-3.745065689086914,Cc1ccc2c(c1)Oc1ncc(N)cc1C(=O)N2C,MUKSMBAVCDPKRC-UHFFFAOYSA-N,-3.745
-3.2737317085266118,Nc1ccc(S(=O)(=O)c2ccc(N)cc2)cc1,MQJKPEGWNLWLTK-UHFFFAOYSA-N,-3.274
-0.4703350067138672,CNc1ccccc1,AFBPFSWMIHJQDM-UHFFFAOYSA-N,-0.47
-2.5079712867736816,Fc1ccc(I)cc1,KGNQDBQYEBMPFZ-UHFFFAOYSA-N,-2.508
-1.682668685913086,CCC(CC)COC(C)=O,HQLKZWRSOHTERR-UHFFFAOYSA-N,-1.683
-2.5267932415008545,CCCCCS[S+]([O-])CCCCC,UXGUHQNYRZMSQI-UHFFFAOYSA-N,-2.527
-1.1288000345230105,O=C(NC(CO)C(=O)O)c1ccccc1,MWCDMTCWMZHVAQ-UHFFFAOYSA-N,-1.129
-1.4049216508865356,Oc1cncc2cccnc12,WHFQWQIDXMOZBD-UHFFFAOYSA-N,-1.405
-9.302807807922363,Clc1ccc(-c2c(Cl)c(Cl)cc(Cl)c2Cl)c(Cl)c1Cl,CXOYNJAHPUASHN-UHFFFAOYSA-N,-9.303
0.556988000869751,CC(N)C(O)C(=O)O,QTRAXZHIRXYYPP-UHFFFAOYSA-N,0.557
0.3563950061798095,CC1=CCCN1C,MFGQUMAXNNHCNG-UHFFFAOYSA-N,0.356
-1.4186477661132812,FC(F)C(F)(F)F,GTLACDSXYULKMZ-UHFFFAOYSA-N,-1.419
-1.5580295324325562,O=Cc1ccc2c(c1)OCO2,SATCULPHIDQDRE-UHFFFAOYSA-N,-1.558
-7.332036972045898,N#Cc1ccc(C=Cc2ccc(C=Cc3cccc(C#N)c3)cc2)cc1,XSPWINZRSAKTKX-UHFFFAOYSA-N,-7.332
-1.310344934463501,CNC(=O)O/N=C(\C)C(C)S(C)(=O)=O,CTJBHIROCMPUKL-WEVVVXLNSA-N,-1.31
-2.4741530418396,CC(C)=CCC/C(C)=C/COC=O,FQMZVFJYMPNUCT-YRNVUSSQSA-N,-2.474
-1.6647340059280396,O=c1ccn(CCO)c(C(O)c2ccccc2)c1O,ZMDGUPJAPMSCIZ-UHFFFAOYSA-N,-1.665
-4.707536220550537,S=C=Nc1cccc(N=C=S)c1,BOLANQNHTGVOMY-UHFFFAOYSA-N,-4.708
-0.3205933570861816,CCS(=O)(=O)NS(=O)(=O)CC,IPVBROHEYXPTBX-UHFFFAOYSA-N,-0.321
-1.4944416284561155,NS(=O)(=O)c1cc2c(s1)CC(O)CS2(=O)=O,ZGRYQDHDZGJMNF-UHFFFAOYSA-N,-1.494
0.6246612071990967,C=C,VGGSQFUCUMXWEO-UHFFFAOYSA-N,0.625
1.186877965927124,COC(C)OC,SPEUIVXLLWOEMJ-UHFFFAOYSA-N,1.187
-0.5868713855743408,CCOC(=O)N1CCN(CN2CCN(C(=O)OCC)CC2)CC1,UOCUDGZQFFDOMM-UHFFFAOYSA-N,-0.587
-8.584660530090332,CC(=O)C(N=Nc1ccc(-c2ccc(N=NC(C(C)=O)C(=O)Nc3ccccc3)c(Cl)c2)cc1Cl)C(=O)Nc1ccccc1,GNCOVOVCHIHPHP-UHFFFAOYSA-N,-8.585
-2.352738380432129,CC(C)CC(C)(O)C#CC(C)(O)CC(C)C,LXOFYPKXCSULTL-UHFFFAOYSA-N,-2.353
0.0339908599853515,CN(CC(=O)O)C(=N)N,CVSVTCORWBXHQV-UHFFFAOYSA-N,0.034
-4.990451335906982,CC(C)OC(=O)C(O)(c1ccc(Br)cc1)c1ccc(Br)cc1,FOANIXZHAMJWOI-UHFFFAOYSA-N,-4.99
-0.2217621803283691,O=C(O)CC(Br)C(=O)O,QQWGVQWAEANRTK-UHFFFAOYSA-N,-0.222
0.0357491970062255,NC(=O)NCCC(=O)O,JSJWCHRYRHKBBW-UHFFFAOYSA-N,0.036
-4.490580558776856,CCN(CC)CCCNc1nc(Nc2ccc(N=Nc3c(S(=O)(=O)O)cc4cc(S(=O)(=O)O)cc(Nc5nc(NCC(C)N)nc(NCC(C)N)n5)c4c3O)cc2)nc(Nc2ccc(N=Nc3c(S(=O)(=O)O)cc4cc(S(=O)(=O)O)cc(Nc5nc(NCC(C)N)nc(NCC(C)N)n5)c4c3O)cc2)n1,HJNRIUAWUKVWOI-UHFFFAOYSA-N,-4.491
-0.2897014617919922,O=C(O)CN(CC(=O)O)CC(=O)O,MGFYIUFZLHCRTH-UHFFFAOYSA-N,-0.29
-2.584057092666626,Nc1cc(Cl)cc(C(=O)O)c1Cl,HSSBORCLYSCBJR-UHFFFAOYSA-N,-2.584
-0.522740364074707,O=c1nccc[nH]1,VTGOHKSTWXHQJK-UHFFFAOYSA-N,-0.523
-2.474884271621704,Cc1ccc(C(C)(C)C)c(O)c1,XOUQAVYLRNOXDO-UHFFFAOYSA-N,-2.475
-2.334824323654175,COC(=O)c1c(C)cc(O)c(C)c1O,UUQHKWMIDYRWHH-UHFFFAOYSA-N,-2.335
-2.5163004398345947,Nc1nc(=O)[nH]c2nccnc12,ZYLMCRLXTUAWGM-UHFFFAOYSA-N,-2.516
-0.6963517665863037,Cc1ccc(CO)cc1,KMTDMTZBNYGUNX-UHFFFAOYSA-N,-0.696
-0.0725681781768798,O=C1CCCCC1,JHIVVAPYMSGYDF-UHFFFAOYSA-N,-0.073
-0.6371517181396484,COC(C)C(C)Cl,RBFOFWDEFDASDA-UHFFFAOYSA-N,-0.637
0.0206301212310791,CC(C)(CO)[C@@H](O)C(=O)NCCCO,SNPLKNRPJHDVJA-ZETCQYMHSA-N,0.021
-5.398001670837402,C[C@]12CCC(=O)C=C1CC[C@@H]1[C@@H]2CC[C@@]2(C)[C@H]1CC[C@@]21CCC(=O)O1,UWBICEKKOYXZRG-WNHSNXHDSA-N,-5.398
-2.202820301055908,NC(=S)NS(=O)(=O)c1ccc(N)cc1,UEMLYRZWLVXWRU-UHFFFAOYSA-N,-2.203
-1.6705139875411987,C=C(C)C(=O)OCCOCCOCCOC(=O)C(=C)C,HWSSEYVMGDIFMH-UHFFFAOYSA-N,-1.671
-4.155179977416992,C#CCCCCCCC,OSSQSXOTMIGBCF-UHFFFAOYSA-N,-4.155
-1.192093849182129,CC(=O)Nc1ccc(OP(=O)(O)O)cc1,PSQWZQGQIUGIRU-UHFFFAOYSA-N,-1.192
-0.8576376438140869,C=COCC(F)(F)F,DLEGDLSLRSOURQ-UHFFFAOYSA-N,-0.858
-2.4995334148406982,c1ccc(CNc2ncnc3[nH]cnc23)cc1,NWBJYWHLCVSVIJ-UHFFFAOYSA-N,-2.5
