soltra_solubility,smiles,true_values
-6.123292446136475,COC(=O)c1cc(N=NC(C(C)=O)C(=O)Nc2ccc3[nH]c(=O)[nH]c3c2)cc(C(=O)OC)c1,
-2.315873622894287,CCOc1ccc(NC(C)=O)cc1,
-0.4835383892059326,CCCCCCOC1O[C@H](CO)[C@@H](O)[C@H](O)[C@H]1O,
-6.8311614990234375,CCOc1cc(Oc2ccc(C(F)(F)F)cc2Cl)ccc1[N+](=O)[O-],
-0.7085232734680176,Cc1cccc(CO)c1,
-0.07349371910095215,CC(C)(C)OC(N)=O,
-7.000503063201904,Clc1ccccc1-c1c(Cl)ccc(Cl)c1Cl,
-3.05261492729187,CC(C)CCCC(C)CC=O,
-6.136777877807617,O=C(O)c1cccc2cccc(-c3cccc4cccc(C(=O)O)c34)c12,
-1.2112153768539429,CNC(=O)O/N=C(/C)C(C)SC,
-3.1407485008239746,CC(C)N(CCC(C(N)=O)(c1ccccc1)c1ccccn1)C(C)C,
-4.305725574493408,CCC(=C(CC)c1ccc(O)cc1)c1ccc(O)cc1,
-9.09878921508789,Cc1cc(C)c(Nc2ccc(Nc3c(C)cc(C)cc3C)c3c2C(=O)c2ccccc2C3=O)c(C)c1,
-3.9907455444335938,Nc1c2ccccc2nc2ccc(F)cc12,
-7.085017204284668,Clc1ccc(-c2ccc(Cl)cc2Cl)c(Cl)c1,
-0.2746090888977051,NC(=O)C1CCCC(C(N)=O)N1,
-0.07392764091491699,NC(=O)NCC(=O)O,
-7.689478874206543,Clc1ccc(Oc2cc(Cl)cc(Cl)c2Cl)cc1,
-5.81745719909668,CCOP(=S)(OCC)O/N=C(\C#N)c1ccccc1Cl,
-3.754991054534912,CC(=O)c1cccc(Nc2ccccc2C(=O)O)c1,
-2.4309487342834473,CC1=CC(=O)c2ccccc2C1=O,
-2.220975875854492,Nc1ccc2cc(S(=O)(=O)O)cc(O)c2c1,
-1.939956784248352,O=S(=O)(O)OOS(=O)(=O)O,
-7.3889570236206055,CCN(CCOc1ccc(C2CCCCC2)cc1)c1ccc(C=C(C#N)C#N)c(C)c1,
-3.3164100646972656,O=C(/C=C/C=C/c1ccc2c(c1)OCO2)N1CCCCC1,
-4.235991477966309,C=CC=C(C)C=CC=CC,
-2.9020371437072754,O=S(=O)(c1cccc(O)c1)c1ccccc1O,
-2.3268163204193115,O=c1[nH]c(CN2CCCC2)c(Cl)c(=O)[nH]1,
-3.918513774871826,O=C(O)C(SCCSC(C(=O)O)c1ccccc1)c1ccccc1,
-2.7745707035064697,Cn1c(=O)c2c(nc(-c3ccccc3)n2C)n(C)c1=O,
-3.959172248840332,CC(C)(C)NC(=O)C1N(C(=O)C(O)C(Cc2ccccc2)NC(=O)COc2ccccc2)CSC1(C)C,
-1.225975751876831,CCCCC(CC)COCC(O)CO,
0.853003740310669,O=C(O)CS,
-2.641115665435791,O=S(=O)(O)c1cc(O)c2ccc3c(S(=O)(=O)O)cc(S(=O)(=O)O)c4ccc1c2c34,
-2.5975990295410156,NCCNc1ccc(S(=O)(=O)c2ccc(N)cc2)cc1,
-2.419604778289795,CCc1nc2nc[nH]c(=O)c2nc1CC,
-3.707409381866455,C[C@H](CCC(=O)NCC(=O)O)[C@H]1CC[C@H]2[C@@H]3[C@H](O)C[C@@H]4C[C@H](O)CC[C@]4(C)[C@H]3C[C@H](O)[C@]12C,
-2.7650537490844727,CNC(=O)Sc1ccc(OS(C)(=O)=O)cc1,
-0.021042346954345703,NCc1ccccc1,
-5.1663970947265625,CCCCCCC(O)CCCCCCCCCCC(=O)O,
-0.20344138145446777,NC(CSCC(N)C(=O)O)C(=O)O,
-5.8926825523376465,CC(=O)OC1(C(C)=O)CCC2C3C=C(C)C4=CC(=O)CCC4(C)C3CCC21C,
-3.4846560955047607,O=C1Cc2c(ccc3ccccc23)O1,
-2.5777204036712646,CCOC(=O)c1c[nH]c(=S)[nH]c1=O,
-2.288776159286499,Cn1nc(S(N)(=O)=O)sc1=NS(=O)(=O)Cc1ccccc1,
1.1606791019439697,C=CC#N,
-4.07000207901001,CCC(C)n1ncn(-c2ccc(N3CCN(c4ccc(O)cc4)CC3)cc2)c1=O,
-5.406253814697266,Nc1ccc(N=Nc2ccc(NS(=O)(=O)c3ccc(N=Nc4c(S(=O)(=O)O)cc5cc(S(=O)(=O)O)c(N=Nc6ccc([N+](=O)[O-])cc6)c(N)c5c4O)cc3)cc2)c(N)c1,
-0.8015737533569336,CCCCOP(=O)(O)OCCCC,
0.9066905975341797,C[N+](CCO)(CCO)CCO,
0.9682924747467041,C=CC(N)=O,
-4.012163162231445,CCCCC(CC)CNCC(CC)CCCC,
-3.6255722045898438,COc1cccc(Nc2ccccc2C(=O)O)c1,
-2.0986433029174805,C=CCCC,
1.2338645458221436,OC/C=C\CO,
-2.671402931213379,C=CCSC(CCC(SCC=C)C(=O)O)C(=O)O,
-5.289364814758301,CC12CCC(=O)C=C1C=CC1C2CCC2(C)C1CCC21CCC(=O)O1,
0.3579137325286865,CC(C)=CC=O,
-0.17048048973083496,COC(=O)C1CC(=O)N(C)C1,
-2.5217766761779785,Nc1ccc(Nc2ccccc2)cc1,
-7.700214385986328,CCCCCCCCCCCCCCCCCC(=O)OCC(OC(=O)CCCCCCCCCCCCCCCCC)[C@H]1OC[C@@H](O)[C@@H]1OC(=O)CCCCCCCCCCCCCCCCC,
-6.197926998138428,Clc1ccc2c(c1)Oc1cc(Cl)ccc1O2,
-5.133407115936279,CC(=O)C1CCC2C3CCC4=CC(=O)CCC4(C)C3CCC12C,
-2.458784580230713,CCN(CC)c1cc2[o+]c3cc(N(CC)CC)c(C)cc3c(-c3ccc(S(=O)(=O)[O-])cc3S(=O)(=O)O)c2cc1C,
-3.010605812072754,COC(=O)c1ccc(C(C)(C)C)cc1,
-2.401581287384033,OC(c1ccccc1)(c1ccccc1)C1CCNCC1,
-6.2632293701171875,Brc1cc(Br)c(-c2ccccc2)c(Br)c1,
-1.4560365676879883,COCCN(CCOC)C(=O)COC(=O)c1ccccc1,
-7.940760612487793,Clc1cc(Cl)c(-c2c(Cl)cccc2Cl)c(Cl)c1,
-4.946225643157959,CC(=O)Nc1cccc(Nc2cc(S(=O)(=O)O)c(N)c3c2C(=O)c2ccccc2C3=O)c1,
-2.9608633518218994,NC1CN(c2cc3c(cc2F)c(=O)c(C(=O)O)cn3C2CC2)C1,
-3.652463674545288,C=CCCC(=O)C1CCCC(C)(C)C1,
-4.206047058105469,CCC(=O)N(c1ccccc1)C1(COC)CCN(CCc2cccs2)CC1,
-3.2269322872161865,Nc1ccc(N=Nc2ccccc2)cc1,
-2.945262908935547,O=C(Cl)c1ccc(C(=O)Cl)cc1,
-2.074042797088623,Nc1c(S(=O)(=O)O)ccc2ncccc12,
-1.1266266107559204,CC12C(=O)OC(=O)C1(C)C1CCC2O1,
-2.2115278244018555,NS(=O)(=O)c1nnc(NS(=O)(=O)c2ccccc2[N+](=O)[O-])s1,
-1.501468539237976,CC(C)c1ccc(N)cc1,
-1.3697806596755981,C=C(Cl)CCl,
-3.635279893875122,CN1CCN(CCCN2c3ccccc3Sc3ccc(Cl)cc32)CC1,
-3.7171530723571777,COC(=O)C1(S(=O)(=O)c2ccc(C)cc2)CCCCC1,
1.409893274307251,[C-]#[O+],
-4.609145641326904,CCCCCCCCCCCCCCCC(=O)NCC(=O)O,
0.08463406562805176,CC(C)CC(=O)O,
-5.336251258850098,[O-][S+]1OC[C@@H]2[C@H](CO1)C1(Cl)C(Cl)=C(Cl)[C@@]2(Cl)C1(Cl)Cl,
-3.7753820419311523,CCCC(=O)OCOC(=O)c1cn(CC)c2nc(C)ccc2c1=O,
0.7140841484069824,CCC(N)C(=O)O,
-3.687748908996582,Nc1ccc(S(=O)(=O)Nc2ncc3c(n2)CCCC3)cc1,
-1.5661978721618652,CCOP(=O)(OCC)SCC(=O)NC(C)(C)C#N,
-1.5657947063446045,NC(=O)CNC(=O)OCc1ccccc1,
-1.306043267250061,Cc1cccc(S(=O)(=O)O)c1C,
-6.583834648132324,CCCCCCC(O)CCCCCCCCCCC(=O)NCCNC(=O)CCCCCCCCCCC(O)CCCCCC,
-10.284192085266113,Clc1c(Cl)c(Cl)c2c(oc3c(Cl)c(Cl)c(Cl)c(Cl)c32)c1Cl,
-0.6887767314910889,CCC[C@H]1CCCCN1,
-9.13119125366211,Clc1ccc(Oc2ccc(Cl)c(Cl)c2Cl)c(Cl)c1Cl,
-1.5438525676727295,CC1(C)C2CCC1(C)C(O)C2,
-2.465883731842041,CC(C)(C)NC(=O)COC(=O)c1ccccc1,
-4.824230194091797,CC12CCC3c4ccc(O)cc4CCC3C1CCC2=O,
-3.2344107627868652,CNC1CN(c2c(F)cc3c(=O)c(C(=O)O)cn(C4CC4)c3c2F)C1,
-1.2971760034561157,Cc1ccccc1C(=O)O,
-5.848994255065918,CCC(=O)OCC(=O)C1(OC(=O)CC)C(C)CC2C3CCC4=CC(=O)C=CC4(C)C3(F)C(O)CC21C,
-2.5081629753112793,CC(C)C(=O)OCCOc1ccccc1,
0.5231215953826904,COC(N)=O,
-5.210092544555664,COCCOCCCn1c(=O)c2c(N)c3c(=O)c4ccccc4c(=O)c3c(N)c2c1=O,
-9.202104568481445,Clc1ccc(Oc2c(Cl)c(Cl)cc(Cl)c2Cl)cc1Cl,
0.6249418258666992,CC(O)C(C)C=O,
-1.0683763027191162,CCCCCC(C)=O,
-1.6064199209213257,COC(C)C(NC(=O)c1ccccc1)C(=O)O,
-2.9074819087982178,CCCCCCOC(=O)n1cc(F)c(=O)[nH]c1=O,
-4.849043369293213,Clc1cc(Cl)c(Cl)c(Cl)c1,
-3.448881149291992,CCNc1c([N+](=O)[O-])cc([N+](=O)[O-])cc1[N+](=O)[O-],
-2.1849257946014404,O=Cc1ccc(O)c([N+](=O)[O-])c1,
-1.4446018934249878,C=CC(=O)OCCOC(=O)NCCCC,
-2.290494918823242,COC(=O)C1CCCN1C(=O)COC(=O)c1ccccc1,
-9.770821571350098,Brc1ccc(-c2c(Br)c(Br)c(Br)c(Br)c2Br)c(Br)c1Br,
-4.153275489807129,CN1CCC(c2c(O)cc(O)c3c(=O)cc(-c4ccccc4Cl)oc23)C(O)C1,
-7.870153427124023,CC1(C)C(C=C(Cl)C(F)(F)F)C1C(=O)OC(C#N)c1cccc(Oc2ccccc2)c1,
-3.096489667892456,COc1cc(Br)c2c(c1OC)C(=O)OC2,
-0.03484940528869629,O=P(O)(O)OC1OC(CO)C(O)C(O)C1O,
0.6004271507263184,C=CCS(=O)(=O)O,
-4.745046138763428,CCOC(=O)Nc1cccc(OC(=O)Nc2ccccc2)c1,
-0.2285773754119873,C1COC2(C1)CCCO2,
0.2368636131286621,O=C1NCCN1CCO,
-0.8270483016967773,C=C(C)C,
-3.67832088470459,Nc1ccc(-c2ccc(N)c(Cl)c2)cc1Cl,
-1.3729413747787476,c1ccc2cnccc2c1,
-2.607975959777832,CCc1nc2nc(N)nc(N)c2nc1CC,
-5.386321067810059,S=C=Nc1ccc(-c2ccccc2)cc1,
-3.6244280338287354,COc1cc(NC(=O)CC(C)=O)c(OC)cc1Cl,
0.5845017433166504,NC(=O)CCNCCO,
-3.75534987449646,Cc1ccc2ccccc2c1[N+](=O)[O-],
-2.7248308658599854,Cc1cc(=O)c2ccccc2[nH]1,
-1.5509686470031738,CC(O)C1C(=O)N2C(C(=O)O)=C(SCC(=N)N(C)C)C(C)C12,
-2.298677444458008,NC(N)=NCCCCCCCCNCCCCCCCCN=C(N)N,
-6.013754844665527,CCOC(=O)C(c1c(O)c2ccccc2oc1=O)c1c(O)c2ccccc2oc1=O,
-1.3042418956756592,COC(=O)c1ccccc1,
-0.3885185718536377,NC(Cc1cnc[nH]1)C(=O)O,
-5.523038864135742,COc1ccccc1NC(=O)c1cc2ccccc2cc1O,
-3.5222368240356445,CC(C)OC(=O)CS(=O)(=O)c1ccc(Cl)cc1,
-1.1000697612762451,C=CC(=O)OC(C)(C)C,
-3.2814090251922607,O=C1C(S(=O)(=O)O)=Cc2cc(S(=O)(=O)O)ccc2/C1=N\Nc1ccc(S(=O)(=O)O)c2ccccc12,
-6.038117408752441,Cn1c(=O)cc2c3c(c(Br)ccc31)C(=O)c1ccccc1-2,
-6.242726802825928,Cc1ccc(N2C(=O)c3cccc4c(N)ccc(c34)C2=O)c(C)c1,
-7.266632080078125,Brc1ccc(Br)c(-c2cc(Br)ccc2Br)c1,
-1.691227674484253,Cc1ccc(Cl)cc1N,
-5.337009429931641,COC(=O)CCc1cc(C(C)(C)C)c(O)c(C(C)(C)C)c1,
-1.917421579360962,COS(=O)(=O)c1ccc(C(=O)O)cc1,
-4.713388442993164,N#Cc1ccccc1-c1ccc(CBr)cc1,
-4.222756862640381,Cc1cccc(C)c1N(COCC(C)C)C(=O)CCl,
-1.076592206954956,CCN(CC)C(=O)C(Cl)=CCOP(=O)(OC)OC,
0.12954211235046387,Cc1cc[n+]([O-])cc1,
-5.166709899902344,Cc1ccc(NS(=O)(=O)c2cc(NNC3=C4C(=O)C=C(S(=O)(=O)O)C=C4C=CC3=N)ccc2Cl)c(C)c1,
-0.7310967445373535,Cc1cccc(N)c1,
-3.0313031673431396,CC(C)(C)c1cc(CO)cc(C(C)(C)C)c1O,
-4.436829566955566,CC(C)COC(=O)C1CCCCC1C(=O)OCC(C)C,
-1.0783722400665283,O=Cc1cccc(O)c1,
-3.366734504699707,NC(=S)Nc1cccc2ccccc12,
-2.228231906890869,COc1ccc(OC)c(NC(C)=O)c1,
-2.086474895477295,CNS(=O)(=O)c1cc(OC)c(N)cc1C,
-3.8647327423095703,CC(C)Oc1ccc(S(=O)(=O)c2ccc(O)cc2)cc1,
-1.181275725364685,CCc1occc(=O)c1O,
-3.28786039352417,Cc1ccc2c([N+](=O)[O-])ccc(O)c2n1,
-4.717772960662842,Nc1c2ccccc2nc2cccc(C(F)(F)F)c12,
0.011154890060424805,CCCC[C@H](N)C(=O)O,
-0.269655704498291,CC(=O)OCCBr,
-1.424081563949585,CC(O)CN(CC(C)O)C(=O)COC(=O)c1ccccc1,
-3.967825412750244,CC(C)CC(CC(C)C)(CC(C)C)C(=O)NO,
-5.125011444091797,CCC(C)(C)OOC1(OOC(C)(C)CC)CCCCC1,
-2.624767303466797,O=C(O)c1c(O)ccc2ccccc12,
-4.868966102600098,C[C@H](CCC(=O)O)[C@H]1CC[C@H]2[C@@H]3[C@H](O)C[C@@H]4C[C@H](O)CC[C@]4(C)[C@H]3CC[C@]12C,
-6.391915321350098,c1ccc2cc3c(ccc4ccccc43)cc2c1,
-2.4343056678771973,ClCC(Cl)(Cl)CCl,
0.5792250633239746,O=C(O)CCP(=O)(O)O,
-2.4766016006469727,CC(=O)Nc1ccccc1Cl,
0.853003740310669,O=C(O)CS,
-2.9301302433013916,CCCCOP(=O)(OCCCC)Oc1ccccc1,
-0.29953455924987793,CC(Cl)C(C)(C)O,
1.386389970779419,NCCNCCN,
-0.8922379016876221,ClC(Br)Br,
-3.6123547554016113,CNC1=Nc2ccc(Cl)cc2C(c2ccccc2)=[N+]([O-])C1,
-3.5266551971435547,CC1N(c2c(F)cc3c(=O)c(C(=O)O)cn(C4CC4)c3c2F)CC1(C)N,
-7.666416168212891,C=CCN(CC=C)c1cc(NC(C)=O)c(N=Nc2c(Br)cc([N+](=O)[O-])cc2[N+](=O)[O-])cc1OC,
0.7587640285491943,CN(CCCN)CCCN,
-2.5605766773223877,Nc1ccc(Cl)cc1[N+](=O)[O-],
-5.279958724975586,COCC1COc2cc3ncnc(Nc4cccc(I)c4)c3cc2O1,
-4.690456390380859,CCCC(=O)OCN1C(=O)NC(c2ccccc2)(c2ccccc2)C1=O,
-0.35313868522644043,O=C(O)CN(CCCN(CC(=O)O)CC(=O)O)CC(=O)O,
-2.8479490280151367,c1ccc2ccccc2c1,
-1.2794042825698853,CSc1nc(N(C)C)nc(N(C)C)n1,
-4.5891852378845215,CC[n+]1c(-c2ccccc2)c2cc(N)ccc2c2ccc(N)cc21,
-7.692490577697754,Clc1ccc(Oc2ccc(Cl)c(Cl)c2)cc1Cl,
-4.429816246032715,Nc1ccc(N)c2c1C(=O)c1ccccc1C2=O,
-4.136621475219727,C[C@]12CC[C@H](O)CC1=CC[C@@H]1[C@@H]2CC[C@]2(C)C(=O)CC[C@@H]12,
-2.3773083686828613,Nc1cccc(S(=O)(=O)Nc2nnc(S(N)(=O)=O)s2)c1,
-2.1931965351104736,CCC(C)C1CCCCC1=O,
-1.6846853494644165,C=C(C)[C@H]1CC=C(C)C(=O)C1,
-5.260293006896973,CCOC1=CC(=O)CC(C)C12Oc1c(Cl)c(OC)cc(OC)c1C2=O,
-1.3085366487503052,Cn1cnc2[nH]c(=O)nc(NCCO)c21,
-5.007011413574219,CCCCCCCC/C=C\CCCCCCCC1=NCCN1CCO,
-1.503637671470642,CCc1cccc(C)n1,
-1.3495982885360718,COCC(=O)c1ccccc1,
-2.2812204360961914,CC(=O)c1cc2ccccc2o1,
-3.7743630409240723,Nc1ccc(N/N=C2\C=Cc3c(cccc3S(=O)(=O)O)C2=O)cc1,
-0.01669001579284668,CCOC(=O)CC,
-6.741101264953613,CC1(c2ccc(Oc3ccccc3)cc2)OC(=O)N(Nc2ccccc2)C1=O,
-4.7926025390625,COC1=CCC2=C(CCC3C2CCC2(C)C3CCC2(O)C#N)C1,
-1.1037428379058838,C=CC(C)C(=O)OCC,
-3.821619987487793,CCCCCCCCCCCNC(=O)c1cccnc1,
-2.915822744369507,O=C(O)C1(O)c2ccccc2-c2ccccc21,
-4.472311973571777,CC(=O)OCC(=O)[C@@]1(O)[C@H](C)C[C@H]2[C@@H]3CCC4=CC(=O)C=C[C@]4(C)[C@@]3(F)[C@@H](O)C[C@@]21C,
0.7252471446990967,CCOCCOCCO,
-3.897007942199707,O=C(O)c1cc(-c2ccc(F)cc2F)ccc1O,
0.35584259033203125,NC(CO)C(=O)O,
-3.047870397567749,O=S(=O)(c1ccccc1)c1ccccc1,
-1.1876739263534546,c1ccc(C2=NCCN2)cc1,
-2.875170946121216,O=S(=O)(O)c1ccc(S(=O)(=O)O)c(Nc2nc(Nc3ccc(/C=C/c4ccc(Nc5nc(Nc6cc(S(=O)(=O)O)ccc6S(=O)(=O)O)nc(N(CCO)CCO)n5)cc4S(=O)(=O)O)c(S(=O)(=O)O)c3)nc(N(CCO)CCO)n2)c1,
-4.731156349182129,CN(CCO)c1nc(Nc2ccccc2)nc(Nc2ccc(/C=C/c3ccc(Nc4nc(Nc5ccccc5)nc(N(C)CCO)n4)cc3S(=O)(=O)O)c(S(=O)(=O)O)c2)n1,
1.6516964435577393,C#N,
-2.5176496505737305,CC(=O)Nc1ccc(S(=O)(=O)NC(C)=O)cc1,
-4.556375026702881,Nc1c2ccccc2nc2cccc([N+](=O)[O-])c12,
-4.613189697265625,c1ccc2c(c1)ccc1ccccc12,
-1.8398396968841553,O=C(O)c1ccccc1I,
-3.5244293212890625,O=c1[nH]c(-c2ccccc2)ncc1Br,
-3.654865026473999,CN(C)CC/C=C1\c2ccccc2COc2ccccc21,
-3.635200023651123,CCCCCCCBr,
-1.3169538974761963,NCC(=O)NC(Cc1ccc(O)cc1)C(=O)O,
-2.956472635269165,O=c1ncc2[nH]c(=O)[nH]c2[nH]1,
-2.74790358543396,O=C(NO)c1ccccc1N=Cc1ccccn1,
-2.212022304534912,CCCCCCCCC(=O)N(C)C,
-5.301745414733887,COc1cc([C@@H]2c3cc4c(c(O)c3C[C@H]3COC(=O)[C@@H]32)OCO4)cc(OC)c1O,
0.37453389167785645,CCC(C)(N)C(=O)O,
0.19718265533447266,NC(=O)CC[C@H](N)C(=O)O,
-3.1687614917755127,O=C(c1ccccc1)c1ccc(O)c(O)c1O,
-1.4126379489898682,CCOc1ccccc1O,
-2.746150016784668,COc1ccc(CCC#N)cc1OC,
-5.715307235717773,CC(=O)OC1CCC2C3CCC4=CC(=O)CCC4(C)C3CCC12C,
-3.8400778770446777,CCCC(=O)OC(C)(C)Cc1ccccc1,
-0.677619457244873,OCC1OC2OC3C(CO)OC(OC4C(CO)OC(OC5C(CO)OC(OC6C(CO)OC(OC7C(CO)OC(OC8C(CO)OC(OC1C(O)C2O)C(O)C8O)C(O)C7O)C(O)C6O)C(O)C5O)C(O)C4O)C(O)C3O,
-2.9013264179229736,Cc1ccc(C)c(C)c1,
-1.5359140634536743,CC(Br)CBr,
-1.17581045627594,CN[C@@H](Cc1ccc(O)cc1)C(=O)O,
-2.4750936031341553,CCCN1Cn2c(nc3ccccc3c2=O)C1C,
-4.259425640106201,C=CC(=O)OCCN(C)S(=O)(=O)C(F)(F)C(F)(F)C(F)(F)C(F)(F)F,
-8.187976837158203,c1ccc2c(c1)-c1cccc3cc4c(ccc5ccccc54)c-2c13,
-0.5002038478851318,O=C1CC(=O)NC(=O)N1,
-2.459045886993408,NC(Cc1ccc(N(CCCl)CCCl)cc1)C(=O)O,
-2.904919385910034,COc1ccc([N+](=O)[O-])cc1[N+](=O)[O-],
0.9326138496398926,CCCCO,
-5.252337455749512,Cc1c(Nc2nc(Cl)nc(Nc3cccc(S(=O)(=O)O)c3)n2)c(C)c(S(=O)(=O)O)c(C)c1Nc1cc(S(=O)(=O)O)c(N)c2c1C(=O)c1ccccc1C2=O,
-4.601945877075195,Clc1cccc2cccc(Cl)c12,
-7.076064109802246,CCCCC(CC)COC(=O)c1ccccc1C(=O)OCC(CC)CCCC,
-4.352177143096924,CC12CCC(=O)C=C1CCC1C2CCC2(C)C(C(=O)CO)CCC12,
-5.226757049560547,Cc1cc(-c2ccc(N=C=O)c(C)c2)ccc1N=C=O,
-1.0776546001434326,O=C1NC(=O)C2=C1CCCC2,
-0.8746304512023926,CN(C)Cc1cc(CN(C)C)c(O)c(CN(C)C)c1,
1.243741750717163,CC(N)=O,
-6.351589202880859,O=C(Nc1ccc2c(O)c(N=Nc3ccccc3)c(S(=O)(=O)O)cc2c1)Nc1ccc2c(O)c(N=Nc3ccccc3)c(S(=O)(=O)O)cc2c1,
-4.000974178314209,ClC1C(Cl)C(Cl)C(Cl)C(Cl)C1Cl,
1.1233575344085693,NCC(F)F,
-0.26759886741638184,NCC(=O)N[C@@H](CCC(N)=O)C(=O)O,
-9.285962104797363,Clc1cc(Cl)c(Cl)c(Oc2cc(Cl)c(Cl)cc2Cl)c1,
-3.3409931659698486,Ic1cccc(I)c1,
-1.4681572914123535,CCOc1ccc(O)cc1,
-0.9040634632110596,Cn1c(N)cc(=O)n(C)c1=O,
-3.0032060146331787,COCCCNc1nc(NC(C)C)nc(SC)n1,
-2.580589771270752,O=C(O)c1ccc(Cl)cc1Cl,
-0.9533336162567139,CS(=O)(=O)NS(=O)(=O)C1CCCCC1,
-0.922325849533081,CCCBr,
-8.425566673278809,Clc1ccc2c(c1)Oc1cc(Cl)c(Cl)c(Cl)c1O2,
0.8612253665924072,C=C(C)C=O,
0.2645909786224365,CNS#CNCO,
0.19690513610839844,CCOC(=O)N(C)N=O,
-3.6568470001220703,CC(Cc1ccc(C(C)(C)C)cc1)CN1C[C@@H](C)O[C@@H](C)C1,
-1.7684208154678345,COCCOC(=O)c1ccccc1C(=O)OCCOC,
-1.5803507566452026,CC(=O)OCc1ccccc1,
-4.718295574188232,Cc1cnc(C(=O)NCCc2ccc(S(=O)(=O)NC(=O)NC3CCCCC3)cc2)cn1,
-4.467080116271973,O=C(O)c1cc(Cl)ccc1N=Nc1ccc(O)cc1,
-1.1697272062301636,CCOC(=O)CC1(C)CCC(=O)O1,
-5.326269626617432,CC(C)C1=CC2=CCC3C(C)(C(=O)O)CCCC3(C)C2CC1,
-3.000636339187622,Cc1cc(O)c(C(C)C)cc1Cl,
-3.385791778564453,O=C1C=C2CC3(O)COc4c(ccc(O)c4O)C3=C2CC1=O,
-0.613187313079834,Nc1cccnc1N,
0.6487424373626709,C=CCOC(CO)CO,
-3.635193109512329,C=CC(C)CC/C=C(\C)CCC=O,
-1.939956784248352,O=S(=O)(O)OOS(=O)(=O)O,
-0.8420112133026123,O=C1NC(=O)C2C=CC=CC12,
-4.349169731140137,Clc1ccccc1-c1ccccc1,
-1.857651710510254,Fc1ccccc1F,
-4.178468704223633,C=C(C)C(=O)OC1CC2CCC1(C)C2(C)C,
-2.3501453399658203,CCCCCCCCCCCC(=O)OCCOCC(OCCO)C1OCC(OCCO)C1OCCO,
-1.6737449169158936,CC(=O)Nc1ccc(S(=O)(=O)CCO)cc1,
-2.482863426208496,Nc1nc(N)c2nc[nH]c2n1,
-2.3767151832580566,Nc1ccc(S(=O)(=O)Nc2nnc(S(N)(=O)=O)s2)cc1,
-2.169914960861206,CCC(C)C,
-2.077101945877075,COc1ccc(Cl)cc1,
-2.335232734680176,FC(F)(Cl)C(F)(F)Cl,
-3.284900665283203,Nc1nc2[nH]c(=O)cnc2c(=O)[nH]1,
-2.725135564804077,CCSCCSP(=S)(OC)OC,
-6.412424087524414,NC(=O)c1nc(-c2ccccc2)n(-c2ccc(Cl)c(COCC(F)(F)C(F)(F)F)c2)n1,
-0.17360544204711914,NS(=O)(=O)c1cc2c(s1)[S+]([O-])CCC2O,
-5.378073692321777,COc1ccc(CCN(C)CCCC(C#N)(c2ccc(OC)c(OC)c2)C(C)C)cc1OC,
-2.3842971324920654,C=C(Cl)C(Cl)CCl,
-7.151088714599609,CC(=O)C(N=Nc1ccc(Cl)cc1[N+](=O)[O-])C(=O)Nc1ccccc1Cl,
-1.516829490661621,O=C(c1ccccc1O)N1CCOCC1,
-1.051426649093628,NNP(=S)(NN)c1ccccc1,
-3.3066983222961426,Oc1cc(Cl)c(Cl)c(Cl)c1Cl,
-2.849693536758423,CC1(C)SC2C(NC(=O)COc3ccccc3)C(=O)N2C1C(=O)O,
-4.708987712860107,O=C(Cc1ccc(-c2ccccc2)cc1)OCCF,
-6.6005859375,CCOc1ccc(C(C)(C)COCc2cccc(Oc3ccccc3)c2)cc1,
-1.6840314865112305,CN(C)c1ccc(N=NS(=O)(=O)O)cc1,
-3.5496320724487305,CN1CCN(C2=Nc3ccccc3Oc3ccc(Cl)cc32)CC1,
-1.288986325263977,CC1=CC[C@H](C(C)(C)O)CC1,
-8.27430248260498,CCCCCCCCCCCCCCCCCCn1c(=O)c2ccc3sc4ccccc4c4ccc(c1=O)c2c34,
0.9891788959503174,C1O[C@H]1[C@H]1CO1,
-2.3486123085021973,COC(=O)N(C)C(=O)CSP(C)(=S)OC,
-3.666692018508911,CCOC(=O)n1c(-c2cscn2)nc2ccccc21,
-6.92197322845459,CCOC(F)(C(F)(F)C(F)(F)C(F)(F)F)C(F)(C(F)(F)F)C(F)(F)F,
0.36155128479003906,ClCOCCl,
-0.07590317726135254,O=C1CCCCCN1,
1.837280035018921,COC,
-0.5699412822723389,CC(O)C([N+](=O)[O-])[N+](=O)[O-],
-4.303590774536133,COC(=O)C1(O)c2ccccc2-c2ccc(Cl)cc21,
-3.2991158962249756,S=C=NCCc1ccccc1,
-2.738438367843628,CNC(=O)ON=C1C(Cl)C2CC(C#N)C1C2,
-0.560248613357544,[O-2],
-7.699502944946289,CCCCc1ccc2cc3ccc4ccccc4c3cc2c1,
0.479158878326416,CCOCCOCCOCCO,
-3.440641403198242,C#CC(C)N(C)C(=O)Nc1ccc(Cl)cc1,
-2.9907565116882324,O=C(O)c1ccccc1-c1ccccc1,
-0.4800839424133301,CC(C)(S(C)(=O)=O)S(C)(=O)=O,
-3.2768824100494385,CC12CCC(=O)C=C1CCC1C2C2CC3(C(O)O2)C(C(=O)CO)CCC13,
-3.4210429191589355,O=c1ccc2cc3ccoc3c(O)c2o1,
-1.981783151626587,CC(=O)Oc1ccccc1C(=O)OCC(=O)N(C)C,
-2.780775785446167,CN=C(NC)N1Cc2cccc3cccc(c23)C1,
0.7609124183654785,O=C(CO)CO,
-5.804708957672119,CCCCCCCOCC(COCCCCCCC)(COCCCCCCC)COCCCCCCC,
-6.0175886154174805,N=NN=NC1=CCc2c(cccc2S(=O)(=O)Oc2ccc(C(=O)c3ccc(O)c(O)c3O)cc2)C1=O,
-4.181004047393799,COc1ccc2c(c1)N(C[C@H](C)CN(C)C)c1ccccc1S2,
0.07069253921508789,CC=CCC#N,
-5.632957458496094,Clc1ccc(Oc2ccccc2)c(Cl)c1,
-2.605027437210083,COc1ccc2c3c1OC1C(O)C=CC4C(C2)N(C)CCC341,
-0.3434624671936035,COC1CCCC1,
-0.4411332607269287,CC(=O)OCC(C)OC(C)=O,
-4.336395740509033,Clc1cccc(-c2ccccc2)c1,
0.5871365070343018,CC1CNCC(C)O1,
-3.860034942626953,CCC(C)C(C)(C)C,
-3.8169188499450684,CC12CCC3C4CCC(=O)C=C4CCC3C1CCC2O,
-7.03764009475708,Clc1ccc(-c2c(Cl)cccc2Cl)c(Cl)c1,
-6.120444297790527,Clc1ccc(-c2ccc(Cl)cc2Cl)cc1,
-6.010095596313477,O=S(=O)(O)c1cc(S(=O)(=O)O)c2cc(NS(=O)(=O)c3cccc(N=Nc4ccc(N=Nc5c(O)ccc6ccccc56)cc4)c3)ccc2c1,
-0.8723411560058594,O=S(=O)(O)C[C@@H](O)CNc1ccccc1,
-7.940574645996094,Clc1ccc(-c2c(Cl)c(Cl)cc(Cl)c2Cl)cc1,
-2.648831844329834,CCCCCCCCCCSC(=N)N,
-0.1720893383026123,O=C[C@H](O)[C@H]1OC(=O)[C@@H](O)[C@H]1O,
-0.4880714416503906,CCCCOC(=O)C(C)O,
-4.276779651641846,CC(=O)Oc1ccc(NC(=O)c2ccccc2)cc1,
-2.438718795776367,CN/C(=C/[N+](=O)[O-])NCCSCc1ccc(CN(C)C)o1,
0.3690624237060547,O=C1NCCN1,
0.6782286167144775,CC(O)COC(C)CO,
-5.348022937774658,CCNc1cc(C#N)c(N)c2c1C(=O)c1ccccc1C2=O,
-2.9320151805877686,COc1c(Cl)ccc(Cl)c1C(=O)O,
-1.0919702053070068,N#CC(Cl)(Cl)Cl,
-4.549136638641357,CCCCC(CC)COC(=O)c1ccccc1,
-1.9114136695861816,c1ccc2scnc2c1,
-7.815614700317383,Cc1cc(C(C)(C)C)c(OP2OCC3(CO2)COP(Oc2c(C(C)(C)C)cc(C)cc2C(C)(C)C)OC3)c(C(C)(C)C)c1,
-8.09019947052002,CCCCCCCCCCCCCCOC(=O)CCCCCCCCCCCCC,
-1.3459552526474,FC(F)(F)CCl,
-4.685476303100586,Cc1c(NC(=O)Nc2ccccc2)c(=O)n(-c2ccccc2)n1C,
-3.4735419750213623,CCCCN(CCCC)C(=O)COC(=O)c1ccccc1,
-4.4285807609558105,CC(=O)C1(O)CCC2C3CCC4=CC(=O)CCC4(C)C3CCC21C,
-3.8158297538757324,Brc1cccc2ccccc12,
-1.0359675884246826,CCCCCCOC(N)=O,
-7.104497909545898,COCCCN1C(=O)c2ccc3c(=O)n4c5ccc(C)cc5nc4c4ccc(c2c34)C1=O,
-1.6674094200134277,CC(C)=CCC/C(C)=C/CO,
-3.66520357131958,CC(O)COc1ccc(C(C)(C)c2ccc(OCC(C)O)cc2)cc1,
-5.4228291511535645,C#CC1(O)CCC2C3CCc4cc(OC)ccc4C3CCC21C,
-4.753519058227539,C=C(Br)C(=O)Nc1ccc(Nc2cc(S(=O)(=O)O)c(N)c3c2C(=O)c2ccccc2C3=O)c(S(=O)(=O)O)c1,
-2.738666296005249,Cc1cc(OC(=O)N(C)C)n(-c2ccccc2)n1,
-7.0655927658081055,CC(C)c1cc(Oc2ccccc2)cc(C(C)C)c1NC(=S)NC(C)(C)C,
1.188424825668335,NCCOCCN,
-1.5469704866409302,Cc1nc2c([nH]1)c(=O)n(C)c(=O)n2C,
-2.580157995223999,Nc1ccc(Cc2ccc(N)cc2)cc1,
-7.795263290405273,O=C(OOC(=O)c1ccc(Cl)cc1Cl)c1ccc(Cl)cc1Cl,
-4.856504440307617,CCC(C)C(N)C(=O)OCCCCOC(=O)C(C)c1ccc2cc(OC)ccc2c1,
-2.412356376647949,O=C1NC(=S)NC(=O)C12CCCCC2,
-3.3022854328155518,O=[N+]([O-])c1cc(Cl)cc(Cl)c1,
-4.229475021362305,Cc1ccc(C(=O)N(O)c2ccc(Cl)cc2)cc1,
-3.914803981781006,CCCCCCCC/C=C\CCCCCCCCNCCCN,
-0.9457144737243652,CCCCOCCOCCOCOCCOCCOCCCC,
-5.838489532470703,CCCCCCOC(=O)c1ccccc1C(=O)OCCCCCC,
-2.406503677368164,CC(Oc1ccc(Cl)cc1)C(=O)O,
-9.436779975891113,Clc1cc2oc3c(Cl)c(Cl)c(Cl)c(Cl)c3c2cc1Cl,
-4.989033222198486,CCCCC(CC)COP(=O)(Oc1ccccc1)Oc1ccccc1,
-1.1813455820083618,CCN(CC)C(=O)/C(Cl)=C(\C)OP(=O)(OC)OC,
-2.272982597351074,CCN(CC)CCOC(=O)c1ccc(NC(C)=O)cc1,
2.0512888431549072,C1CO1,
-2.564883232116699,Cc1ccccc1Br,
-2.5661873817443848,c1ccc2c(c1)[nH]c1cnccc12,
-1.2633532285690308,Nc1ccccc1C(=O)O,
-3.787083148956299,Cc1cc(Nc2cc(S(=O)(=O)O)c(N)c3c2C(=O)c2ccccc2C3=O)cc(S(=O)(=O)NCCO)c1C,
-3.813190221786499,O=P(OC(CCl)CCl)(OC(CCl)CCl)OC(CCl)CCl,
-0.22030949592590332,O=C(O)CC(CC(=O)O)C(=O)O,
0.9438927173614502,C1OCOCO1,
-1.783856987953186,CCCCCCCCN(C)C,
-1.254779577255249,O=C(OCCO)c1ccccc1O,
-0.3643062114715576,C[C@H](N)c1ccccc1,
-2.1922078132629395,CCCC(C)C1(CC)C(=O)NC(=O)NC1=O,
-5.111687660217285,CC(C)CCC(C)Nc1ccc(Nc2ccccc2)cc1,
-0.9671082496643066,CC(C)CN(C=O)CC(C)C,
-2.397127628326416,O=CC1CCC2C3CCC(C3)C12,
-5.058809280395508,CC12C=CCC1C1CCC3CC(=O)CCC3(C)C1CC2,
-2.1755919456481934,CCC1(CCC(C)C)C(=O)NC(=O)NC1=O,
-0.8936431407928467,CCOC(=O)CCC(=O)OCC,
-1.5318924188613892,OCNC(=S)c1ccccc1,
-2.3740158081054688,C=CC(C)(O)CC/C=C(\C)CC,
-1.0193119049072266,O=C(O)c1ccsc1,
-3.570937156677246,CCC(=O)/C=C/C1C(C)=CCCC1(C)C,
-7.41485595703125,CC1=Nn2c(nc3ccccc3c2=O)/C1=N/Nc1ccc(Cl)cc1[N+](=O)[O-],
-7.886409759521484,Clc1ccccc1-c1c(Cl)c(Cl)cc(Cl)c1Cl,
1.2208278179168701,NCC(O)CO,
-0.9348604679107666,NC(=O)c1ccccc1,
-5.575242042541504,O=c1oc2ccccc2c(O)c1Cc1c(O)c2ccccc2oc1=O,
0.2281045913696289,C=COCCCCO,
-7.212946891784668,c1ccc2c3c(ccc2c1)Nc1ccc2ccccc2c1S3,
-5.681672096252441,O=C(Nc1ccccc1)Nc1ccccc1NS(=O)(=O)c1ccccc1,
-3.0505552291870117,CN(C)C1C(=O)C(C(N)=O)C(=O)C2(O)C(=O)C3C(=O)c4c(O)ccc(Cl)c4C(O)C3CC12,
-2.6194164752960205,Nc1ccc(S(=O)(=O)c2ccc(NCCO)cc2)cc1,
-4.6591596603393555,CCCC(C)C(=O)Nc1ccc(C)c(Cl)c1,
-1.8030903339385986,CC(=O)NC(COC(=O)c1ccccc1)C(=O)O,
-1.0651744604110718,O=CC(=O)c1ccccc1,
-2.9475574493408203,CCCC(C)C1(CC)C(=O)NC(=S)NC1=O,
-4.855380535125732,CC1(C)CCCC2(C)C1CCC1(C)OCCC12,
-6.736600875854492,CC(C)(C)c1ccc(S(=O)(=O)Nc2ccc3cc(S(=O)(=O)c4cc5c(c(S(=O)(=O)O)c4N)Oc4c(Cl)c6c(c(Cl)c4=N5)Oc4c(ccc(N)c4S(=O)(=O)O)N=6)ccc3c2)cc1,
-0.23244285583496094,O=C(O)C1CCNCC1C(=O)O,
-3.232156276702881,COc1ccc2cc(C(C)C(=O)OC(C)OC(=O)CN)ccc2c1,
1.1181786060333252,NCCNCCNCCN,
-2.7248940467834473,CCCCCCCCNC(=O)c1cccnc1,
-1.249340295791626,O=CC(=O)Cc1ccccc1,
-7.943443298339844,Clc1cc(-c2cccc(Cl)c2Cl)cc(Cl)c1Cl,
-1.2060480117797852,Nc1ccn(C2CC(F)C(CO)O2)c(=O)n1,
-0.318676233291626,CCCC(O)CC,
-3.2998108863830566,COc1c([N+](=O)[O-])cc([N+](=O)[O-])cc1[N+](=O)[O-],
-3.4514026641845703,O=[N+]([O-])c1cccc2ccccc12,
-0.3694314956665039,NNC(N)=S,
-1.5592167377471924,Nc1ccc(C(=O)O)c(O)c1,
-0.9150466918945312,CC(C)(C)NCC(O)c1ccc(O)c(CO)c1,
-0.3037993907928467,CCCCCOC=O,
-5.022418975830078,CC(C)OC(=O)C(O)(c1ccc(Cl)cc1)c1cccc(Cl)c1,
-2.8393383026123047,CCCCC(CC)COC(C)=O,
-2.449035167694092,O=C(O)c1ccc(P(=O)(O)c2ccccc2)cc1,
-1.4985084533691406,C=C(C)Cn1c(N)cc(=O)n(C)c1=O,
-3.6568470001220703,CC(Cc1ccc(C(C)(C)C)cc1)CN1CC(C)OC(C)C1,
-7.67494010925293,CCCCCCCCCc1cccc(Nc2cccc(CCCCCCCCC)c2)c1,
-2.623976230621338,COC(=O)c1cc(C(=O)O)cc([N+](=O)[O-])c1,
-1.4540138244628906,CC(=O)CCCCCl,
-3.0031683444976807,CC(=O)Nc1ccc(Cl)cc1C,
0.569258451461792,OCCOCCOCCOCCO,
-1.9415111541748047,CCC(Cl)(Cl)Cl,
-0.6574788093566895,c1cncc([C@@H]2CCCCN2)c1,
-3.7822468280792236,COc1ccc(/C=C/C(=O)OCCC(C)C)cc1,
-2.048546552658081,CCCCCCO[N+](=O)[O-],
-8.008875846862793,Clc1ccc(-c2cc(Cl)cc(Cl)c2Cl)c(Cl)c1,
-6.689842700958252,C=C(C)C(=O)OCCC(F)(F)C(F)(F)C(F)(F)C(F)(F)C(F)(F)C(F)(F)F,
-2.703335762023926,C=CCCC=C,
-3.4741694927215576,Cc1cccc(C)c1NC(=O)c1cc(S(N)(=O)=O)c(Cl)cc1O,
-3.485731363296509,C[C@]12C[C@H](O)[C@H]3[C@@H](CCC4=CC(=O)CC[C@@]43C)[C@@H]1CC[C@@H]2C(=O)CO,
-2.293243646621704,COc1ccc(O)c([N+](=O)[O-])c1,
-0.44979238510131836,ON=C1CCCCC1,
-1.5180293321609497,CN(C)C(=O)n1cc(F)c(=O)[nH]c1=O,
-3.069688081741333,Cn1nnnc1SCC1=C(C(=O)O)N2C(=O)C(NC(=O)C(O)c3ccccc3)C2SC1,
-9.391072273254395,Clc1cc(Cl)c(-c2c(Cl)c(Cl)cc(Cl)c2Cl)cc1Cl,
-0.45992350578308105,O=C(O)C(F)(F)C(F)F,
-3.211043357849121,Cc1cnc(NS(=O)(=O)c2ccc(N)cc2)nc1C,
-2.9923901557922363,CC1=C(C(=O)Nc2ccccc2)SCCO1,
-2.918922185897827,O=C(O)CNc1c([N+](=O)[O-])cc([N+](=O)[O-])cc1[N+](=O)[O-],
-8.199553489685059,Cc1cc(C(C)(C)C)c(O)c(C)c1Cn1c(=O)n(Cc2c(C)cc(C(C)(C)C)c(O)c2C)c(=O)n(Cc2c(C)cc(C(C)(C)C)c(O)c2C)c1=O,
-5.135155200958252,O=S1(=O)OCC2C(CO1)C1(Cl)C(Cl)=C(Cl)C2(Cl)C1(Cl)Cl,
-2.5654773712158203,CN1C(=O)CCC(N2C(=O)c3ccccc3C2=O)C1=O,
0.16391682624816895,NCc1ccncc1,
-7.034108638763428,Clc1ccc(-c2ccc(Cl)c(Cl)c2Cl)cc1,
-5.469330787658691,CC(=O)c1cc2c(cc1C)C(C)(C)C(C)CC2(C)C,
-3.3622374534606934,NS(=O)(=O)c1cc(C2(O)NC(=O)c3ccccc32)ccc1Cl,
-1.7785966396331787,CCCC(=O)OCCOCCOCCOC(=O)CCC,
-3.79850435256958,O=C1OCCC1N(C(=O)C1CC1)c1cccc(Cl)c1,
-0.3478262424468994,CCC(C)(C)NC(N)=O,
0.3217661380767822,CO[P+](=O)OC,
-7.716815948486328,C#CC1(OC(=O)c2ccc(-c3ccccc3)cc2)CCC2C3CCC4=CC(=O)CCC4C3CCC21C,
1.7327325344085693,CNC,
-2.646728992462158,NS(=O)(=O)c1cc2cc(CNCc3ccccn3)sc2o1,
-7.092303276062012,CCCCCCCC/C=C\CCCCCCCC(=O)NC(CO)C(O)CCCCCCCCCCCCCCC,
0.5235497951507568,CN(C)P(=O)(F)N(C)C,
0.32851243019104004,O=CC(O)C(O)C(O)C(O)C(O)CO,
-5.875174522399902,CC(=O)CC(c1ccc(Cl)cc1)c1c(O)c2ccccc2oc1=O,
-4.372109889984131,CCOP(=S)(OCC)SCn1nnc2ccccc2c1=O,
-0.771902322769165,O=C(O)[C@H](O)c1ccccc1,
-6.032175064086914,CCOC(=O)C1=C(C)NC(C)=C(C(=O)OC)C1c1cccc(Cl)c1Cl,
-0.9222016334533691,CCSCCSP(=O)(OC)OC,
0.7032217979431152,CCOP(=O)(OC)OC,
-6.967618942260742,O=[N+]([O-])c1ccc(Oc2c(Cl)cc(Cl)cc2Cl)cc1,
-1.48771333694458,NS(=O)(=O)c1cc2c(s1)C(O)CCS2(=O)=O,
-4.110134601593018,CCN1c2ncccc2C(=S)N(C)c2cccnc21,
-6.944726943969727,Clc1ccc(C(c2ccccc2Cl)C(Cl)(Cl)Cl)cc1,
-1.6772434711456299,CCc1ccc(C(=O)O)cc1,
0.23974370956420898,NCCN1CCNC1=O,
-1.3719404935836792,OCC(O)C(O)C(O)C=NN(c1ccccc1)c1ccccc1,
-6.571903228759766,C#CC1(OC(=O)C(C)(C)C)CCC2C3CCC4=CC(=O)CCC4C3CCC21C,
-2.5562491416931152,CC1=CCCCC1,
-1.1339091062545776,O=c1n(CC2CO2)c(=O)n(CC2CO2)c(=O)n1CC1CO1,
-2.0897536277770996,CC(C(=O)N(C)C)S(=O)(=O)c1ccccc1,
-2.1599535942077637,CC(C)CC(=O)CC(C)C,
-0.5460479259490967,CSSC,
-1.0046157836914062,O=C(O)[C@H]1CC[C@H](C(=O)O)SS1,
-3.6642351150512695,c1ccc(Oc2ccccc2)cc1,
1.4517977237701416,CNCCO,
-4.465530872344971,CCC(=O)OCN1C(=O)NC(c2ccccc2)(c2ccccc2)C1=O,
-2.049337863922119,O=c1oc2ccc(Cl)cc2n1CO,
-1.8507157564163208,CCC(CC)(C(=O)NC(N)=O)C(=O)OC(C)C,
-2.581186294555664,O=c1[nH]c2ccccc2c(=O)o1,
-7.139457702636719,CC1(C)[C@H](C=C(Cl)Cl)[C@H]1C(=O)OCc1c(F)c(F)cc(F)c1F,
-1.7251007556915283,O=[N+]([O-])c1ccccc1,
-3.122352361679077,CCCOP(=O)(OCCC)Oc1ccc(SC)cc1,
-4.172236442565918,C#CC(C)(O)CCCC(C)CCCC(C)C,
-1.672436237335205,O=[N+]([O-])c1cc(CCO)ccc1O,
-1.5505788326263428,CN(C)C(=O)c1ccc(C(=O)N(C)C)cc1,
-4.429843902587891,CC1CCC(C(C)C)CC1,
-5.743068218231201,CCOP(=S)(OCC)SC(CCl)N1C(=O)c2ccccc2C1=O,
-3.3426923751831055,CC(=O)OCC1=C(C(=O)O)N2C(=O)C(NC(=O)Cc3cccs3)C2SC1,
1.1558215618133545,OCCOCCO,
-5.635799407958984,O=C(OC1CCCCC1)c1ccccc1C(=O)OC1CCCCC1,
-3.258573055267334,CC(C)Cc1nnc(NS(=O)(=O)c2ccc(N)cc2)s1,
-3.4377150535583496,CC(NC(=O)Cc1ccccc1)c1ccccc1,
-0.16275620460510254,CCOCCOCCOC(C)=O,
-2.8029937744140625,Cc1cc(Cl)ccc1OC(C)C(=O)O,
-1.5559594631195068,CN(C)C(=O)c1cccc(C(=O)N(C)C)c1,
-3.9643828868865967,CCN1c2cc(N(C)C)cc(C)c2NC(=O)c2cccnc21,
-1.5516263246536255,CCOC(=O)C(CC)(CC)C(=O)NC(N)=O,
-3.943984031677246,O=C(O)C1=CC(=NNc2ccccc2[N+](=O)[O-])C=CC1=O,
0.12936997413635254,CCC1(CO)COCOC1,
-0.30408620834350586,Cc1cc(C)c[n+]([O-])c1,
-5.032088279724121,N#CC(CCc1ccc(Cl)cc1)(Cn1cncn1)c1ccccc1,
-5.546535491943359,O=C(OCCOc1ccc(Cl)cc1Cl)c1ccccc1,
-7.349448204040527,Cc1cc(Cl)c(Cl)c(Cl)c1Cc1ccc(Cl)cc1,
-1.9528019428253174,CNC(=O)Oc1ccc(N(C)C)c(C)c1,
-3.5611789226531982,CCc1nnc(NS(=O)(=O)c2ccc(NC(C)=O)cc2)s1,
-1.9567956924438477,CSc1nnc(C(C)(C)C)c(=O)n1N,
-2.098827362060547,CC1OC(=O)c2cc(N)ccc21,
-1.8788617849349976,CCCC1(CCC)C(=O)NC(=O)NC1=O,
-1.8977354764938354,Nc1cccc2ccccc12,
-3.1302685737609863,CNC(=O)OCc1ccc(Cl)c(Cl)c1,
0.821627140045166,OCCCBr,
-6.650127410888672,Clc1cccc(Oc2ccc(Cl)c(Cl)c2)c1,
-2.5979795455932617,O=C(O)c1ccc(Br)c([N+](=O)[O-])c1,
-1.3688205480575562,COc1cccc(OC)c1O,
-3.6500298976898193,CCCCCCCCOC(=O)c1cc(O)c(O)c(O)c1,
0.27958059310913086,CCOP(=O)(C#N)N(C)C,
-1.8453463315963745,CNC(=O)O/N=C/C1(C)SCC(C)S1,
-5.621551513671875,CCOc1nc(F)cc2nc(S(=O)(=O)Nc3c(Cl)cccc3C(=O)OC)nn12,
-2.303706645965576,CCCC(=O)OCCC(C)C,
-3.876067876815796,CC(CN(C)C)CN1c2ccccc2CCc2ccccc21,
-1.3056882619857788,CCOC(=O)CCCC(=O)OCC,
-6.322884559631348,O=C1c2ccccc2C2=Nc3cccc4cccc(c34)N12,
-5.749130725860596,COc1cc(O)c(CC=C(C)C)c2c1C(=O)CC(c1ccc(O)cc1)O2,
-2.1298580169677734,O=c1[nH]cnc2nc[nH]c12,
-1.376545786857605,CCC1(CC)C(=O)NCC(C)C1=O,
-3.0934672355651855,C/C=C/C(=O)C1C(C)=CCCC1(C)C,
-1.5889341831207275,CC1(C)SCC(COC(N)=O)S1,
-5.128842830657959,CN(c1ccccc1)S(=O)(=O)C1=CC(=O)C2=C(NNc3ccc(NC(=O)CCl)cc3S(=O)(=O)O)C(=N)C=CC2=C1,
-4.117993354797363,CC(=O)CCC1C(=O)N(c2ccccc2)N(c2ccccc2)C1=O,
-6.5685014724731445,ClC1=C(Cl)C2(Cl)C3C(Cl)C=CC3C1(Cl)C2(Cl)Cl,
0.5489716529846191,CN(C)C(=N)N,
-4.819242000579834,O=C(O)c1cc(/N=N/c2ccc(S(=O)(=O)Nc3ccccn3)cc2)ccc1O,
-1.2126895189285278,N/C(N=O)=C(\N)NO,
-1.8334383964538574,CCCC(=O)OCn1cnc2c1c(=O)n(C)c(=O)n2C,
-4.780550479888916,COc1ccc(-c2cc(=O)c3c(O)cc(O)cc3o2)cc1O,
0.7623727321624756,C[N+](C)(C)CC(O)CCl,
-6.047493934631348,CC(C)(C)c1ccc(OP(=O)(Oc2ccccc2)Oc2ccccc2)cc1,
-3.3348307609558105,CC=CCCCC,
-1.5348055362701416,NC1CCC(CC2CCC(N)CC2)CC1,
-5.548625469207764,CCCCCCCCOCCCCCCCC,
-6.787506580352783,Cc1cccc2ccc3cc4ccccc4cc3c12,
-2.1265931129455566,CCCC(=O)OCn1ncc2c(=O)[nH]cnc21,
-7.182241439819336,c1ccc2c3c(ccc2c1)Sc1ccc2ccccc2c1N3,
-8.672642707824707,c1ccc2c(c1)-c1nc3nc(nc4[nH]c(nc5[nH]c(nc-2n1)c1ccccc51)c1ccccc41)-c1ccccc1-3,
-4.0930891036987305,CCN(CC)C(=O)/C(C#N)=C\c1cc(OC(=O)NC(C)(C)C)c(O)c([N+](=O)[O-])c1,
-2.0409061908721924,CC(=O)Nc1ccc(F)cc1,
-2.917509078979492,Clc1ccc(Br)cc1,
-1.8731451034545898,CC(CC(=O)Nc1ccccc1)C(=O)O,
-0.9969418048858643,NNC(=O)c1nccs1,
-1.667557716369629,CC(C)CBr,
-3.3247013092041016,CCCCCCOC(=O)c1ccc(O)cc1,
-3.245272397994995,C=CCC1(C(C)CCC)C(=O)NC(=S)NC1=O,
-3.0289628505706787,CN1CC2CC1CN2c1cc2c(cc1F)c(=O)c(C(=O)O)cn2C1CC1,
-6.513991832733154,CCCCCCC(=O)OCC(COC(=O)CCCCCC)OC(=O)CCCCCC,
-2.094244956970215,O=C(c1ccccc1)C(F)(F)F,
-5.370691299438477,CCCCCCCCCCCCC(O)CCC,
-4.08937931060791,CCN(CC)c1ccc(N=Nc2ccccc2)cc1,
-3.0229337215423584,S=C=NCc1ccccc1,
-3.3096249103546143,Nc1nc2ncc(=O)[nH]c2c(=O)[nH]1,
-3.7410383224487305,CC(C)(C)NSc1nc2ccccc2s1,
-2.1883256435394287,COc1ccc(CN(CCN(C)C)c2ncccn2)cc1,
-4.843426704406738,S=C=Nc1ccc2ccccc2c1,
-2.3244481086730957,COC1=C(C(=O)O)N2C(=O)C(NC(=O)C(N)C3=CCC=CC3)C2SC1,
-1.5394303798675537,CC(O)C(O)c1cnc2nc(N)[nH]c(=O)c2n1,
-6.0990190505981445,Clc1ccc(-c2ccccc2Cl)cc1Cl,
-4.188187122344971,Nc1ccc(S(=O)(=O)Nc2ccn(Cc3ccccc3)c(=O)n2)cc1,
-1.678306221961975,NNC(=O)c1ccc2c(c1)OCO2,
-3.339946746826172,O=C(C(=O)c1ccccc1)c1ccccc1,
-0.07571196556091309,O=C1CCC(C(=O)O)N1,
-3.770451068878174,Clc1cccc(Cl)c1Cl,
-7.499567031860352,Cc1cc(Cc2cc(C)cc(C3(C)CCCCC3)c2O)c(O)c(C2(C)CCCCC2)c1,
-1.7919223308563232,Cc1cc(C)c(N)cc1C,
-3.33970308303833,CC(CC(C)(C)C)CP(=O)(O)CC(C)CC(C)(C)C,
-2.4709243774414062,O=C(Nc1ccccc1)C(O)(O)C(=O)Nc1ccccc1,
-0.5210416316986084,O=C(O)C1=CCCCC1,
-3.3592159748077393,CCN(CC)C(=O)COC(=O)c1cn(CC)c2nc(C)ccc2c1=O,
-6.657903671264648,Clc1cc(Oc2ccccc2)cc(Cl)c1Cl,
-1.999537467956543,CCOC(=O)CN(C)C(=O)COC(=O)c1ccccc1,
-0.29431748390197754,O=C1OC(C(O)CO)C(=O)C1O,
-1.8276375532150269,O=C1c2ccccc2C(=O)C1S(=O)(=O)O,
-0.83713698387146,CC(CN1CC(=O)NC(=O)C1)N1CC(=O)NC(=O)C1,
-1.2382965087890625,CC1=CC(C)C(CO)C(C)C1,
-2.8440487384796143,O=C(O)c1cn(C2CC2)c2cc(N3CCNCC3)c(F)cc2c1=O,
-1.5382750034332275,CC(NC(=O)c1ccccc1)C(=O)O,
-8.54338550567627,Clc1cc(Cl)c(Oc2cccc(Cl)c2Cl)cc1Cl,
-2.0044069290161133,CCC(C)c1ccccc1O,
-1.8233603239059448,CCc1cc(C)cc(O)c1,
-3.740473747253418,CC(C)CC(=O)Oc1ccc([N+](=O)[O-])cc1,
-3.266356945037842,Nc1cccc(Nc2ccccc2C(=O)O)c1,
-1.2704663276672363,Cc1ccc(N)c(C)c1,
-8.015002250671387,Clc1ccc(-c2cc(Cl)c(Cl)cc2Cl)c(Cl)c1,
-7.32758903503418,CCCC1CCC(c2ccc(-c3ccc(CC)cc3)cc2)CC1,
-2.8408825397491455,Cc1cc(O)c(Cl)c(C)c1Cl,
-4.822493076324463,CS(=O)(=O)N(SC(Cl)(Cl)C(F)(Cl)Cl)c1ccccc1,
0.15692448616027832,NNC(=O)C(O)C(O)C(O)C(O)CO,
-0.9993460178375244,NC(=O)OCC(Cl)(Cl)Cl,
-3.023988962173462,ClCc1ccccc1Cl,
-1.8544303178787231,C=CC(=O)OC(C)COCC(C)OC(=O)C=C,
-3.3515777587890625,FC(F)(F)c1ccc(Cl)cc1,
-3.1349823474884033,CC12CCC(=O)C=C1CCC1C2C(=O)CC2(C)C1CCC2(O)C(=O)CO,
-1.7681454420089722,CCOCCOC(=O)CCCCC(=O)OCCOCC,
-7.728060722351074,c1ccc2c(c1)ccc1cc3c(ccc4ccccc43)cc12,
-7.663631439208984,c1ccc2c(c1)ccc1c2ccc2c3ccccc3ccc21,
-1.041863203048706,CC(C)CO[N+](=O)[O-],
-2.217308521270752,CCCC[N+](C)(CCCC)CCCC,
-6.566845893859863,CCN(CCC#N)c1ccc(N=Nc2ccc([N+](=O)[O-])cc2Cl)cc1,
-1.7521227598190308,CC(=O)OCC1OC(OC(C)=O)C(OC(C)=O)C(OC(C)=O)C1OC(C)=O,
-4.019613742828369,COc1cc(OC)cc(C(=O)N(O)c2cccc(C)c2)c1,
-0.01737213134765625,CCCCC=O,
-0.8170583248138428,C=C(C)C(=O)C(=CC(=O)O)OC,
-1.045771598815918,NS(=O)(=O)c1ccc(NO)cc1,
-6.245724678039551,O=C(CBr)Nc1ccc(Cl)cc1C(=O)c1ccccc1F,
-2.1068999767303467,O=C(O)COc1ccccc1Cl,
0.0939030647277832,OCc1cccnc1,
0.5406882762908936,ClCC1CO1,
-0.8270087242126465,Cc1c(O)cccc1O,
-6.664345741271973,Clc1ccc(Oc2ccccc2Cl)cc1Cl,
-0.7681362628936768,CCCCCCOCCOCCO,
-6.5599212646484375,O=C(CBr)Nc1ccc(Cl)cc1C(=O)c1ccccc1Cl,
-1.533839464187622,C=CCOC(=O)OCCOCCOC(=O)OCC=C,
0.3777446746826172,CC(C)C(C)O,
-1.4890097379684448,ClC(Br)CBr,
-7.598675727844238,CCCCCCCCCCCCCCC(C)c1cc(C)cc(C)c1O,
-0.07069921493530273,CC(C)COC(N)=O,
-1.4866985082626343,O=P(O)(O)c1cccc2ccccc12,
-1.8424032926559448,FC(Cl)(Cl)CCl,
-8.363703727722168,Cc1cc([N+](=O)[O-])ccc1N/N=C1\C(=O)C(C(=O)Nc2ccccc2C)=Cc2ccccc21,
-0.6911678314208984,N#Cc1cccnc1,
0.15258121490478516,NC1C(O)C(O)C(O)C(O)C1O,
-4.996668338775635,O=C(O)Cn1ccc2cc3c(Nc4cccc(Br)c4)ncnc3cc21,
0.790184736251831,CCC(CO)(CO)CO,
-9.792097091674805,Clc1cc(-c2c(Cl)cc(Cl)c(Cl)c2Cl)c(Cl)c(Cl)c1Cl,
-0.18230271339416504,O=C(Cl)C(=O)Cl,
-1.9796375036239624,O=c1[nH]c2cncnc2[nH]1,
-1.2319416999816895,O=C(O)COc1ccccc1,
-6.245352745056152,CCCCCCCC(=O)Oc1c(Br)cc(C#N)cc1Br,
-4.645688056945801,CC(C)CCC(C)Nc1ccc(NC(C)CCC(C)C)cc1,
-0.24249577522277832,Cc1cc(C)[nH]n1,
-1.2223544120788574,Nc1ncnc2c1ncn2C1OC(CO)C(O)C1O,
-2.6052403450012207,CCC(=O)Oc1ccc(NC(C)=O)cc1,
-1.1736990213394165,CNC(=O)O/N=C/C(C)(C)SC,
-2.3888003826141357,OC(Cn1ccnc1)c1ccc(Cl)cc1Cl,
-2.2674546241760254,O=C1CN(/N=C/c2ccc([N+](=O)[O-])o2)C(=O)N1CO,
-3.2208454608917236,CCCC(=O)OCSc1ncnc2c1ncn2COC(=O)CCC,
-3.1470069885253906,CCCC[N+](CCCC)(CCCC)CCCC,
-7.209478378295898,CCCCCCCCCCCCCCCCCCCCCCCCCCCCCCCCCCCC,
-4.7466325759887695,C[C@]12CC[C@H]3C(=CCc4cc(O)ccc43)[C@@H]1CCC2=O,
-4.062137603759766,c1ccc(-c2cnc(-c3ccccc3)o2)cc1,
0.23798274993896484,Cc1ccco1,
-0.15631484985351562,O=C1OC(CO)C(O)C(O)C1O,
-3.6796185970306396,C#CC(C)OC(=O)Nc1cccc(Cl)c1,
-1.6350265741348267,O=C(O)c1cccc(C(=O)O)c1,
-0.6226706504821777,N#CNC(N)=S,
-2.8707852363586426,O=C(O)CC(C(=O)O)(c1ccccc1)c1ccccc1,
-5.5536041259765625,CCONC(=O)c1cn(C)c(=O)c(F)c1Nc1ccc(Br)cc1F,
-0.9802525043487549,O=C(O)CNC(=O)c1ccco1,
-2.896231174468994,CCCC(CCC)(C(=O)NO)c1ccccc1,
0.434650182723999,Cc1ccn[nH]1,
-1.9440045356750488,CCCC(=O)n1c(=O)[nH]cc(F)c1=O,
2.3811323642730713,CCN,
-0.17893481254577637,O=C1C=CC(=O)C=C1,
-6.793697357177734,CC(C)CCCCCOC(=O)CCCCC(=O)OCCCCCC(C)C,
-3.658411979675293,COCCCCC(=O)c1ccc(C(F)(F)F)cc1,
-5.952531337738037,CCN(CC)c1ccc([C+](c2ccccc2)c2ccc(N(CC)CC)cc2)cc1,
-0.24054789543151855,CCOP(=O)(OCC)SC[S+]([O-])CC,
-7.349242210388184,c1ccc2c3c(ccc2c1)-c1cccc2cccc-3c12,
-1.545610785484314,CC(=O)n1cc(F)c(=O)[nH]c1=O,
-5.6847124099731445,Cc1ccc(N/N=C2\C(=O)C=Cc3ccccc32)c(C)c1,
-1.857210636138916,CC(C)c1nc([N+](=O)[O-])c[nH]1,
-2.062277317047119,COc1ccccc1Cl,
-6.543240547180176,CCOP(=S)(OCC)Oc1cc(Cl)c(Cl)c(SC)c1,
-2.0759336948394775,C1=CCC=CC1,
-2.9149386882781982,CCN(CC[N+](C)(C)C)c1ccc(N=Nc2ccc([N+](=O)[O-])cc2Cl)cc1,
-7.698270797729492,Clc1ccc(Oc2ccc(Cl)c(Cl)c2)c(Cl)c1,
-2.439093828201294,COc1ccc(CC2NC(=O)N(C(C)C(=O)O)C2=O)cc1,
0.6289329528808594,C=C(C)C(=O)O,
-3.2849152088165283,CC(C)(C)OC(=O)c1cccc([N+](=O)[O-])c1C(=O)O,
-3.019063711166382,Brc1cccc(Br)c1,
-1.1587951183319092,Nc1ncnc2c1ncn2[C@@H]1O[C@H](COP(=O)(O)OP(=O)(O)OP(=O)(O)O)[C@@H](O)[C@H]1O,
-1.8118876218795776,ON=C1CCCCCCCCC1=NO,
-5.893343925476074,O=[N+]([O-])c1ccc(O/N=C/c2cc(Br)c(O)c(Br)c2)c([N+](=O)[O-])c1,
-2.979238510131836,COc1ccc(-c2cc(=O)c3c(O)cc(O[C@@H]4O[C@H](CO[C@@H]5O[C@@H](C)[C@H](O)[C@@H](O)[C@H]5O)[C@@H](O)[C@H](O)[C@H]4O)cc3o2)cc1O,
-4.971879959106445,Brc1ccc2c(c1)Sc1ccccc1N2,
-6.546664237976074,COc1cc(NC(=O)c2cc3ccccc3cc2O)c(OC)cc1Cl,
-0.49887990951538086,CC1C(=O)NC(=O)NC1=O,
-1.3492096662521362,CNc1ccccc1C(=O)O,
-5.797179222106934,COc1cc(OC)n2nc(S(=O)(=O)Nc3c(Cl)ccc(C)c3Cl)nc2n1,
-1.5046665668487549,CCC1(C(C)C)C(=O)NC(=O)NC1=O,
-2.9553322792053223,CC1=C(C(=O)Nc2ccccc2)S(=O)(=O)CCO1,
-1.2670674324035645,CC1=CCC(C)C(C)C1=O,
-2.3604278564453125,CC(=O)Nc1nc2c(ncn2COCCOC(C)=O)c(=O)[nH]1,
0.9808242321014404,C=CC(=O)O,
-3.866807699203491,O=c1[nH]c(=O)[nH]c(=O)[nH]1,
-0.5532419681549072,CCC(=O)OC(C)C,
-2.873739242553711,Nc1nc(=O)[nH]c2[nH]cnc12,
0.4811701774597168,COCCC(=O)OC,
-2.8504228591918945,CC(C)(C)NCC(O)COc1ccccc1C1CCCC1,
-2.694300889968872,COc1ccc2cc(C(C)C(=O)OCCN3CCNCC3)ccc2c1,
-3.345076084136963,O=C1CCCCCN1C(=O)NCCCCCCNC(=O)N1CCCCCC1=O,
-2.0616984367370605,Cc1ccc2c(c1)OCC(=O)CO2,
0.5813446044921875,NCCCCCCN,
-5.264382362365723,CC12CCC(=O)C=C1CCC1C2CCC2(C)C(OC=O)CCC12,
-2.8974051475524902,O=c1[nH]c2cc(Cl)ccc2o1,
-1.4301000833511353,CC(=O)C(=O)c1ccccc1,
-2.011467933654785,CN=C(NCC1CCOC1)N[N+](=O)[O-],
-3.3377556800842285,CCCNC(=O)NS(=O)(=O)c1ccc(Cl)cc1,
-1.3193225860595703,CC1(C(=O)O)CCC(C(=O)O)C1(C)C,
-5.1833415031433105,CCOP(=O)(Cc1ccc(-c2nc3ccccc3s2)cc1)N1CCCC1=O,
-4.488802909851074,CCN1c2cc(Cl)ccc2NC(=O)c2cccnc21,
-5.3738908767700195,O=[N+]([O-])c1ccc(Oc2ccc(C(F)(F)F)cc2[N+](=O)[O-])cc1,
-1.3335554599761963,O=C(O)CC1(CC(=O)O)CCCCC1,
-1.4829901456832886,CC(Br)CCl,
-2.032888889312744,CC(=O)OCCOCn1cnc2c(=O)[nH]c(N)nc21,
-8.635577201843262,O=C(N=NNc1cc(Cl)c(-c2ccc(-c3cc(Cl)c(NN=NC(=O)c4cc5ccccc5cc4O)cc3Cl)cc2)cc1Cl)c1cc2ccccc2cc1O,
-8.509076118469238,O=C(c1ccc(Oc2ccccc2)cc1)c1ccc(C(=O)c2ccc(Oc3ccccc3)cc2)cc1,
-3.050957202911377,O=C(c1ccccc1)C1CCCCC1,
-6.433337211608887,CCCCCCCCCCCCCC(=O)OC(C)C,
-2.593543767929077,Nc1cc([N+](=O)[O-])ccc1I,
-3.6781883239746094,COc1cc([N+](=O)[O-])c2c(c1OC)C(=O)OC2,
-7.126961708068848,CCCCC(CC)COC(=O)C(C#N)=C(c1ccccc1)c1ccccc1,
-8.7938232421875,Brc1ccc(-c2ccc(Br)c(Br)c2Br)c(Br)c1Br,
-5.292233467102051,C=C(Br)C(=O)Nc1ccc(N=Nc2c(N)ccc3cc(S(=O)(=O)O)ccc23)c(S(=O)(=O)c2ccc(C)c(S(=O)(=O)O)c2)c1,
-2.916811227798462,CCC1=C(C2(CC)C(=O)NC(=O)NC2=O)CCCC1,
-1.0799058675765991,C=CC(=O)OCC1(CC)COCOC1,
-0.47550344467163086,NC(=O)NCCCCCC(=O)O,
-6.79628849029541,CCCCCCCCCCOC(=O)C(CC)CCCC,
0.02061772346496582,CC/C=C\C#N,
-6.6038007736206055,CC/C=C/CCCCCCCCCCCCCCOCC,
-3.907470464706421,Cc1ccc2cc(C)ccc2c1,
-2.114748477935791,C=C1CCOC(C=C(C)C)C1,
-1.9097791910171509,CC(=O)N(C)C(=O)COC(=O)c1ccccc1,
-6.9208574295043945,CC12CCC(=O)C=C1CCC1C2CCC2(C)C(OC(=O)c3ccccc3)CCC12,
-3.482560873031616,O=C1OC(c2ccc(Br)cc2)C(Br)C1=O,
-4.489779472351074,CCOc1ccccc1OS(=O)(=O)NC(=O)Nc1nc(OC)cc(OC)n1,
1.0278723239898682,C[S+](C)[O-],
0.4833502769470215,COC(=O)COCO,
-5.4193243980407715,O=C1c2ccccc2C(=O)C1c1ccc2ccccc2n1,
-4.319308757781982,Cn1cc(C(N)=O)c(Nc2ccc(Br)cc2F)c(F)c1=O,
0.025027751922607422,Cc1ccncc1,
0.23259639739990234,CCCCOC=O,
-2.3055074214935303,CCCCNC(=O)NS(=O)(=O)c1ccc(N)cc1,
-3.912137746810913,c1ccc(Cc2ccccc2)cc1,
-2.20424222946167,CCOC(=O)CCCCCC(=O)OCC,
-4.223145484924316,Clc1ccc(C2(Cn3cncn3)CC(Br)CO2)c(Cl)c1,
-5.759373664855957,CC(=O)OCC(=O)[C@H]1CC[C@H]2[C@@H]3CCC4=CC(=O)CC[C@]4(C)[C@H]3CC[C@]12C,
-0.5084202289581299,CC1(C#N)CCCC1=O,
-2.684497833251953,CNC(=O)Oc1cccc2c1OC(C)(C)C2,
-2.5239040851593018,CCOC(=O)[C@H](CCc1ccccc1)N[C@@H](C)C(=O)N1CCC[C@H]1C(=O)O,
-0.7392082214355469,Cc1ccc(NO)cc1,
-5.337307929992676,O=[N+]([O-])c1cc(S(=O)(=O)Nc2ccccc2)ccc1Nc1ccccc1,
-1.729561686515808,C=CS(=O)(=O)Nc1ccccc1,
-2.419342279434204,O=C1Nc2ccccc2C(=O)N2CCCC12,
-0.39425039291381836,CC(=O)NC(CCC(=O)O)C(=O)O,
0.593641996383667,C/C=C/C#N,
-4.7676191329956055,O=[N+]([O-])c1ccc(Nc2ccccc2)c([N+](=O)[O-])c1,
-7.574357986450195,CC(C)CCCCCCCCCCCCCCCOC(=O)CC(O)C(=O)OCCCCCCCCCCCCCCCC(C)C,
-6.259018898010254,CN(C)c1ccc(C(O)(c2ccc(N(C)C)cc2)c2ccc(Nc3ccccc3)c3ccccc23)cc1,
-4.076923370361328,CC(C)OC(=O)C1(S(=O)(=O)c2ccc(Cl)cc2)CC1,
-0.018950939178466797,N#CCCCC#N,
-1.0401489734649658,O=C(O)C(Cl)=C(Br)Br,
-5.423645973205566,COP(=S)(OC)Oc1c(Cl)cc(C)cc1Cl,
-8.590655326843262,Clc1cc(Cl)c(Oc2ccc(Cl)c(Cl)c2)c(Cl)c1,
-1.5838044881820679,CCCCC(CC)C(=O)O,
1.282012701034546,NCCNCCO,
-2.452636957168579,O=C1c2ccccc2C(=O)c2c(NCCCOCCOCCO)ccc(NCCCOCCOCCO)c21,
-1.151265263557434,c1ccc(Cn2ccnc2)cc1,
-6.616935729980469,CCCOc1ccc2c(c1)C(c1ccc(OC)cc1OCC(=O)O)C(C(=O)O)C2c1ccc2c(c1)OCO2,
-0.17471718788146973,CN1C2CCC1C(C(=O)O)C(O)C2,
-6.128853797912598,CCOc1cccc2c1C(=O)c1c(NC3CCCCC3)ccc(Nc3ccccc3S(=O)(=O)O)c1C2=O,
-1.8596608638763428,Nc1cccc(C(F)(F)F)c1,
-5.816502571105957,C=C(C)C1Cc2c(ccc3c2OC2COc4cc(OC)c(OC)cc4C2C3=O)O1,
-3.9704065322875977,O=C(O)c1ccccc1Nc1cccc([N+](=O)[O-])c1,
-2.4330644607543945,Cc1ccc2c(c1)C=CS2(=O)=O,
-4.276993274688721,CCN(CC)C(C)CN1c2ccccc2Sc2ccccc21,
-1.6832867860794067,CCCCS,
-1.9992691278457642,CCCC(Br)(CCC)C(N)=O,
-0.25820016860961914,CCCOP(=O)(OC)OCCC,
-1.069635272026062,CC(=O)O[C@@H]1[C@H]2OC(C)(C)O[C@H]2O[C@@H]1[C@H]1COC(C)(C)O1,
-1.3298684358596802,Nc1cccc(C(=O)O)c1,
-4.609726428985596,CNc1cccc2c1C(=O)c1ccccc1C2=O,
-0.13788771629333496,N#CC1CCCC1=O,
0.892308235168457,CN(C)N=O,
-1.2678488492965698,CC(C)(O)C(=O)c1ccccc1,
-4.808582305908203,CC(C)CCCCCCCOC(=O)CC(C(=O)OCCCCCCCC(C)C)S(=O)(=O)O,
-2.6285688877105713,NC(=O)c1cc(Cl)cc(Cl)c1N,
-7.354804039001465,CC1(C)[C@H](C(=O)OCc2cccc(Oc3ccccc3)c2)[C@@H]1C=C(Cl)Cl,
-3.1340227127075195,CC(=O)Oc1ccccc1C(=O)OCC(=O)N(C(C)C)C(C)C,
-7.129935264587402,Cc1c2ccccc2c(C)c2c1ccc1ccccc12,
-1.4864020347595215,CCCCCC(O)CC,
-1.8995639085769653,COC(=O)c1ccc(C(=O)OC)cc1,
-2.368851900100708,O=C(O)C1CN2CCC1CC2C(O)c1ccnc2ccccc12,
-8.045485496520996,CCCCCCCCCCCCCCCCCC(=O)OCCCCCCCC,
-2.6730332374572754,Cc1ccc([N+](=O)[O-])c([N+](=O)[O-])c1,
-1.7336931228637695,O=C(O)c1cc(O)c(O)c(O)c1,
-5.799121856689453,C=C1CC/C=C(\C)CC[C@@H]2[C@@H]1CC2(C)C,
-7.354279518127441,Clc1cc(Cl)c2c(c1Cl)Oc1ccccc1O2,
-0.26433444023132324,CC(C)(CO)[N+](=O)[O-],
-3.982834815979004,Nc1c(S(=O)(=O)O)cc(NC2CCCCC2)c2c1C(=O)c1ccccc1C2=O,
-0.6113588809967041,O=C(O)C1CCCCC1,
-2.7669482231140137,O=C(O)C(c1ccccc1)c1ccccc1,
-1.5569417476654053,CC1(C)[C@H]2CC=C(CCO)[C@@H]1C2,
-5.613927841186523,CC(Oc1ccc(Oc2ncc(Cl)cc2Cl)cc1)C(=O)N1CCCO1,
-4.412474632263184,C#CC1(O)CCC2C3CCC4=CC(=O)CCC4C3CCC21C,
-1.520719289779663,NS(=O)(=O)c1ccc(Cl)s1,
-3.998072624206543,COc1ccc(C2Sc3ccccc3N(CCN(C)C)C(=O)C2OC(C)=O)cc1,
-2.7207190990448,Nc1c(I)c(C(=O)O)c(I)c(C(=O)O)c1I,
-2.0499703884124756,CC(=O)C(=Cc1ccccc1)CC(=O)O,
-2.4402103424072266,Cc1cc(Cl)cc(Cl)c1O,
-1.9820133447647095,CC(C)=CCC[C@@H](C)CCO,
-7.431859970092773,CCCCC(CC)C(=O)OCC(COCC(COC(=O)CCCCCC(C)C)(COC(=O)C(CC)CCCC)COC(=O)C(CC)CCCC)(COC(=O)CCCCCC(C)C)COC(=O)CCCCCC(C)C,
-0.6826815605163574,COc1ccc(NCC(O)CO)cc1,
-4.448024749755859,CC(=O)Oc1ccc(NC(=O)Nc2ccccc2)cc1,
-2.1647157669067383,Cc1cccc([N+](=O)[O-])c1,
-2.8811802864074707,COc1ccc2[nH]cc(CCNC(C)=O)c2c1,
-6.348932266235352,CCCCCCCCN(CCCCCCCC)CCCCCCCC,
-3.4182910919189453,CC(C)(c1ccccc1)c1ccc(O)cc1,
-0.624875545501709,Cc1ccncc1C,
-6.692615509033203,Cc1cccc(Cc2ccccc2)c1Cc1ccccc1,
-2.3337173461914062,CCCN(CCC)S(=O)(=O)c1ccc(C(=O)O)cc1,
-2.87272572517395,COc1ccc2[nH]c([S+]([O-])Cc3ncc(C)c(OC)c3C)nc2c1,
-2.1126151084899902,Cc1cc(Cl)ccc1N=CN(C)C,
-3.4587409496307373,CC(=O)O[C@@H]1C[C@H](C)CC[C@H]1C(C)C,
-5.965928077697754,CC(Oc1ccc(Oc2cnc3cc(Cl)ccc3n2)cc1)C(=O)OCC1CCCO1,
-3.1205084323883057,CC(=O)O[C@@H]1C[C@@H]2CC[C@@]1(C)C2(C)C,
-1.75144362449646,CCCCCOC(=O)CC,
-3.813955545425415,CCCCCCCOC(=O)c1ccc(N)cc1,
-3.370770215988159,Clc1cccc(C(Cl)(Cl)Cl)n1,
-2.438718795776367,CN/C(=C\[N+](=O)[O-])NCCSCc1ccc(CN(C)C)o1,
-3.478809356689453,OCCC(F)(F)C(F)(F)C(F)(F)C(F)(F)C(F)(F)C(F)(F)F,
-1.429068922996521,CC(=O)Nc1ncc2ncn(COCCO)c2n1,
0.21342730522155762,CCN(N=O)C(N)=O,
-3.7174901962280273,CCC(CC)CC1(C(=O)O)CCCCC1,
-5.276773452758789,CCCCC(=O)N(Cc1ccc(-c2ccccc2-c2nnn[nH]2)cc1)C(C(=O)O)C(C)C,
-4.186793804168701,Cc1noc(C)c1N=C1CC(=O)C(=O)c2ccccc21,
-6.403510093688965,Clc1c(Cl)c(Cl)c(Cl)c(Cl)c1Cl,
-4.868966102600098,C[C@H](CCC(=O)O)[C@H]1CC[C@H]2[C@@H]3[C@@H](O)C[C@@H]4C[C@H](O)CC[C@]4(C)[C@H]3CC[C@]12C,
-3.662020683288574,CN(C)CCCN1c2ccccc2Sc2ccccc21,
-1.8553074598312378,CCC(C(=O)O)C(C(=O)O)c1ccccc1,
-1.6891297101974487,Cc1nc(N(C)C)nc(OC(=O)N(C)C)c1C,
-0.8226048946380615,C=CCOC(=O)C(C)OC(=O)C(C)O,
-4.151584148406982,CCOC(=O)CCN(SN(C)C(=O)Oc1cccc2c1OC(C)(C)C2)C(C)C,
-3.5314488410949707,Cc1cc(N)ccc1S(=O)(=O)Nc1ccccc1[N+](=O)[O-],
0.11950016021728516,O=C(CS)OCC(O)CO,
-5.858899116516113,CCC(C)(C)C(=O)OC1CC(C)C=C2C=CC(C)C(CCC3CC(O)CC(=O)O3)C21,
-2.4672257900238037,N#CC1(N2CCCCC2)CCN(Cc2ccccc2)CC1,
-2.52461576461792,CSc1cc(SC)c(N)c(C)c1N,
-4.928023338317871,Nc1ccc2c(c1)C=C(S(=O)(=O)O)/C(=N\Nc1ccc3c(c1)C=C(S(=O)(=O)O)/C(=N/Nc1ccccc1)C3=O)C2=O,
-2.0478973388671875,C=CCCCCCCCCC(=O)N(CCO)CCO,
-2.2131004333496094,COc1ccc(Cl)c(OC)c1O,
-1.3723301887512207,CCOC(=O)CC(O)(CC(=O)OCC)C(=O)OCC,
-2.6952176094055176,COc1ccc2cc(C(C)C(=O)OCC(O)CO)ccc2c1,
-7.696837425231934,Clc1ccc(Oc2cc(Cl)c(Cl)cc2Cl)cc1,
-4.225295543670654,CC(C)CCCCCOC(=O)CCS,
-2.7327234745025635,Oc1c(Cl)cc(Cl)cc1Cl,
-1.2607457637786865,CC(=O)OCC(S)CS,
1.159315824508667,O=CC1CO1,
-0.4767012596130371,O=C(O)CN(CCN(CC(=O)O)CC(=O)O)CCN(CC(=O)O)CC(=O)O,
-2.367988109588623,CC(C)CCBr,
-8.744866371154785,Clc1cc(-c2ccc(Cl)c(Cl)c2Cl)cc(Cl)c1Cl,
-8.537817001342773,Clc1ccc(Oc2ccc(Cl)c(Cl)c2Cl)c(Cl)c1,
-5.166019439697266,CCC(C)C1NC(=O)C(Cc2c[nH]c3ccccc23)NC(=O)C2CCCN2C(=O)C(Cc2c[nH]cn2)NC(=O)C2CCCCN2C(=O)C2CCCCN2C1=O,
1.2831175327301025,CC(O)CCO,
-1.8730674982070923,O=C(O)c1cc(=O)cc(C(=O)O)o1,
-3.972719669342041,ICC1CCC(CI)CC1,
-3.0378026962280273,Oc1ccccc1Oc1ccccc1,
-1.0280776023864746,NC(=O)c1ccc[n+](C2OC(COP(=O)([O-])OP(=O)(O)OCC3OC(n4cnc5c(N)ncnc54)C(O)C3O)C(O)C2O)c1,
-0.3662421703338623,CC1CCC(O)CC1,
-1.633973479270935,CNC(=O)Oc1ccccc1C1OCCO1,
-3.2647945880889893,CC1N(c2cc3c(cc2F)c(=O)c(C(=O)O)cn3C2CC2)CC1(C)N,
-2.344877243041992,OC(=S)CCCCCCCCC(O)=S,
-3.021066188812256,CCCCCCC(C/C=C\CCCCCCCC(=O)O)OS(=O)(=O)O,
-1.5346380472183228,COC(=O)c1ccccc1O,
-1.7863603830337524,CC(C)C1(C(C)C)C(=O)NC(=O)NC1=O,
-1.1640106439590454,CC1CCC2(CCC(C)O2)O1,
-0.3643062114715576,CC(N)c1ccccc1,
-8.521541595458984,O=C(Nc1ccc(NC(=O)C2=Cc3ccccc3/C(=N\Nc3cc(Cl)ccc3Cl)C2=O)c(Cl)c1)C1=Cc2ccccc2/C(=N\Nc2cc(Cl)ccc2Cl)C1=O,
-2.682534694671631,Cc1cc(Oc2cc(C)cc(S(=O)(=O)O)c2)cc(S(=O)(=O)O)c1,
-0.052893877029418945,CCN1CC(=O)N=C1N,
-1.2874644994735718,CCSC(=S)NC(CC(=O)O)C(=O)O,
-2.848175048828125,CCCCC/C=C/CCC=O,
-2.155059814453125,CC1(C)NC(=O)N(Cc2ccccc2)C1=O,
-7.683291435241699,FC1(F)C(F)(F)C(F)(F)C2(F)C(F)(F)C(F)(F)C(F)(F)C(F)(F)C2(F)C1(F)F,
-0.7064635753631592,CC(=O)NC(CC(C)C)C(=O)O,
0.5799570083618164,CCN(CC)N=O,
-0.7908840179443359,ClC(Cl)Br,
-7.8831634521484375,CCCCCCCCCOC(=O)c1ccc(C(=O)OCCCCCCCCC)c(C(=O)OCCCCCCCCC)c1,
-3.2623300552368164,CC(C)CCCCCC(=O)NCCCCCC(=O)O,
-0.46723127365112305,CC(CCN)CC(C)(C)CN,
-2.3799245357513428,COc1ccccc1[N+](=O)[O-],
-1.978936791419983,Oc1c(Cl)cccc1Cl,
-6.9613938331604,O=C(Nc1ccc(Cc2ccc(NC(=O)NC3CCCCC3)cc2)cc1)NC1CCCCC1,
-0.9679460525512695,OCc1nc2ncncc2[nH]1,
-0.6813619136810303,Cc1cncc(C)c1,
-0.8220596313476562,Oc1cccc(O)c1O,
-1.0214006900787354,COc1cccc(OCC(O)CO)c1OC,
-4.667314529418945,CCCCCCC(O)CCCCCCCCCCCO,
-2.03804349899292,ClC/C=C\CCl,
-1.9552239179611206,Oc1cccc2c(O)cccc12,
-7.287470817565918,Cn1c(-c2ccccc2)c(C=CC2=[N+](C)c3ccccc3C2(C)C)c2ccccc21,
-2.0890846252441406,O=c1n(Cl)c(=O)n(Cl)c(=O)n1Cl,
-1.5298906564712524,[O-][S+](Cc1ccccc1)Cc1ccccc1,
-0.547741174697876,Oc1ccc(O)cc1,
-2.467738151550293,CC(C)CC(C)OC(=O)CC(C(=O)OC(C)CC(C)C)S(=O)(=O)O,
-4.770949840545654,Cc1cc(Nc2nc(NCCO)nc(Nc3ccc(N=Nc4cc(S(=O)(=O)O)c5cccc(S(=O)(=O)O)c5c4)c(C)c3)n2)ccc1N=Nc1cc(S(=O)(=O)O)c2cccc(S(=O)(=O)O)c2c1,
-7.077935218811035,Clc1ccc(-c2c(Cl)cc(Cl)cc2Cl)cc1,
0.5996267795562744,CCC1OCCO1,
-3.3763203620910645,Nc1cnn(-c2ccccc2)c(=O)c1Br,
-7.903453826904297,CC1(C)C(C=C(Cl)Cl)C1C(=O)OC(C#N)c1ccc(F)c(Oc2ccccc2)c1,
-3.5194358825683594,COc1ccc2cc(C(C)C(=O)OCC(=O)N(C)C)ccc2c1,
-0.49787330627441406,NCCC(O)C(=O)NC1CC(N)C(OC2OC(CN)C(O)C(O)C2O)C(O)C1OC1OC(CO)C(O)C(N)C1O,
-0.787926197052002,CCCCOCC(C)OCC(C)O,
-4.531796932220459,Cc1ccc(NC(=O)NC(C)(C)c2ccccc2)cc1,
-3.108872890472412,CCCCCCc1ccc(C(=O)O)cc1,
-3.745065689086914,Cc1ccc2c(c1)Oc1ncc(N)cc1C(=O)N2C,
-3.2737317085266113,Nc1ccc(S(=O)(=O)c2ccc(N)cc2)cc1,
-0.4703350067138672,CNc1ccccc1,
-2.5079712867736816,Fc1ccc(I)cc1,
-1.682668685913086,CCC(CC)COC(C)=O,
-2.5267932415008545,CCCCCS[S+]([O-])CCCCC,
-1.1288000345230103,O=C(NC(CO)C(=O)O)c1ccccc1,
-1.4049216508865356,Oc1cncc2cccnc12,
-9.302807807922363,Clc1ccc(-c2c(Cl)c(Cl)cc(Cl)c2Cl)c(Cl)c1Cl,
0.556988000869751,CC(N)C(O)C(=O)O,
0.35639500617980957,CC1=CCCN1C,
-1.4186477661132812,FC(F)C(F)(F)F,
-1.5580295324325562,O=Cc1ccc2c(c1)OCO2,
-7.332036972045898,N#Cc1ccc(C=Cc2ccc(C=Cc3cccc(C#N)c3)cc2)cc1,
-1.310344934463501,CNC(=O)O/N=C(\C)C(C)S(C)(=O)=O,
-2.4741530418395996,CC(C)=CCC/C(C)=C/COC=O,
-1.6647340059280396,O=c1ccn(CCO)c(C(O)c2ccccc2)c1O,
-4.707536220550537,S=C=Nc1cccc(N=C=S)c1,
-0.32059335708618164,CCS(=O)(=O)NS(=O)(=O)CC,
-1.4944416284561157,NS(=O)(=O)c1cc2c(s1)CC(O)CS2(=O)=O,
0.6246612071990967,C=C,
1.186877965927124,COC(C)OC,
-0.5868713855743408,CCOC(=O)N1CCN(CN2CCN(C(=O)OCC)CC2)CC1,
-8.584660530090332,CC(=O)C(N=Nc1ccc(-c2ccc(N=NC(C(C)=O)C(=O)Nc3ccccc3)c(Cl)c2)cc1Cl)C(=O)Nc1ccccc1,
-2.352738380432129,CC(C)CC(C)(O)C#CC(C)(O)CC(C)C,
0.03399085998535156,CN(CC(=O)O)C(=N)N,
-4.990451335906982,CC(C)OC(=O)C(O)(c1ccc(Br)cc1)c1ccc(Br)cc1,
-0.22176218032836914,O=C(O)CC(Br)C(=O)O,
0.035749197006225586,NC(=O)NCCC(=O)O,
-4.4905805587768555,CCN(CC)CCCNc1nc(Nc2ccc(N=Nc3c(S(=O)(=O)O)cc4cc(S(=O)(=O)O)cc(Nc5nc(NCC(C)N)nc(NCC(C)N)n5)c4c3O)cc2)nc(Nc2ccc(N=Nc3c(S(=O)(=O)O)cc4cc(S(=O)(=O)O)cc(Nc5nc(NCC(C)N)nc(NCC(C)N)n5)c4c3O)cc2)n1,
-0.2897014617919922,O=C(O)CN(CC(=O)O)CC(=O)O,
-2.584057092666626,Nc1cc(Cl)cc(C(=O)O)c1Cl,
-0.522740364074707,O=c1nccc[nH]1,
-2.474884271621704,Cc1ccc(C(C)(C)C)c(O)c1,
-2.334824323654175,COC(=O)c1c(C)cc(O)c(C)c1O,
-2.5163004398345947,Nc1nc(=O)[nH]c2nccnc12,
-0.6963517665863037,Cc1ccc(CO)cc1,
-0.07256817817687988,O=C1CCCCC1,
-0.6371517181396484,COC(C)C(C)Cl,
0.0206301212310791,CC(C)(CO)[C@@H](O)C(=O)NCCCO,
-5.398001670837402,C[C@]12CCC(=O)C=C1CC[C@@H]1[C@@H]2CC[C@@]2(C)[C@H]1CC[C@@]21CCC(=O)O1,
-2.202820301055908,NC(=S)NS(=O)(=O)c1ccc(N)cc1,
-1.6705139875411987,C=C(C)C(=O)OCCOCCOCCOC(=O)C(=C)C,
-4.155179977416992,C#CCCCCCCC,
-1.192093849182129,CC(=O)Nc1ccc(OP(=O)(O)O)cc1,
-0.8576376438140869,C=COCC(F)(F)F,
-2.4995334148406982,c1ccc(CNc2ncnc3[nH]cnc23)cc1,
